DataRate=200.000000
DataType=Quaternion
version=3
OpenSimVersion=4.4-2022-07-23-0e9fedc
endheader
time	calcn_l_imu	pelvis_imu	calcn_r_imu	femur_r_imu	femur_l_imu
0	0.2365,0.28307,0.67242,0.64171	0.067676,0.010525,-0.74177,-0.66715	0.18213,0.16458,0.69672,0.67404	0.055212,-0.045948,-0.68117,-0.7286	0.0197,0.002569,-0.4474,0.89412
1	0.23581,0.28283,0.67209,0.64241	0.062234,0.0078445,-0.74372,-0.66554	0.17887,0.15478,0.70225,0.67148	0.055212,-0.045948,-0.68117,-0.7286	0.0197,0.002569,-0.4474,0.89412
2	0.23587,0.28422,0.6715,0.64239	0.056206,0.003247,-0.74627,-0.66326	0.17266,0.15001,0.70214,0.6743	0.055212,-0.045948,-0.68117,-0.7286	0.0197,0.002569,-0.4474,0.89412
3	0.23647,0.28655,0.67083,0.64184	0.054171,0.0011723,-0.74744,-0.66211	0.16794,0.15038,0.6977,0.67999	0.055212,-0.045948,-0.68117,-0.7286	0.0197,0.002569,-0.4474,0.89412
4	0.23585,0.28748,0.67054,0.64196	0.052958,-0.0003839,-0.74812,-0.66144	0.16565,0.15,0.69687,0.68149	0.055212,-0.045948,-0.68117,-0.7286	0.0197,0.002569,-0.4474,0.89412
5	0.2352,0.28941,0.67021,0.64167	0.048694,-0.0075217,-0.74924,-0.66046	0.16363,0.15005,0.69513,0.68374	0.055212,-0.045948,-0.68117,-0.7286	0.0197,0.002569,-0.4474,0.89412
6	0.23453,0.29059,0.66974,0.64188	0.045807,-0.012075,-0.74902,-0.66086	0.16247,0.15069,0.69341,0.68563	0.055212,-0.045948,-0.68117,-0.7286	0.0197,0.002569,-0.4474,0.89412
7	0.23308,0.29088,0.66971,0.6423	0.042732,-0.016741,-0.74761,-0.66255	0.16025,0.15009,0.6911,0.6886	0.055212,-0.045948,-0.68117,-0.7286	0.0197,0.002569,-0.4474,0.89412
8	0.23213,0.29073,0.66981,0.64261	0.039317,-0.021444,-0.74672,-0.66363	0.15817,0.14852,0.68961,0.69092	0.055212,-0.045948,-0.68117,-0.7286	0.0197,0.002569,-0.4474,0.89412
9	0.23187,0.29022,0.66997,0.64277	0.037743,-0.023289,-0.74583,-0.66465	0.15638,0.1471,0.68859,0.69264	0.055212,-0.045948,-0.68117,-0.7286	0.0197,0.002569,-0.4474,0.89412
10	0.2314,0.28762,0.67098,0.64305	0.036867,-0.024474,-0.74496,-0.66564	0.15557,0.14519,0.68584,0.69595	0.055212,-0.045948,-0.68117,-0.7286	0.0197,0.002569,-0.4474,0.89412
11	0.23121,0.28542,0.6718,0.64324	0.036891,-0.024896,-0.74313,-0.66766	0.15579,0.14452,0.68405,0.6978	0.055212,-0.045948,-0.68117,-0.7286	0.0197,0.002569,-0.4474,0.89412
12	0.23098,0.28332,0.67286,0.64314	0.036729,-0.027666,-0.73888,-0.67227	0.15574,0.14329,0.68147,0.70058	0.055212,-0.045948,-0.68117,-0.7286	0.0197,0.002569,-0.4474,0.89412
13	0.23146,0.27731,0.67677,0.64149	0.038528,-0.026269,-0.73608,-0.67528	0.15649,0.13888,0.67563,0.70693	0.055212,-0.045948,-0.68117,-0.7286	0.0197,0.002569,-0.4474,0.89412
14	0.23369,0.27159,0.67851,0.64129	0.041057,-0.022918,-0.73426,-0.67723	0.15766,0.12802,0.66992,0.71412	0.055212,-0.045948,-0.68117,-0.7286	0.0197,0.002569,-0.4474,0.89412
15	0.23899,0.2577,0.68157,0.64182	0.043286,-0.016537,-0.73379,-0.6778	0.163,0.12224,0.66191,0.72136	0.055212,-0.045948,-0.68117,-0.7286	0.0197,0.002569,-0.4474,0.89412
16	0.24064,0.25388,0.68223,0.64203	0.042435,-0.0084442,-0.73418,-0.67757	0.16623,0.115,0.65582,0.72736	0.055212,-0.045948,-0.68117,-0.7286	0.0197,0.002569,-0.4474,0.89412
17	0.24421,0.24447,0.68411,0.64233	0.038322,-0.00072462,-0.73633,-0.67553	0.1693,0.10874,0.65267,0.73044	0.055212,-0.045948,-0.68117,-0.7286	0.0197,0.002569,-0.4474,0.89412
18	0.24494,0.24189,0.68469,0.64241	0.034187,0.0033992,-0.73857,-0.6733	0.16979,0.10682,0.65202,0.73118	0.055212,-0.045948,-0.68117,-0.7286	0.0197,0.002569,-0.4474,0.89412
19	0.24684,0.23246,0.68656,0.64317	0.025849,0.016274,-0.74244,-0.66922	0.17366,0.097823,0.64748,0.73555	0.055212,-0.045948,-0.68117,-0.7286	0.0197,0.002569,-0.4474,0.89412
20	0.24756,0.22585,0.68665,0.64515	0.0201,0.021029,-0.74354,-0.66806	0.17823,0.096783,0.64183,0.73954	0.055212,-0.045948,-0.68117,-0.7286	0.0197,0.002569,-0.4474,0.89412
21	0.24842,0.22246,0.68601,0.64668	0.018413,0.02454,-0.74407,-0.6674	0.18047,0.096521,0.6403,0.74036	0.055212,-0.045948,-0.68117,-0.7286	0.0197,0.002569,-0.4474,0.89412
22	0.25375,0.2249,0.68462,0.64523	0.020288,0.028291,-0.74424,-0.66701	0.18361,0.098249,0.63794,0.74139	0.055212,-0.045948,-0.68117,-0.7286	0.0197,0.002569,-0.4474,0.89412
23	0.25268,0.22475,0.68999,0.63997	0.023215,0.030705,-0.74295,-0.66824	0.18571,0.10267,0.62969,0.74731	0.055212,-0.045948,-0.68117,-0.7286	0.0197,0.002569,-0.4474,0.89412
24	0.24689,0.23534,0.71961,0.60483	0.02627,0.031308,-0.74194,-0.66922	0.18575,0.10945,0.61793,0.7561	0.055212,-0.045948,-0.68117,-0.7286	0.0197,0.002569,-0.4474,0.89412
25	0.21911,0.2281,0.76332,0.5633	0.027748,0.027239,-0.74136,-0.66998	0.18721,0.11593,0.60625,0.76418	0.055212,-0.045948,-0.68117,-0.7286	0.0197,0.002569,-0.4474,0.89412
26	0.17845,0.21207,0.79666,0.53714	0.027273,0.026075,-0.74363,-0.66753	0.18645,0.12287,0.59677,0.77071	0.055212,-0.045948,-0.68117,-0.7286	0.0197,0.002569,-0.4474,0.89412
27	0.16804,0.20923,0.79787,0.5398	0.026214,0.026,-0.74445,-0.66666	0.18246,0.13821,0.57979,0.78195	0.055212,-0.045948,-0.68117,-0.7286	0.0197,0.002569,-0.4474,0.89412
28	0.18993,0.24156,0.7773,0.54898	0.027141,0.040726,-0.75336,-0.65579	0.17058,0.15852,0.55341,0.79969	0.055212,-0.045948,-0.68117,-0.7286	0.0197,0.002569,-0.4474,0.89412
29	0.19187,0.28486,0.73256,0.5877	0.021752,0.045047,-0.74654,-0.66346	0.13883,0.17181,0.49822,0.83845	0.055212,-0.045948,-0.68117,-0.7286	0.0197,0.002569,-0.4474,0.89412
30	0.18481,0.30061,0.71352,0.60528	0.025362,0.028133,-0.74486,-0.66615	0.12668,0.16819,0.45741,0.86397	0.055212,-0.045948,-0.68117,-0.7286	0.0197,0.002569,-0.4474,0.89412
31	0.17643,0.30348,0.70557,0.61558	0.038474,0.021632,-0.74181,-0.66916	0.13194,0.16729,0.45076,0.86684	0.055212,-0.045948,-0.68117,-0.7286	0.0197,0.002569,-0.4474,0.89412
32	0.1702,0.30136,0.69598,0.62915	0.057746,0.014467,-0.74052,-0.66939	0.13159,0.14172,0.49606,0.84648	0.055212,-0.045948,-0.68117,-0.7286	0.0197,0.002569,-0.4474,0.89412
33	0.16261,0.28841,0.67903,0.65521	0.065638,0.0055675,-0.73812,-0.67145	0.13681,0.11563,0.61862,0.76499	0.055212,-0.045948,-0.68117,-0.7286	0.0197,0.002569,-0.4474,0.89412
34	0.16147,0.28281,0.66744,0.66968	0.066017,-0.00041907,-0.73656,-0.67314	0.13856,0.10359,0.66385,0.72758	0.055212,-0.045948,-0.68117,-0.7286	0.0197,0.002569,-0.4474,0.89412
35	0.15936,0.26852,0.63434,0.70719	0.06271,-0.0035419,-0.73597,-0.67409	0.15069,0.092223,0.74268,0.64592	0.055212,-0.045948,-0.68117,-0.7286	0.0197,0.002569,-0.4474,0.89412
36	0.15442,0.25473,0.60247,0.74047	0.063236,-0.0038588,-0.73731,-0.67258	0.17624,0.091877,0.80455,0.55964	0.055212,-0.045948,-0.68117,-0.7286	0.0197,0.002569,-0.4474,0.89412
37	0.1556,0.2432,0.57564,0.76504	0.066232,0.0014824,-0.73923,-0.67018	0.22693,0.10443,0.8176,0.51878	0.055212,-0.045948,-0.68117,-0.7286	0.0197,0.002569,-0.4474,0.89412
38	0.1596,0.2286,0.54413,0.79132	0.063073,0.0044193,-0.74005,-0.66957	0.19328,0.076375,0.78801,0.57952	0.055212,-0.045948,-0.68117,-0.7286	0.0197,0.002569,-0.4474,0.89412
39	0.16087,0.20018,0.50734,0.82259	0.057206,-0.0029147,-0.75138,-0.65738	0.17594,0.057245,0.76121,0.62156	0.055212,-0.045948,-0.68117,-0.7286	0.0197,0.002569,-0.4474,0.89412
40	0.16805,0.19902,0.46574,0.84571	0.059287,-0.0040561,-0.75087,-0.65778	0.16791,0.054362,0.738,0.65132	0.055212,-0.045948,-0.68117,-0.7286	0.0197,0.002569,-0.4474,0.89412
41	0.16223,0.17702,0.41388,0.8781	0.063611,0.0026112,-0.74669,-0.66211	0.16678,0.051066,0.72573,0.6655	0.055212,-0.045948,-0.68117,-0.7286	0.0197,0.002569,-0.4474,0.89412
42	0.16037,0.16655,0.40798,0.88323	0.061263,0.0052663,-0.74391,-0.66545	0.16759,0.052869,0.70481,0.68729	0.055212,-0.045948,-0.68117,-0.7286	0.0197,0.002569,-0.4474,0.89412
43	0.18298,0.18402,0.47259,0.84221	0.047988,0.010609,-0.74123,-0.66945	0.16845,0.054652,0.70032,0.69152	0.055212,-0.045948,-0.68117,-0.7286	0.0197,0.002569,-0.4474,0.89412
44	0.20594,0.21045,0.54452,0.78537	0.034866,0.0092585,-0.73799,-0.67384	0.16912,0.056245,0.6958,0.69577	0.055212,-0.045948,-0.68117,-0.7286	0.0197,0.002569,-0.4474,0.89412
45	0.22285,0.23089,0.61589,0.71952	0.004306,-0.030387,-0.73355,-0.67894	0.17234,0.065412,0.67928,0.71035	0.055212,-0.045948,-0.68117,-0.7286	0.0197,0.002569,-0.4474,0.89412
46	0.23914,0.25815,0.67019,0.65347	0.015038,0.045481,0.73683,0.67438	0.17534,0.072962,0.66761,0.71988	0.055212,-0.045948,-0.68117,-0.7286	0.0197,0.002569,-0.4474,0.89412
47	0.25273,0.2953,0.7379,0.55176	0.048397,0.062179,0.74051,0.66741	0.17993,0.085786,0.64583,0.737	0.055212,-0.045948,-0.68117,-0.7286	0.0197,0.002569,-0.4474,0.89412
48	0.2818,0.36369,0.74046,0.48994	0.086491,0.085727,0.73606,0.66587	0.19087,0.11081,0.60459,0.76535	0.055212,-0.045948,-0.68117,-0.7286	0.0197,0.002569,-0.4474,0.89412
49	0.3057,0.3959,0.67551,0.54175	0.10895,0.11763,0.72847,0.66605	0.18988,0.1349,0.55825,0.79631	0.055212,-0.045948,-0.68117,-0.7286	0.0197,0.002569,-0.4474,0.89412
50	0.30494,0.4067,0.64293,0.57293	0.11816,0.14984,0.72452,0.66232	0.18237,0.15697,0.51006,0.8258	0.055212,-0.045948,-0.68117,-0.7286	0.0197,0.002569,-0.4474,0.89412
51	0.30234,0.40846,0.62798,0.58939	0.13959,0.20106,0.70968,0.66064	0.19683,0.16704,0.46587,0.84635	0.055212,-0.045948,-0.68117,-0.7286	0.0197,0.002569,-0.4474,0.89412
52	0.29646,0.39524,0.61133,0.6182	0.15919,0.22889,0.69975,0.65774	0.26867,0.21383,0.42101,0.83955	0.055212,-0.045948,-0.68117,-0.7286	0.0197,0.002569,-0.4474,0.89412
53	0.30407,0.37824,0.57872,0.65541	0.17003,0.24391,0.69557,0.65405	0.36449,0.2802,0.54326,0.7025	0.055212,-0.045948,-0.68117,-0.7286	0.0197,0.002569,-0.4474,0.89412
54	0.31285,0.36677,0.5623,0.67188	0.17564,0.25485,0.69436,0.64967	0.39035,0.35548,0.65436,0.54137	0.055212,-0.045948,-0.68117,-0.7286	0.0197,0.002569,-0.4474,0.89412
55	0.32279,0.35155,0.54982,0.6855	0.17115,0.25896,0.70043,0.64268	0.40477,0.38867,0.66815,0.48854	0.055212,-0.045948,-0.68117,-0.7286	0.0197,0.002569,-0.4474,0.89412
56	0.33721,0.32095,0.53564,0.70453	0.17235,0.25572,0.70832,0.63497	0.40141,0.37378,0.66323,0.5092	0.055212,-0.045948,-0.68117,-0.7286	0.0197,0.002569,-0.4474,0.89412
57	0.3692,0.27883,0.50665,0.7275	0.16849,0.26263,0.71278,0.62816	0.40804,0.35458,0.65064,0.53333	0.055212,-0.045948,-0.68117,-0.7286	0.0197,0.002569,-0.4474,0.89412
58	0.39049,0.27044,0.4822,0.73611	0.1594,0.2501,0.7164,0.63152	0.42176,0.35058,0.63994,0.53823	0.055212,-0.045948,-0.68117,-0.7286	0.0197,0.002569,-0.4474,0.89412
59	0.42598,0.27098,0.43957,0.74289	0.15213,0.23477,0.71307,0.64287	0.42776,0.34342,0.63666,0.54198	0.055212,-0.045948,-0.68117,-0.7286	0.0197,0.002569,-0.4474,0.89412
60	0.46424,0.28686,0.41145,0.73	0.16396,0.23081,0.71145,0.64319	0.43943,0.34091,0.6204,0.55298	0.055212,-0.045948,-0.68117,-0.7286	0.0197,0.002569,-0.4474,0.89412
61	0.48522,0.33513,0.43304,0.6817	0.18016,0.23073,0.70998,0.6405	0.44571,0.34175,0.60883,0.56025	0.055212,-0.045948,-0.68117,-0.7286	0.0197,0.002569,-0.4474,0.89412
62	0.4948,0.4024,0.46499,0.61403	0.18876,0.22922,0.70684,0.64203	0.44988,0.34271,0.60176,0.56394	0.055212,-0.045948,-0.68117,-0.7286	0.0197,0.002569,-0.4474,0.89412
63	0.48629,0.47487,0.51406,0.52323	0.19283,0.22951,0.70151,0.64655	0.45585,0.34376,0.59209,0.56874	0.055212,-0.045948,-0.68117,-0.7286	0.0197,0.002569,-0.4474,0.89412
64	0.43278,0.51253,0.5732,0.47059	0.19444,0.2337,0.69784,0.64854	0.46431,0.34736,0.57859,0.57358	0.055212,-0.045948,-0.68117,-0.7286	0.0197,0.002569,-0.4474,0.89412
65	0.3951,0.52282,0.593,0.46787	0.19966,0.24299,0.698,0.64334	0.4761,0.35593,0.5467,0.58971	0.055212,-0.045948,-0.68117,-0.7286	0.0197,0.002569,-0.4474,0.89412
66	0.39019,0.51071,0.58273,0.49734	0.20515,0.25594,0.69925,0.63519	0.48386,0.36328,0.51263,0.60918	0.055212,-0.045948,-0.68117,-0.7286	0.0197,0.002569,-0.4474,0.89412
67	0.39891,0.5061,0.56225,0.51827	0.20622,0.25987,0.69945,0.63302	0.48791,0.37499,0.46975,0.63297	0.055212,-0.045948,-0.68117,-0.7286	0.0197,0.002569,-0.4474,0.89412
68	0.40801,0.51567,0.53985,0.52552	0.20748,0.27563,0.70068,0.62452	0.4866,0.37241,0.46295,0.64047	0.055212,-0.045948,-0.68117,-0.7286	0.0197,0.002569,-0.4474,0.89412
69	0.40874,0.51915,0.53043,0.53108	0.2157,0.27844,0.70019,0.62103	0.4866,0.37241,0.46295,0.64047	0.055212,-0.045948,-0.68117,-0.7286	0.0197,0.002569,-0.4474,0.89412
70	0.41053,0.52209,0.51531,0.54161	0.21127,0.28672,0.69304,0.62678	0.49425,0.35965,0.44088,0.65727	0.055212,-0.045948,-0.68117,-0.7286	0.0197,0.002569,-0.4474,0.89412
71	0.40782,0.51501,0.51889,0.547	0.1977,0.28378,0.69015,0.63567	0.49514,0.34682,0.41011,0.68291	0.055212,-0.045948,-0.68117,-0.7286	0.0197,0.002569,-0.4474,0.89412
72	0.40398,0.50594,0.52848,0.54912	0.16115,0.26072,0.69271,0.65285	0.47727,0.36655,0.423,0.67743	0.055212,-0.045948,-0.68117,-0.7286	0.0197,0.002569,-0.4474,0.89412
73	0.40037,0.49392,0.54147,0.55005	0.13334,0.23162,0.69863,0.6637	0.43725,0.36648,0.46209,0.67895	0.055212,-0.045948,-0.68117,-0.7286	0.0197,0.002569,-0.4474,0.89412
74	0.39816,0.47882,0.55591,0.55059	0.10819,0.20024,0.7067,0.66991	0.321,0.33629,0.55464,0.69011	0.055212,-0.045948,-0.68117,-0.7286	0.0197,0.002569,-0.4474,0.89412
75	0.40045,0.4559,0.574,0.54983	0.071997,0.1482,0.71605,0.67833	0.31182,0.33169,0.5607,0.69164	0.055212,-0.045948,-0.68117,-0.7286	0.0197,0.002569,-0.4474,0.89412
76	0.40686,0.42379,0.59599,0.54741	0.037927,0.09167,0.72199,0.68476	0.29368,0.32081,0.57221,0.69527	0.055212,-0.045948,-0.68117,-0.7286	0.0197,0.002569,-0.4474,0.89412
77	0.39478,0.38971,0.6284,0.54534	0.0018103,0.039695,0.72064,0.69217	0.20945,0.23379,0.61372,0.72444	0.055212,-0.045948,-0.68117,-0.7286	0.0197,0.002569,-0.4474,0.89412
78	0.32343,0.31845,0.68496,0.56992	0.024378,-0.00030047,-0.71949,-0.69408	0.19306,0.20732,0.61876,0.73273	0.055212,-0.045948,-0.68117,-0.7286	0.0197,0.002569,-0.4474,0.89412
79	0.25123,0.25102,0.70752,0.61097	0.038763,0.035298,-0.7222,-0.6897	0.19127,0.18182,0.6162,0.74206	0.055212,-0.045948,-0.68117,-0.7286	0.0197,0.002569,-0.4474,0.89412
80	0.25853,0.252,0.69606,0.62061	0.047861,0.056334,-0.72558,-0.68416	0.20089,0.17923,0.60442,0.7498	0.055212,-0.045948,-0.68117,-0.7286	0.0197,0.002569,-0.4474,0.89412
81	0.26331,0.24472,0.6728,0.64662	0.054136,0.067252,-0.72758,-0.68057	0.19748,0.15596,0.59907,0.76013	0.055212,-0.045948,-0.68117,-0.7286	0.0197,0.002569,-0.4474,0.89412
82	0.25778,0.2397,0.66959,0.65402	0.062202,0.072377,-0.72805,-0.67885	0.19967,0.14059,0.60346,0.75908	0.055212,-0.045948,-0.68117,-0.7286	0.0197,0.002569,-0.4474,0.89412
83	0.24596,0.22742,0.6625,0.66998	0.071931,0.077699,-0.72791,-0.67745	0.19175,0.11606,0.62262,0.74974	0.055212,-0.045948,-0.68117,-0.7286	0.0197,0.002569,-0.4474,0.89412
84	0.22206,0.21031,0.6537,0.69219	0.081067,0.078921,-0.72798,-0.6762	0.18695,0.10695,0.63603,0.741	0.055212,-0.045948,-0.68117,-0.7286	0.0197,0.002569,-0.4474,0.89412
85	0.19092,0.19447,0.6657,0.69468	0.086901,0.078313,-0.72925,-0.67417	0.18479,0.10301,0.64088,0.73792	0.055212,-0.045948,-0.68117,-0.7286	0.0197,0.002569,-0.4474,0.89412
86	0.17662,0.19584,0.67325,0.69079	0.086061,0.073519,-0.73103,-0.67289	0.18111,0.095453,0.6493,0.73246	0.055212,-0.045948,-0.68117,-0.7286	0.0197,0.002569,-0.4474,0.89412
87	0.17473,0.20095,0.67379,0.68927	0.081895,0.063289,-0.73251,-0.67284	0.17918,0.091093,0.65393,0.72936	0.055212,-0.045948,-0.68117,-0.7286	0.0197,0.002569,-0.4474,0.89412
88	0.16938,0.21905,0.6762,0.6827	0.079101,0.055043,-0.73371,-0.67259	0.17558,0.084557,0.65974,0.72579	0.055212,-0.045948,-0.68117,-0.7286	0.0197,0.002569,-0.4474,0.89412
89	0.16488,0.2251,0.67925,0.6788	0.078165,0.049688,-0.73544,-0.67122	0.16957,0.080116,0.66485,0.72305	0.055212,-0.045948,-0.68117,-0.7286	0.0197,0.002569,-0.4474,0.89412
90	0.15632,0.23214,0.68199,0.67569	0.077266,0.045398,-0.7377,-0.66916	0.16599,0.08078,0.66455,0.72408	0.055212,-0.045948,-0.68117,-0.7286	0.0197,0.002569,-0.4474,0.89412
91	0.154,0.2352,0.68195,0.67521	0.073937,0.038856,-0.73915,-0.66834	0.15469,0.085589,0.66302,0.72743	0.055212,-0.045948,-0.68117,-0.7286	0.0197,0.002569,-0.4474,0.89412
92	0.15373,0.2356,0.68199,0.67509	0.072466,0.034079,-0.74028,-0.66751	0.13021,0.10054,0.67388,0.72029	0.055212,-0.045948,-0.68117,-0.7286	0.0197,0.002569,-0.4474,0.89412
93	0.1536,0.23575,0.68208,0.67498	0.072307,0.031141,-0.74099,-0.66688	0.12967,0.1013,0.67402,0.72016	0.055212,-0.045948,-0.68117,-0.7286	0.0197,0.002569,-0.4474,0.89412
94	0.15353,0.23524,0.68269,0.67455	0.072315,0.02851,-0.74185,-0.66604	0.12777,0.10431,0.67452,0.71959	0.055212,-0.045948,-0.68117,-0.7286	0.0197,0.002569,-0.4474,0.89412
95	0.15349,0.23508,0.68294,0.67437	0.07257,0.027489,-0.74204,-0.66585	0.12207,0.10893,0.67823,0.7164	0.055212,-0.045948,-0.68117,-0.7286	0.0197,0.002569,-0.4474,0.89412
96	0.15355,0.23415,0.68428,0.67331	0.072501,0.026094,-0.74203,-0.66593	0.12147,0.10916,0.67853,0.71619	0.055212,-0.045948,-0.68117,-0.7286	0.0197,0.002569,-0.4474,0.89412
97	0.15339,0.23393,0.68481,0.6729	0.071883,0.025049,-0.74237,-0.66566	0.11979,0.11063,0.6797,0.71513	0.055212,-0.045948,-0.68117,-0.7286	0.0197,0.002569,-0.4474,0.89412
98	0.1533,0.23398,0.68428,0.67343	0.070631,0.023558,-0.74234,-0.66588	0.11978,0.11257,0.68024,0.71432	0.055212,-0.045948,-0.68117,-0.7286	0.0197,0.002569,-0.4474,0.89412
99	0.15353,0.2344,0.68337,0.67416	0.067572,0.019858,-0.7419,-0.6668	0.12013,0.11478,0.68061,0.71356	0.055212,-0.045948,-0.68117,-0.7286	0.0197,0.002569,-0.4474,0.89412
100	0.15361,0.23425,0.68174,0.67584	0.064306,0.015937,-0.74142,-0.66776	0.12273,0.12007,0.68139,0.7115	0.055212,-0.045948,-0.68117,-0.7286	0.0197,0.002569,-0.4474,0.89412
101	0.15372,0.2336,0.68106,0.67673	0.062218,0.0129,-0.7417,-0.66772	0.12405,0.12181,0.6812,0.71116	0.055212,-0.045948,-0.68117,-0.7286	0.0197,0.002569,-0.4474,0.89412
102	0.15324,0.23203,0.68145,0.67698	0.060096,0.0094085,-0.74225,-0.66736	0.12554,0.12351,0.68056,0.71121	0.055212,-0.045948,-0.68117,-0.7286	0.0197,0.002569,-0.4474,0.89412
103	0.15268,0.23058,0.6824,0.67665	0.059506,0.0079794,-0.74331,-0.66625	0.1271,0.12485,0.68021,0.71104	0.055212,-0.045948,-0.68117,-0.7286	0.0197,0.002569,-0.4474,0.89412
104	0.1518,0.2288,0.68441,0.67542	0.062234,0.011106,-0.7507,-0.65761	0.12813,0.12491,0.6809,0.71018	0.055212,-0.045948,-0.68117,-0.7286	0.0197,0.002569,-0.4474,0.89412
105	0.15057,0.2276,0.68548,0.67501	0.058887,0.010967,-0.75669,-0.65102	0.12789,0.12859,0.67567,0.71455	0.055212,-0.045948,-0.68117,-0.7286	0.0197,0.002569,-0.4474,0.89412
106	0.15087,0.22821,0.68524,0.67498	0.056329,0.008836,-0.76064,-0.64667	0.12797,0.13035,0.67328,0.71647	0.055212,-0.045948,-0.68117,-0.7286	0.0197,0.002569,-0.4474,0.89412
107	0.15083,0.22864,0.68493,0.67516	0.054447,0.0067711,-0.76414,-0.64271	0.12807,0.13052,0.67311,0.71658	0.055212,-0.045948,-0.68117,-0.7286	0.0197,0.002569,-0.4474,0.89412
108	0.15117,0.22897,0.68473,0.67518	0.052358,0.0047374,-0.76551,-0.64128	0.12947,0.13214,0.67151,0.71753	0.055212,-0.045948,-0.68117,-0.7286	0.0197,0.002569,-0.4474,0.89412
109	0.15134,0.22961,0.68457,0.67508	0.051086,0.0032533,-0.76538,-0.64153	0.13003,0.13261,0.66948,0.71924	0.055212,-0.045948,-0.68117,-0.7286	0.0197,0.002569,-0.4474,0.89412
110	0.15186,0.23203,0.6842,0.67451	0.048778,0.00093836,-0.765,-0.64218	0.13199,0.13372,0.66773,0.7203	0.055212,-0.045948,-0.68117,-0.7286	0.0197,0.002569,-0.4474,0.89412
111	0.15195,0.23572,0.68367,0.67375	0.045021,-0.0027866,-0.76504,-0.6424	0.13375,0.13304,0.66674,0.72102	0.055212,-0.045948,-0.68117,-0.7286	0.0197,0.002569,-0.4474,0.89412
112	0.15194,0.23819,0.68301,0.67355	0.041726,-0.0058938,-0.7657,-0.64181	0.13411,0.13357,0.66581,0.72172	0.055212,-0.045948,-0.68117,-0.7286	0.0197,0.002569,-0.4474,0.89412
113	0.15142,0.23984,0.68239,0.67372	0.037226,-0.01127,-0.76501,-0.64284	0.13381,0.13454,0.66485,0.72247	0.055212,-0.045948,-0.68117,-0.7286	0.0197,0.002569,-0.4474,0.89412
114	0.15122,0.24508,0.68034,0.67395	0.034416,-0.017901,-0.76165,-0.64683	0.13494,0.13585,0.66728,0.71977	0.055212,-0.045948,-0.68117,-0.7286	0.0197,0.002569,-0.4474,0.89412
115	0.15147,0.24964,0.6791,0.67347	0.034009,-0.02692,-0.75384,-0.65563	0.13431,0.13698,0.67052,0.71666	0.055212,-0.045948,-0.68117,-0.7286	0.0197,0.002569,-0.4474,0.89412
116	0.15182,0.25571,0.67787,0.67235	0.03659,-0.029598,-0.74727,-0.66285	0.13434,0.13783,0.67089,0.71614	0.055212,-0.045948,-0.68117,-0.7286	0.0197,0.002569,-0.4474,0.89412
117	0.15113,0.26315,0.67615,0.67137	0.041098,-0.027251,-0.7443,-0.66603	0.13271,0.14288,0.67157,0.71482	0.055212,-0.045948,-0.68117,-0.7286	0.0197,0.002569,-0.4474,0.89412
118	0.1508,0.26435,0.67588,0.67124	0.048227,-0.021272,-0.74218,-0.66813	0.13271,0.14288,0.67157,0.71482	0.055212,-0.045948,-0.68117,-0.7286	0.0197,0.002569,-0.4474,0.89412
119	0.14996,0.26626,0.67625,0.6703	0.057542,-0.0027551,-0.73817,-0.67215	0.1326,0.14474,0.67185,0.7142	0.055212,-0.045948,-0.68117,-0.7286	0.0197,0.002569,-0.4474,0.89412
120	0.14969,0.26481,0.67747,0.6697	0.059153,0.0069425,-0.73531,-0.67511	0.13252,0.14517,0.67205,0.71394	0.055212,-0.045948,-0.68117,-0.7286	0.0197,0.002569,-0.4474,0.89412
121	0.14956,0.25802,0.68048,0.66933	0.063815,0.041172,-0.72508,-0.68447	0.1291,0.14704,0.67772,0.70881	0.055212,-0.045948,-0.68117,-0.7286	0.0197,0.002569,-0.4474,0.89412
122	0.15148,0.24898,0.68434,0.66839	0.060874,0.078992,-0.72362,-0.68296	0.12731,0.14721,0.68147,0.70549	0.055212,-0.045948,-0.68117,-0.7286	0.0197,0.002569,-0.4474,0.89412
123	0.15246,0.24508,0.68605,0.66786	0.049255,0.10933,-0.72178,-0.68166	0.1239,0.14614,0.68542,0.70249	0.055212,-0.045948,-0.68117,-0.7286	0.0197,0.002569,-0.4474,0.89412
124	0.15533,0.23591,0.69049,0.66592	0.037471,0.12906,-0.72021,-0.68061	0.12253,0.1458,0.68587,0.70236	0.055212,-0.045948,-0.68117,-0.7286	0.0197,0.002569,-0.4474,0.89412
125	0.15939,0.22378,0.69606,0.66334	0.027099,0.15646,-0.71341,-0.68252	0.12228,0.14507,0.67952,0.7087	0.055212,-0.045948,-0.68117,-0.7286	0.0197,0.002569,-0.4474,0.89412
126	0.16278,0.21317,0.69997,0.66189	0.013689,0.18263,-0.70404,-0.68614	0.12375,0.1471,0.66919,0.7178	0.055212,-0.045948,-0.68117,-0.7286	0.0197,0.002569,-0.4474,0.89412
127	0.16585,0.20359,0.70328,0.66064	0.010392,0.1934,-0.69279,-0.69464	0.1185,0.14243,0.66,0.72806	0.055212,-0.045948,-0.68117,-0.7286	0.0197,0.002569,-0.4474,0.89412
128	0.17322,0.20008,0.70784,0.65492	0.0079861,0.19128,-0.68629,-0.70168	0.092067,0.095674,0.63628,0.75995	0.055212,-0.045948,-0.68117,-0.7286	0.0197,0.002569,-0.4474,0.89412
129	0.21162,0.17541,0.71392,0.64402	0.0067564,0.18084,-0.68512,-0.7056	0.086469,0.052022,0.64136,0.76057	0.055212,-0.045948,-0.68117,-0.7286	0.0197,0.002569,-0.4474,0.89412
130	0.29036,0.075364,0.7262,0.61858	0.0055335,0.16693,-0.68552,-0.70864	0.082995,0.035948,0.64243,0.76099	0.055212,-0.045948,-0.68117,-0.7286	0.0197,0.002569,-0.4474,0.89412
131	0.35889,0.03824,0.72142,0.59101	0.0080297,0.14183,-0.69283,-0.70697	0.082534,0.025084,0.64638,0.75812	0.055212,-0.045948,-0.68117,-0.7286	0.0197,0.002569,-0.4474,0.89412
132	0.38386,0.021201,0.70996,0.59005	0.012713,0.12258,-0.69892,-0.7045	0.082203,0.011492,0.65847,0.74802	0.055212,-0.045948,-0.68117,-0.7286	0.0197,0.002569,-0.4474,0.89412
133	0.35571,0.067654,0.70303,0.61208	0.018158,0.10179,-0.70534,-0.70128	0.076497,-7.7697e-05,0.68033,0.72891	0.055212,-0.045948,-0.68117,-0.7286	0.0197,0.002569,-0.4474,0.89412
134	0.28191,0.12645,0.71002,0.63278	0.019399,0.081614,-0.71027,-0.69891	0.079545,-0.0010609,0.6877,0.72163	0.055212,-0.045948,-0.68117,-0.7286	0.0197,0.002569,-0.4474,0.89412
135	0.25374,0.19738,0.69926,0.63851	0.019384,0.055038,-0.71625,-0.6954	0.093,0.0044301,0.69119,0.71665	0.055212,-0.045948,-0.68117,-0.7286	0.0197,0.002569,-0.4474,0.89412
136	0.24759,0.22448,0.69409,0.63761	0.02072,0.011821,-0.72204,-0.69144	0.11284,0.0092946,0.69619,0.70888	0.055212,-0.045948,-0.68117,-0.7286	0.0197,0.002569,-0.4474,0.89412
137	0.23961,0.26103,0.68825,0.63305	0.022439,-0.013947,-0.72269,-0.69067	0.11706,0.013643,0.6928,0.71144	0.055212,-0.045948,-0.68117,-0.7286	0.0197,0.002569,-0.4474,0.89412
138	0.23056,0.26814,0.67738,0.64506	0.0187,-0.040543,-0.71926,-0.6933	0.11979,0.021923,0.6896,0.71387	0.055212,-0.045948,-0.68117,-0.7286	0.0197,0.002569,-0.4474,0.89412
139	0.21706,0.26521,0.65991,0.66863	0.019411,-0.063973,-0.71568,-0.69522	0.12466,0.043606,0.67926,0.72191	0.055212,-0.045948,-0.68117,-0.7286	0.0197,0.002569,-0.4474,0.89412
140	0.21386,0.28376,0.64743,0.67422	0.024565,-0.088409,-0.71433,-0.69377	0.12115,0.055115,0.67274,0.72781	0.055212,-0.045948,-0.68117,-0.7286	0.0197,0.002569,-0.4474,0.89412
141	0.21197,0.32342,0.63533,0.66845	0.033524,-0.1104,-0.71192,-0.69271	0.11388,0.071782,0.67039,0.72969	0.055212,-0.045948,-0.68117,-0.7286	0.0197,0.002569,-0.4474,0.89412
142	0.21379,0.35028,0.64119,0.64844	0.044624,-0.12959,-0.70933,-0.69142	0.10961,0.078096,0.67281,0.72747	0.055212,-0.045948,-0.68117,-0.7286	0.0197,0.002569,-0.4474,0.89412
143	0.20671,0.35309,0.64599,0.64444	0.056595,-0.14213,-0.70782,-0.68963	0.10283,0.097922,0.67945,0.71985	0.055212,-0.045948,-0.68117,-0.7286	0.0197,0.002569,-0.4474,0.89412
144	0.19694,0.35256,0.65254,0.64117	0.062422,-0.1483,-0.70597,-0.68972	0.10297,0.10854,0.67959,0.71818	0.055212,-0.045948,-0.68117,-0.7286	0.0197,0.002569,-0.4474,0.89412
145	0.19324,0.35349,0.65531,0.63896	0.069675,-0.15724,-0.70299,-0.69009	0.098172,0.20524,0.68555,0.69157	0.055212,-0.045948,-0.68117,-0.7286	0.0197,0.002569,-0.4474,0.89412
146	0.19449,0.35495,0.65607,0.63699	0.072903,-0.16245,-0.70081,-0.69076	0.074176,0.22928,0.69125,0.68125	0.055212,-0.045948,-0.68117,-0.7286	0.0197,0.002569,-0.4474,0.89412
147	0.19518,0.35309,0.65698,0.63687	0.080907,-0.1683,-0.6964,-0.69293	0.015135,0.27765,0.70636,0.65096	0.055212,-0.045948,-0.68117,-0.7286	0.0197,0.002569,-0.4474,0.89412
148	0.19019,0.34953,0.66017,0.63705	0.080153,-0.16373,-0.69736,-0.69315	0.0011532,-0.28575,-0.70896,-0.64477	0.055212,-0.045948,-0.68117,-0.7286	0.0197,0.002569,-0.4474,0.89412
149	0.19299,0.34856,0.66243,0.63438	0.071508,-0.14608,-0.70236,-0.69299	0.0054727,-0.28688,-0.70942,-0.64373	0.055212,-0.045948,-0.68117,-0.7286	0.0197,0.002569,-0.4474,0.89412
150	0.19114,0.34837,0.66416,0.63324	0.059119,-0.11896,-0.70929,-0.69228	0.04225,-0.29714,-0.71236,-0.63441	0.055212,-0.045948,-0.68117,-0.7286	0.0197,0.002569,-0.4474,0.89412
151	0.18744,0.34806,0.66738,0.63113	0.050531,-0.09822,-0.7146,-0.69076	0.05536,-0.3007,-0.71553,-0.62812	0.055212,-0.045948,-0.68117,-0.7286	0.0197,0.002569,-0.4474,0.89412
152	0.18401,0.34575,0.66882,0.63188	0.043569,-0.082822,-0.71824,-0.68947	0.056845,-0.29855,-0.72139,-0.62228	0.055212,-0.045948,-0.68117,-0.7286	0.0197,0.002569,-0.4474,0.89412
153	0.17313,0.33578,0.67256,0.63635	0.042544,-0.068777,-0.72022,-0.68902	0.036755,-0.284,-0.72773,-0.62322	0.055212,-0.045948,-0.68117,-0.7286	0.0197,0.002569,-0.4474,0.89412
154	0.17033,0.33054,0.67297,0.63941	0.040088,-0.052407,-0.72195,-0.6888	0.0061822,0.2638,0.72845,0.63224	0.055212,-0.045948,-0.68117,-0.7286	0.0197,0.002569,-0.4474,0.89412
155	0.16986,0.31416,0.67231,0.64842	0.040674,-0.035779,-0.7263,-0.68524	0.038187,0.24996,0.72484,0.64083	0.055212,-0.045948,-0.68117,-0.7286	0.0197,0.002569,-0.4474,0.89412
156	0.1713,0.30437,0.67734,0.64747	0.039972,-0.018504,-0.73103,-0.68092	0.060642,0.23977,0.71974,0.6487	0.055212,-0.045948,-0.68117,-0.7286	0.0197,0.002569,-0.4474,0.89412
157	0.18378,0.27774,0.69283,0.63959	0.03716,-0.0096328,-0.7344,-0.67763	0.12714,0.17189,0.67156,0.70943	0.055212,-0.045948,-0.68117,-0.7286	0.0197,0.002569,-0.4474,0.89412
158	0.19916,0.27072,0.69396,0.63676	0.03659,0.009427,-0.74059,-0.67089	0.13409,0.14888,0.65815,0.72573	0.055212,-0.045948,-0.68117,-0.7286	0.0197,0.002569,-0.4474,0.89412
159	0.21809,0.25808,0.68055,0.65014	0.033903,0.025595,-0.74452,-0.66625	0.13029,0.12805,0.65395,0.73415	0.055212,-0.045948,-0.68117,-0.7286	0.0197,0.002569,-0.4474,0.89412
160	0.2274,0.25941,0.6582,0.66916	0.035682,0.065667,-0.74785,-0.65964	0.12561,0.11738,0.65304,0.73755	0.055212,-0.045948,-0.68117,-0.7286	0.0197,0.002569,-0.4474,0.89412
161	0.21552,0.2432,0.71909,0.61426	0.025436,0.085849,-0.75086,-0.65436	0.10767,0.086962,0.66103,0.73748	0.055212,-0.045948,-0.68117,-0.7286	0.0197,0.002569,-0.4474,0.89412
162	0.20171,0.23558,0.73975,0.59715	0.012108,0.10399,-0.75337,-0.64921	0.10202,0.077287,0.66114,0.73927	0.055212,-0.045948,-0.68117,-0.7286	0.0197,0.002569,-0.4474,0.89412
163	0.20458,0.24161,0.72397,0.61289	0.0081829,0.11661,-0.75541,-0.64474	0.10795,0.057694,0.66742,0.73456	0.055212,-0.045948,-0.68117,-0.7286	0.0197,0.002569,-0.4474,0.89412
164	0.21124,0.24443,0.69853,0.63851	0.0085088,0.12139,-0.75534,-0.64394	0.11042,0.052285,0.66956,0.73264	0.055212,-0.045948,-0.68117,-0.7286	0.0197,0.002569,-0.4474,0.89412
165	0.21128,0.2426,0.67028,0.66875	0.0074762,0.11916,-0.75208,-0.64816	0.11591,0.032832,0.67125,0.73137	0.055212,-0.045948,-0.68117,-0.7286	0.0197,0.002569,-0.4474,0.89412
166	0.19862,0.23607,0.64831,0.69607	0.0094959,0.11489,-0.75044,-0.6508	0.11682,0.026154,0.67025,0.73242	0.055212,-0.045948,-0.68117,-0.7286	0.0197,0.002569,-0.4474,0.89412
167	0.19455,0.23429,0.64589,0.70006	0.0176,0.10877,-0.74884,-0.65353	0.1171,0.022519,0.66978,0.73293	0.055212,-0.045948,-0.68117,-0.7286	0.0197,0.002569,-0.4474,0.89412
168	0.19722,0.22764,0.64281,0.70432	0.021588,0.095578,-0.74849,-0.65586	0.11747,0.014804,0.67409,0.7291	0.055212,-0.045948,-0.68117,-0.7286	0.0197,0.002569,-0.4474,0.89412
169	0.20136,0.22142,0.62937,0.71716	0.022189,0.086214,-0.74758,-0.65818	0.12536,0.024237,0.67763,0.72423	0.055212,-0.045948,-0.68117,-0.7286	0.0197,0.002569,-0.4474,0.89412
170	0.20306,0.22139,0.62425,0.72116	0.032843,0.06264,-0.74697,-0.66109	0.13363,0.031717,0.67442,0.72546	0.055212,-0.045948,-0.68117,-0.7286	0.0197,0.002569,-0.4474,0.89412
171	0.2097,0.22421,0.61354,0.72755	0.041867,0.054404,-0.74727,-0.66097	0.13363,0.031717,0.67442,0.72546	0.055212,-0.045948,-0.68117,-0.7286	0.0197,0.002569,-0.4474,0.89412
172	0.21953,0.23253,0.60802,0.72667	0.06508,0.038488,-0.74739,-0.66007	0.13521,0.035317,0.67245,0.72683	0.055212,-0.045948,-0.68117,-0.7286	0.0197,0.002569,-0.4474,0.89412
173	0.24308,0.25668,0.60543,0.71308	0.065587,0.037258,-0.74518,-0.66258	0.13305,0.035893,0.66882,0.73054	0.055212,-0.045948,-0.68117,-0.7286	0.0197,0.002569,-0.4474,0.89412
174	0.23736,0.25957,0.61652,0.7044	0.072226,0.022028,-0.75071,-0.6563	0.12956,0.038683,0.66511,0.7344	0.055212,-0.045948,-0.68117,-0.7286	0.0197,0.002569,-0.4474,0.89412
175	0.23174,0.26433,0.6227,0.69905	0.073475,0.0021001,-0.75508,-0.6515	0.13721,0.043267,0.66703,0.731	0.055212,-0.045948,-0.68117,-0.7286	0.0197,0.002569,-0.4474,0.89412
176	0.20421,0.25821,0.63894,0.69525	0.083701,-0.032559,-0.75913,-0.64471	0.14559,0.047412,0.67295,0.72367	0.055212,-0.045948,-0.68117,-0.7286	0.0197,0.002569,-0.4474,0.89412
177	0.19655,0.28318,0.63246,0.69366	0.082341,-0.063007,-0.76157,-0.63974	0.14333,0.053015,0.67076,0.72576	0.055212,-0.045948,-0.68117,-0.7286	0.0197,0.002569,-0.4474,0.89412
178	0.19119,0.29005,0.62457,0.69945	0.082081,-0.074028,-0.76083,-0.63947	0.088247,0.1067,0.54474,0.82709	0.055212,-0.045948,-0.68117,-0.7286	0.0197,0.002569,-0.4474,0.89412
179	0.18867,0.29164,0.61341,0.70928	0.074527,-0.091336,-0.76125,-0.63766	0.096176,0.089048,0.56558,0.81421	0.055212,-0.045948,-0.68117,-0.7286	0.0197,0.002569,-0.4474,0.89412
180	0.18311,0.28815,0.60653,0.71802	0.069471,-0.11148,-0.75986,-0.63668	0.089256,0.058565,0.62578,0.77266	0.055212,-0.045948,-0.68117,-0.7286	0.0197,0.002569,-0.4474,0.89412
181	0.18537,0.28515,0.60161,0.72277	0.063037,-0.12274,-0.75739,-0.63821	0.081139,0.018601,0.67082,0.73693	0.055212,-0.045948,-0.68117,-0.7286	0.0197,0.002569,-0.4474,0.89412
182	0.18868,0.28365,0.59567,0.72741	0.054678,-0.12724,-0.75343,-0.64277	0.085615,-0.016713,0.69397,0.7147	0.055212,-0.045948,-0.68117,-0.7286	0.0197,0.002569,-0.4474,0.89412
183	0.19271,0.2806,0.58115,0.73918	0.047143,-0.1288,-0.75078,-0.64616	0.099437,-0.014838,0.7012,0.70584	0.055212,-0.045948,-0.68117,-0.7286	0.0197,0.002569,-0.4474,0.89412
184	0.19489,0.27919,0.57693,0.74245	0.034771,-0.12386,-0.74656,-0.65277	0.10024,-0.0021755,0.70374,0.70335	0.055212,-0.045948,-0.68117,-0.7286	0.0197,0.002569,-0.4474,0.89412
185	0.19369,0.28091,0.57977,0.73989	0.029532,-0.11993,-0.74465,-0.65593	0.085916,0.013539,0.6977,0.71109	0.055212,-0.045948,-0.68117,-0.7286	0.0197,0.002569,-0.4474,0.89412
186	0.18918,0.28603,0.58754,0.73294	0.02606,-0.11309,-0.74338,-0.65872	0.078023,0.024468,0.68702,0.72202	0.055212,-0.045948,-0.68117,-0.7286	0.0197,0.002569,-0.4474,0.89412
187	0.18321,0.29306,0.60155,0.7202	0.026118,-0.10204,-0.74215,-0.66191	0.063616,0.043467,0.65263,0.75375	0.055212,-0.045948,-0.68117,-0.7286	0.0197,0.002569,-0.4474,0.89412
188	0.18204,0.29633,0.60912,0.71275	0.026469,-0.089234,-0.74103,-0.66499	0.059297,0.059027,0.62601,0.77531	0.055212,-0.045948,-0.68117,-0.7286	0.0197,0.002569,-0.4474,0.89412
189	0.17924,0.29876,0.61745,0.70525	0.027896,-0.077369,-0.74254,-0.66473	0.066236,0.073742,0.6127,0.78408	0.055212,-0.045948,-0.68117,-0.7286	0.0197,0.002569,-0.4474,0.89412
190	0.17687,0.30074,0.6254,0.69796	0.030179,-0.062793,-0.74595,-0.66235	0.072715,0.081435,0.60488,0.78879	0.055212,-0.045948,-0.68117,-0.7286	0.0197,0.002569,-0.4474,0.89412
191	0.17432,0.29825,0.63087,0.69474	0.031628,-0.049412,-0.749,-0.65996	0.083081,0.085898,0.60618,0.7863	0.055212,-0.045948,-0.68117,-0.7286	0.0197,0.002569,-0.4474,0.89412
192	0.17414,0.29552,0.63334,0.6937	0.034959,-0.03902,-0.7525,-0.6565	0.088648,0.085556,0.61107,0.78193	0.055212,-0.045948,-0.68117,-0.7286	0.0197,0.002569,-0.4474,0.89412
193	0.17571,0.28827,0.63636,0.69359	0.041462,-0.030227,-0.74932,-0.66022	0.10397,0.072334,0.6291,0.76694	0.055212,-0.045948,-0.68117,-0.7286	0.0197,0.002569,-0.4474,0.89412
194	0.17653,0.28618,0.63674,0.6939	0.029077,-0.013762,-0.75004,-0.66061	0.11646,0.069203,0.64119,0.75533	0.055212,-0.045948,-0.68117,-0.7286	0.0197,0.002569,-0.4474,0.89412
195	0.18095,0.27133,0.63498,0.70031	0.022314,0.0052145,-0.75108,-0.65981	0.11221,0.050194,0.64369,0.75535	0.055212,-0.045948,-0.68117,-0.7286	0.0197,0.002569,-0.4474,0.89412
196	0.18388,0.26029,0.63052,0.70773	0.019605,0.028986,-0.75033,-0.66013	0.11221,0.050194,0.64369,0.75535	0.055212,-0.045948,-0.68117,-0.7286	0.0197,0.002569,-0.4474,0.89412
197	0.19159,0.23576,0.61063,0.73133	0.01732,0.052968,-0.74442,-0.66538	0.11283,0.048028,0.64531,0.75401	0.055212,-0.045948,-0.68117,-0.7286	0.0197,0.002569,-0.4474,0.89412
198	0.19054,0.22103,0.59492,0.74894	0.010996,0.073375,-0.74576,-0.66207	0.11283,0.048028,0.64531,0.75401	0.055212,-0.045948,-0.68117,-0.7286	0.0197,0.002569,-0.4474,0.89412
199	0.20355,0.20676,0.56492,0.77245	0.006171,0.084922,-0.74734,-0.65896	0.12094,0.037692,0.65845,0.74189	0.055212,-0.045948,-0.68117,-0.7286	0.0197,0.002569,-0.4474,0.89412
200	0.20217,0.17406,0.53848,0.7993	0.0040052,0.088418,-0.74961,-0.65594	0.12037,0.035003,0.66129,0.73958	0.055212,-0.045948,-0.68117,-0.7286	0.0197,0.002569,-0.4474,0.89412
201	0.24279,0.19993,0.53683,0.78288	0.0024665,0.085326,-0.7504,-0.65545	0.12335,0.034437,0.6662,0.7347	0.055212,-0.045948,-0.68117,-0.7286	0.0197,0.002569,-0.4474,0.89412
202	0.24366,0.2013,0.56204,0.76434	0.0,-0.071062,0.74983,0.6578	0.12758,0.037576,0.66803,0.73215	0.055212,-0.045948,-0.68117,-0.7286	0.0197,0.002569,-0.4474,0.89412
203	0.24527,0.20097,0.58305,0.748	0.018332,-0.022235,0.74348,0.66813	0.12932,0.03812,0.66897,0.73096	0.055212,-0.045948,-0.68117,-0.7286	0.0197,0.002569,-0.4474,0.89412
204	0.25247,0.20388,0.58005,0.74715	0.037598,0.021581,0.73312,0.67872	0.13312,0.040628,0.67159,0.72773	0.055212,-0.045948,-0.68117,-0.7286	0.0197,0.002569,-0.4474,0.89412
205	0.27359,0.21725,0.57227,0.74193	0.049964,0.051643,0.72883,0.68092	0.1465,0.048842,0.6704,0.72576	0.055212,-0.045948,-0.68117,-0.7286	0.0197,0.002569,-0.4474,0.89412
206	0.31262,0.24262,0.55851,0.72902	0.073058,0.098395,0.72057,0.68246	0.16974,0.061352,0.66563,0.72413	0.055212,-0.045948,-0.68117,-0.7286	0.0197,0.002569,-0.4474,0.89412
207	0.348,0.26714,0.54776,0.71239	0.093679,0.13824,0.70378,0.69051	0.17053,0.061194,0.66334,0.72605	0.055212,-0.045948,-0.68117,-0.7286	0.0197,0.002569,-0.4474,0.89412
208	0.43566,0.34095,0.52415,0.64747	0.11416,0.17374,0.69222,0.69109	0.16553,0.061115,0.6612,0.72917	0.055212,-0.045948,-0.68117,-0.7286	0.0197,0.002569,-0.4474,0.89412
209	0.44078,0.38457,0.51815,0.62397	0.1356,0.20363,0.68081,0.69039	0.16044,0.064822,0.65613,0.73454	0.055212,-0.045948,-0.68117,-0.7286	0.0197,0.002569,-0.4474,0.89412
210	0.41998,0.40909,0.51456,0.62569	0.15338,0.23097,0.67585,0.68291	0.16273,0.068285,0.65354,0.73603	0.055212,-0.045948,-0.68117,-0.7286	0.0197,0.002569,-0.4474,0.89412
211	0.4214,0.42804,0.50833,0.61709	0.16663,0.25274,0.6722,0.67565	0.16124,0.088917,0.64766,0.73935	0.055212,-0.045948,-0.68117,-0.7286	0.0197,0.002569,-0.4474,0.89412
212	0.42497,0.45013,0.50209,0.60389	0.17705,0.27259,0.67052,0.66689	0.16576,0.11579,0.6415,0.74	0.055212,-0.045948,-0.68117,-0.7286	0.0197,0.002569,-0.4474,0.89412
213	0.43805,0.46806,0.49977,0.58246	0.19085,0.29552,0.67079,0.65291	0.16494,0.17411,0.67211,0.70054	0.055212,-0.045948,-0.68117,-0.7286	0.0197,0.002569,-0.4474,0.89412
214	0.44685,0.4717,0.49985,0.57269	0.19443,0.30179,0.67042,0.64935	0.33955,0.367,0.59535,0.62894	0.055212,-0.045948,-0.68117,-0.7286	0.0197,0.002569,-0.4474,0.89412
215	0.45158,0.46682,0.50145,0.57158	0.21804,0.32531,0.66697,0.63386	0.48209,0.41667,0.43446,0.63656	0.055212,-0.045948,-0.68117,-0.7286	0.0197,0.002569,-0.4474,0.89412
216	0.45571,0.45764,0.50153,0.57564	0.23743,0.33284,0.66681,0.62306	0.49876,0.42691,0.4234,0.62427	0.055212,-0.045948,-0.68117,-0.7286	0.0197,0.002569,-0.4474,0.89412
217	0.4797,0.46422,0.48804,0.56231	0.25238,0.33856,0.66004,0.62131	0.50044,0.43426,0.43607,0.60895	0.055212,-0.045948,-0.68117,-0.7286	0.0197,0.002569,-0.4474,0.89412
218	0.5299,0.48452,0.44746,0.53312	0.24524,0.32971,0.66304,0.62572	0.50287,0.44022,0.44191,0.59836	0.055212,-0.045948,-0.68117,-0.7286	0.0197,0.002569,-0.4474,0.89412
219	0.5958,0.5007,0.42698,0.46045	0.25108,0.33095,0.66347,0.62229	0.51136,0.4502,0.46481,0.56549	0.055212,-0.045948,-0.68117,-0.7286	0.0197,0.002569,-0.4474,0.89412
220	0.60366,0.52875,0.42237,0.42144	0.25542,0.33289,0.66126,0.62183	0.51423,0.44611,0.46675,0.56453	0.055212,-0.045948,-0.68117,-0.7286	0.0197,0.002569,-0.4474,0.89412
221	0.59646,0.54372,0.41886,0.41612	0.26644,0.33191,0.64926,0.63032	0.52095,0.44259,0.46485,0.56271	0.055212,-0.045948,-0.68117,-0.7286	0.0197,0.002569,-0.4474,0.89412
222	0.58982,0.5417,0.40611,0.44017	0.27201,0.3355,0.64347,0.63198	0.52494,0.43985,0.46493,0.56108	0.055212,-0.045948,-0.68117,-0.7286	0.0197,0.002569,-0.4474,0.89412
223	0.59684,0.52928,0.37141,0.47507	0.28474,0.33464,0.63327,0.6371	0.52438,0.43567,0.4706,0.56012	0.055212,-0.045948,-0.68117,-0.7286	0.0197,0.002569,-0.4474,0.89412
224	0.60161,0.52549,0.36963,0.47465	0.28637,0.34349,0.62137,0.64335	0.52341,0.43723,0.47124,0.55929	0.055212,-0.045948,-0.68117,-0.7286	0.0197,0.002569,-0.4474,0.89412
225	0.60639,0.51927,0.36676,0.47764	0.27152,0.33874,0.60523,0.66725	0.51601,0.44313,0.47496,0.55837	0.055212,-0.045948,-0.68117,-0.7286	0.0197,0.002569,-0.4474,0.89412
226	0.6127,0.51602,0.36583,0.47381	0.27275,0.29847,0.57544,0.71091	0.49851,0.46262,0.47394,0.55933	0.055212,-0.045948,-0.68117,-0.7286	0.0197,0.002569,-0.4474,0.89412
227	0.62021,0.50884,0.36613,0.47157	0.27594,0.28648,0.56366,0.72393	0.49463,0.45867,0.44905,0.58594	0.055212,-0.045948,-0.68117,-0.7286	0.0197,0.002569,-0.4474,0.89412
228	0.62476,0.50267,0.36644,0.47193	0.28184,0.26614,0.54623,0.74254	0.49464,0.47411,0.43549,0.58387	0.055212,-0.045948,-0.68117,-0.7286	0.0197,0.002569,-0.4474,0.89412
229	0.62898,0.49746,0.36715,0.47129	0.28662,0.25674,0.53636,0.75116	0.51514,0.45786,0.41767,0.59208	0.055212,-0.045948,-0.68117,-0.7286	0.0197,0.002569,-0.4474,0.89412
230	0.63862,0.48562,0.3633,0.47366	0.29627,0.24792,0.52274,0.75993	0.52317,0.4474,0.40984,0.59846	0.055212,-0.045948,-0.68117,-0.7286	0.0197,0.002569,-0.4474,0.89412
231	0.64399,0.47789,0.36103,0.47598	0.3012,0.24358,0.51559,0.76427	0.528,0.43839,0.40321,0.60536	0.055212,-0.045948,-0.68117,-0.7286	0.0197,0.002569,-0.4474,0.89412
232	0.65048,0.46753,0.35802,0.4797	0.30505,0.24428,0.51512,0.76284	0.53133,0.43166,0.39979,0.60953	0.055212,-0.045948,-0.68117,-0.7286	0.0197,0.002569,-0.4474,0.89412
233	0.65706,0.45783,0.35132,0.48502	0.30382,0.24299,0.51608,0.76309	0.5372,0.42221,0.39164,0.61626	0.055212,-0.045948,-0.68117,-0.7286	0.0197,0.002569,-0.4474,0.89412
234	0.66481,0.4494,0.34066,0.48992	0.29436,0.24045,0.52456,0.76182	0.54426,0.4152,0.38065,0.62169	0.055212,-0.045948,-0.68117,-0.7286	0.0197,0.002569,-0.4474,0.89412
235	0.67774,0.43323,0.3168,0.5026	0.29253,0.23757,0.52373,0.764	0.55236,0.39214,0.36037,0.64129	0.055212,-0.045948,-0.68117,-0.7286	0.0197,0.002569,-0.4474,0.89412
236	0.67881,0.42735,0.30971,0.51055	0.29112,0.23611,0.52235,0.76593	0.55455,0.37729,0.34314,0.65755	0.055212,-0.045948,-0.68117,-0.7286	0.0197,0.002569,-0.4474,0.89412
237	0.68151,0.41893,0.30462,0.51696	0.28809,0.23145,0.52036,0.76985	0.55546,0.37289,0.3286,0.66666	0.055212,-0.045948,-0.68117,-0.7286	0.0197,0.002569,-0.4474,0.89412
238	0.68359,0.41052,0.30291,0.52194	0.28569,0.22882,0.51805,0.77308	0.55491,0.37359,0.31228,0.67453	0.055212,-0.045948,-0.68117,-0.7286	0.0197,0.002569,-0.4474,0.89412
239	0.68471,0.40323,0.3026,0.52631	0.28412,0.22825,0.51779,0.774	0.55577,0.375,0.30539,0.67619	0.055212,-0.045948,-0.68117,-0.7286	0.0197,0.002569,-0.4474,0.89412
240	0.68466,0.40145,0.30275,0.52765	0.27553,0.22463,0.5193,0.77714	0.55704,0.37658,0.30102,0.67623	0.055212,-0.045948,-0.68117,-0.7286	0.0197,0.002569,-0.4474,0.89412
241	0.68355,0.40361,0.30528,0.52598	0.27167,0.22477,0.52088,0.7774	0.56027,0.38098,0.2988,0.67206	0.055212,-0.045948,-0.68117,-0.7286	0.0197,0.002569,-0.4474,0.89412
242	0.68187,0.40636,0.30951,0.52357	0.26705,0.22388,0.52345,0.77753	0.56282,0.38625,0.30183,0.66554	0.055212,-0.045948,-0.68117,-0.7286	0.0197,0.002569,-0.4474,0.89412
243	0.67795,0.41129,0.31618,0.52081	0.2602,0.22365,0.53204,0.77409	0.56238,0.39175,0.30851,0.6596	0.055212,-0.045948,-0.68117,-0.7286	0.0197,0.002569,-0.4474,0.89412
244	0.67304,0.41904,0.32293,0.51685	0.25886,0.22452,0.53723,0.77069	0.56048,0.39865,0.32212,0.65052	0.055212,-0.045948,-0.68117,-0.7286	0.0197,0.002569,-0.4474,0.89412
245	0.66698,0.42913,0.32971,0.51213	0.25501,0.2246,0.54484,0.7666	0.55865,0.40338,0.33264,0.64385	0.055212,-0.045948,-0.68117,-0.7286	0.0197,0.002569,-0.4474,0.89412
246	0.66397,0.43305,0.33245,0.51097	0.24943,0.2289,0.56049,0.7558	0.55731,0.4077,0.34154,0.6376	0.055212,-0.045948,-0.68117,-0.7286	0.0197,0.002569,-0.4474,0.89412
247	0.65984,0.43886,0.33625,0.50887	0.24139,0.23454,0.58216,0.74014	0.55169,0.41512,0.36359,0.62539	0.055212,-0.045948,-0.68117,-0.7286	0.0197,0.002569,-0.4474,0.89412
248	0.65044,0.45196,0.34351,0.50464	0.23659,0.2376,0.59446,0.73088	0.54363,0.42464,0.38508,0.61307	0.055212,-0.045948,-0.68117,-0.7286	0.0197,0.002569,-0.4474,0.89412
249	0.63327,0.47169,0.35632,0.49951	0.22914,0.24489,0.61777,0.71126	0.53662,0.43365,0.40091,0.6027	0.055212,-0.045948,-0.68117,-0.7286	0.0197,0.002569,-0.4474,0.89412
250	0.59865,0.50751,0.39016,0.48148	0.22623,0.25143,0.62879,0.70016	0.52802,0.44977,0.41879,0.58611	0.055212,-0.045948,-0.68117,-0.7286	0.0197,0.002569,-0.4474,0.89412
251	0.58024,0.52615,0.41716,0.46094	0.22396,0.25677,0.63704,0.69144	0.52253,0.45907,0.42704,0.5778	0.055212,-0.045948,-0.68117,-0.7286	0.0197,0.002569,-0.4474,0.89412
252	0.56748,0.53256,0.43057,0.4571	0.21442,0.2643,0.65391,0.6757	0.51058,0.47563,0.44034,0.56496	0.055212,-0.045948,-0.68117,-0.7286	0.0197,0.002569,-0.4474,0.89412
253	0.56366,0.53475,0.43411,0.45594	0.21046,0.27155,0.66409,0.66404	0.49913,0.49022,0.45242,0.55305	0.055212,-0.045948,-0.68117,-0.7286	0.0197,0.002569,-0.4474,0.89412
254	0.5634,0.5362,0.4331,0.45552	0.21229,0.27435,0.66704,0.65933	0.49629,0.49679,0.45509,0.54753	0.055212,-0.045948,-0.68117,-0.7286	0.0197,0.002569,-0.4474,0.89412
255	0.56414,0.53418,0.4303,0.4596	0.21559,0.27566,0.66411,0.66068	0.49627,0.50053,0.45359,0.54538	0.055212,-0.045948,-0.68117,-0.7286	0.0197,0.002569,-0.4474,0.89412
256	0.56627,0.53039,0.42564,0.46568	0.21892,0.27553,0.65938,0.66436	0.49673,0.49899,0.45058,0.54885	0.055212,-0.045948,-0.68117,-0.7286	0.0197,0.002569,-0.4474,0.89412
257	0.57005,0.5277,0.4203,0.46896	0.22423,0.27559,0.65063,0.67116	0.49888,0.49715,0.44867,0.55014	0.055212,-0.045948,-0.68117,-0.7286	0.0197,0.002569,-0.4474,0.89412
258	0.57343,0.52524,0.41598,0.47145	0.22937,0.27571,0.64411,0.67564	0.5022,0.4925,0.44644,0.55309	0.055212,-0.045948,-0.68117,-0.7286	0.0197,0.002569,-0.4474,0.89412
259	0.57812,0.52187,0.40962,0.47501	0.23488,0.27223,0.62956,0.68875	0.49971,0.49057,0.44999,0.5542	0.055212,-0.045948,-0.68117,-0.7286	0.0197,0.002569,-0.4474,0.89412
260	0.58244,0.51809,0.40323,0.47932	0.23617,0.26484,0.61788,0.70165	0.49553,0.48512,0.45694,0.55706	0.055212,-0.045948,-0.68117,-0.7286	0.0197,0.002569,-0.4474,0.89412
261	0.59035,0.53517,0.39249,0.45938	0.23615,0.25475,0.6065,0.71519	0.49136,0.47817,0.4621,0.56248	0.055212,-0.045948,-0.68117,-0.7286	0.0197,0.002569,-0.4474,0.89412
262	0.59933,0.53381,0.38173,0.4584	0.23633,0.24615,0.59748,0.72565	0.49355,0.4664,0.45789,0.57377	0.055212,-0.045948,-0.68117,-0.7286	0.0197,0.002569,-0.4474,0.89412
263	0.60479,0.5267,0.37527,0.46475	0.23864,0.23684,0.58612,0.73717	0.49865,0.45971,0.45066,0.58044	0.055212,-0.045948,-0.68117,-0.7286	0.0197,0.002569,-0.4474,0.89412
264	0.61048,0.51449,0.37,0.47509	0.24417,0.22466,0.57198,0.75017	0.50297,0.45165,0.44447,0.58778	0.055212,-0.045948,-0.68117,-0.7286	0.0197,0.002569,-0.4474,0.89412
265	0.61359,0.50636,0.3671,0.48201	0.24648,0.21447,0.56298,0.75915	0.50922,0.44176,0.42949,0.6009	0.055212,-0.045948,-0.68117,-0.7286	0.0197,0.002569,-0.4474,0.89412
266	0.61745,0.49313,0.36409,0.49296	0.24721,0.20652,0.55471,0.76716	0.51775,0.43568,0.41051,0.61123	0.055212,-0.045948,-0.68117,-0.7286	0.0197,0.002569,-0.4474,0.89412
267	0.62607,0.47469,0.35675,0.50541	0.24735,0.19749,0.54453,0.77672	0.52651,0.42899,0.39014,0.62173	0.055212,-0.045948,-0.68117,-0.7286	0.0197,0.002569,-0.4474,0.89412
268	0.62947,0.46894,0.35343,0.50888	0.24799,0.19424,0.5393,0.78098	0.53284,0.42312,0.37584,0.62912	0.055212,-0.045948,-0.68117,-0.7286	0.0197,0.002569,-0.4474,0.89412
269	0.63826,0.45685,0.34631,0.51379	0.25098,0.19298,0.53557,0.78289	0.53991,0.41153,0.35505,0.6427	0.055212,-0.045948,-0.68117,-0.7286	0.0197,0.002569,-0.4474,0.89412
270	0.64816,0.44171,0.33841,0.51987	0.25127,0.19373,0.53501,0.78301	0.54317,0.39972,0.34073,0.65505	0.055212,-0.045948,-0.68117,-0.7286	0.0197,0.002569,-0.4474,0.89412
271	0.65406,0.43224,0.33087,0.52527	0.25014,0.19327,0.53515,0.78339	0.54411,0.39492,0.33482,0.66021	0.055212,-0.045948,-0.68117,-0.7286	0.0197,0.002569,-0.4474,0.89412
272	0.65669,0.42842,0.32715,0.52744	0.25049,0.19437,0.53549,0.78277	0.54602,0.38812,0.32684,0.66663	0.055212,-0.045948,-0.68117,-0.7286	0.0197,0.002569,-0.4474,0.89412
273	0.65947,0.41801,0.31888,0.53729	0.2497,0.19465,0.53637,0.78235	0.54817,0.38297,0.31881,0.67172	0.055212,-0.045948,-0.68117,-0.7286	0.0197,0.002569,-0.4474,0.89412
274	0.66322,0.40313,0.31108,0.5485	0.24642,0.19412,0.5392,0.78157	0.54974,0.38037,0.31359,0.67436	0.055212,-0.045948,-0.68117,-0.7286	0.0197,0.002569,-0.4474,0.89412
275	0.6646,0.40194,0.30699,0.55001	0.24511,0.19452,0.54088,0.78073	0.55314,0.37641,0.29929,0.68027	0.055212,-0.045948,-0.68117,-0.7286	0.0197,0.002569,-0.4474,0.89412
276	0.66344,0.40552,0.30932,0.54747	0.24445,0.19651,0.54159,0.77994	0.55385,0.37639,0.29471,0.68171	0.055212,-0.045948,-0.68117,-0.7286	0.0197,0.002569,-0.4474,0.89412
277	0.6603,0.41288,0.31408,0.54303	0.24348,0.19778,0.54305,0.77891	0.55502,0.37916,0.29806,0.67776	0.055212,-0.045948,-0.68117,-0.7286	0.0197,0.002569,-0.4474,0.89412
278	0.65487,0.42365,0.32156,0.5369	0.24304,0.20013,0.54395,0.77782	0.55983,0.39171,0.30923,0.66146	0.055212,-0.045948,-0.68117,-0.7286	0.0197,0.002569,-0.4474,0.89412
279	0.65186,0.42899,0.32546,0.53396	0.2421,0.20125,0.54488,0.77717	0.55681,0.40735,0.33228,0.64313	0.055212,-0.045948,-0.68117,-0.7286	0.0197,0.002569,-0.4474,0.89412
280	0.6415,0.4463,0.33659,0.52535	0.24154,0.2075,0.54997,0.7721	0.55521,0.41299,0.3426,0.63546	0.055212,-0.045948,-0.68117,-0.7286	0.0197,0.002569,-0.4474,0.89412
281	0.63287,0.46005,0.3434,0.51953	0.23984,0.21187,0.55811,0.76557	0.55164,0.41916,0.35725,0.6264	0.055212,-0.045948,-0.68117,-0.7286	0.0197,0.002569,-0.4474,0.89412
282	0.627,0.46852,0.34776,0.51616	0.23784,0.21858,0.57488,0.75177	0.54197,0.43673,0.38581,0.60554	0.055212,-0.045948,-0.68117,-0.7286	0.0197,0.002569,-0.4474,0.89412
283	0.61913,0.4792,0.35428,0.51139	0.23885,0.2365,0.59774,0.72782	0.535,0.45017,0.40194,0.59124	0.055212,-0.045948,-0.68117,-0.7286	0.0197,0.002569,-0.4474,0.89412
284	0.59715,0.50652,0.37585,0.49557	0.23649,0.25092,0.61369,0.71028	0.52565,0.46617,0.4173,0.5764	0.055212,-0.045948,-0.68117,-0.7286	0.0197,0.002569,-0.4474,0.89412
285	0.57182,0.53461,0.40762,0.47017	0.23654,0.25228,0.61476,0.70886	0.50493,0.49864,0.44353,0.54743	0.055212,-0.045948,-0.68117,-0.7286	0.0197,0.002569,-0.4474,0.89412
286	0.56597,0.54055,0.41534,0.46366	0.23562,0.25406,0.61716,0.70643	0.49495,0.50828,0.45213,0.5406	0.055212,-0.045948,-0.68117,-0.7286	0.0197,0.002569,-0.4474,0.89412
287	0.55997,0.54461,0.42254,0.45967	0.23452,0.25885,0.62443,0.69863	0.49049,0.51356,0.45753,0.53511	0.055212,-0.045948,-0.68117,-0.7286	0.0197,0.002569,-0.4474,0.89412
288	0.55648,0.54634,0.42689,0.45782	0.2304,0.26745,0.63771,0.68463	0.48736,0.51504,0.46208,0.53263	0.055212,-0.045948,-0.68117,-0.7286	0.0197,0.002569,-0.4474,0.89412
289	0.5546,0.54786,0.42964,0.45571	0.22935,0.26971,0.64122,0.6808	0.48664,0.51579,0.4633,0.53151	0.055212,-0.045948,-0.68117,-0.7286	0.0197,0.002569,-0.4474,0.89412
290	0.55318,0.54874,0.43148,0.45463	0.22812,0.27289,0.64628,0.67514	0.4871,0.51417,0.46258,0.53327	0.055212,-0.045948,-0.68117,-0.7286	0.0197,0.002569,-0.4474,0.89412
291	0.55275,0.54887,0.43262,0.45393	0.22816,0.27424,0.64776,0.67316	0.48613,0.5119,0.46342,0.5356	0.055212,-0.045948,-0.68117,-0.7286	0.0197,0.002569,-0.4474,0.89412
292	0.55179,0.54962,0.43367,0.45318	0.22813,0.27791,0.65216,0.66739	0.48474,0.5105,0.46561,0.53631	0.055212,-0.045948,-0.68117,-0.7286	0.0197,0.002569,-0.4474,0.89412
293	0.55028,0.55236,0.43271,0.45261	0.22802,0.28032,0.65487,0.66375	0.48405,0.51118,0.46276,0.53874	0.055212,-0.045948,-0.68117,-0.7286	0.0197,0.002569,-0.4474,0.89412
294	0.54891,0.55705,0.42847,0.45255	0.23012,0.283,0.65884,0.65794	0.48066,0.51224,0.45996,0.54315	0.055212,-0.045948,-0.68117,-0.7286	0.0197,0.002569,-0.4474,0.89412
295	0.54864,0.56229,0.42176,0.4527	0.23104,0.2824,0.65953,0.65719	0.47568,0.51642,0.45671,0.54629	0.055212,-0.045948,-0.68117,-0.7286	0.0197,0.002569,-0.4474,0.89412
296	0.54883,0.56702,0.41345,0.45424	0.23024,0.2787,0.66086,0.65771	0.47224,0.51941,0.4542,0.54854	0.055212,-0.045948,-0.68117,-0.7286	0.0197,0.002569,-0.4474,0.89412
297	0.5479,0.57111,0.40695,0.4561	0.22897,0.27595,0.66159,0.65858	0.46887,0.52381,0.45164,0.54936	0.055212,-0.045948,-0.68117,-0.7286	0.0197,0.002569,-0.4474,0.89412
298	0.55004,0.61232,0.37956,0.42243	0.2323,0.27083,0.65999,0.66113	0.45562,0.52854,0.46182,0.54751	0.055212,-0.045948,-0.68117,-0.7286	0.0197,0.002569,-0.4474,0.89412
299	0.55349,0.61904,0.3714,0.41533	0.23389,0.26573,0.66043,0.66221	0.43727,0.53398,0.47594,0.54511	0.055212,-0.045948,-0.68117,-0.7286	0.0197,0.002569,-0.4474,0.89412
300	0.55217,0.61987,0.37842,0.40947	0.24109,0.25974,0.66222,0.66021	0.43606,0.53616,0.47563,0.5442	0.055212,-0.045948,-0.68117,-0.7286	0.0197,0.002569,-0.4474,0.89412
301	0.55639,0.61391,0.38584,0.4058	0.25578,0.26056,0.66264,0.65391	0.4812,0.53191,0.4401,0.5402	0.055212,-0.045948,-0.68117,-0.7286	0.0197,0.002569,-0.4474,0.89412
302	0.5613,0.60806,0.3951,0.39888	0.26922,0.2806,0.65155,0.65136	0.51424,0.51156,0.42586,0.54084	0.055212,-0.045948,-0.68117,-0.7286	0.0197,0.002569,-0.4474,0.89412
303	0.56071,0.6042,0.40519,0.39544	0.26472,0.30237,0.64071,0.65421	0.50806,0.50851,0.43836,0.53956	0.055212,-0.045948,-0.68117,-0.7286	0.0197,0.002569,-0.4474,0.89412
304	0.55721,0.59434,0.41737,0.40259	0.25621,0.30199,0.64627,0.6523	0.51506,0.50734,0.4359,0.53601	0.055212,-0.045948,-0.68117,-0.7286	0.0197,0.002569,-0.4474,0.89412
305	0.5536,0.58034,0.42589,0.41875	0.24607,0.29264,0.65703,0.64971	0.52484,0.4973,0.43401,0.53747	0.055212,-0.045948,-0.68117,-0.7286	0.0197,0.002569,-0.4474,0.89412
306	0.5519,0.57586,0.42832,0.42466	0.24169,0.28463,0.67568,0.63564	0.53036,0.49215,0.42848,0.54122	0.055212,-0.045948,-0.68117,-0.7286	0.0197,0.002569,-0.4474,0.89412
307	0.55121,0.57577,0.42699,0.42701	0.24297,0.28861,0.68341,0.62499	0.52991,0.4925,0.42778,0.54189	0.055212,-0.045948,-0.68117,-0.7286	0.0197,0.002569,-0.4474,0.89412
308	0.55013,0.57613,0.42544,0.42946	0.24341,0.2889,0.68851,0.61907	0.52409,0.49584,0.4307,0.54218	0.055212,-0.045948,-0.68117,-0.7286	0.0197,0.002569,-0.4474,0.89412
309	0.54966,0.57567,0.42323,0.43284	0.24416,0.29098,0.69123,0.61475	0.52289,0.4984,0.42671,0.54414	0.055212,-0.045948,-0.68117,-0.7286	0.0197,0.002569,-0.4474,0.89412
310	0.54999,0.57512,0.42063,0.43567	0.24268,0.2906,0.69472,0.61158	0.52392,0.4998,0.42283,0.5449	0.055212,-0.045948,-0.68117,-0.7286	0.0197,0.002569,-0.4474,0.89412
311	0.55136,0.574,0.41812,0.43783	0.24275,0.29143,0.69647,0.60916	0.52717,0.50118,0.41652,0.54537	0.055212,-0.045948,-0.68117,-0.7286	0.0197,0.002569,-0.4474,0.89412
312	0.55216,0.57254,0.41679,0.44001	0.24308,0.29458,0.69644,0.60754	0.53162,0.5025,0.41045,0.54443	0.055212,-0.045948,-0.68117,-0.7286	0.0197,0.002569,-0.4474,0.89412
313	0.55146,0.57198,0.41626,0.4421	0.24295,0.29746,0.69605,0.60663	0.53265,0.50339,0.40768,0.54469	0.055212,-0.045948,-0.68117,-0.7286	0.0197,0.002569,-0.4474,0.89412
314	0.55106,0.57183,0.4157,0.44332	0.2433,0.29642,0.69469,0.60856	0.53263,0.50366,0.40625,0.54552	0.055212,-0.045948,-0.68117,-0.7286	0.0197,0.002569,-0.4474,0.89412
315	0.55055,0.57204,0.4148,0.44453	0.24271,0.29455,0.69361,0.61094	0.53199,0.50433,0.40517,0.54633	0.055212,-0.045948,-0.68117,-0.7286	0.0197,0.002569,-0.4474,0.89412
316	0.55035,0.57219,0.41397,0.44535	0.24299,0.29294,0.69169,0.61376	0.53158,0.50518,0.40443,0.5465	0.055212,-0.045948,-0.68117,-0.7286	0.0197,0.002569,-0.4474,0.89412
317	0.55054,0.5721,0.41308,0.44607	0.2437,0.29211,0.68954,0.61629	0.53128,0.50586,0.4036,0.54677	0.055212,-0.045948,-0.68117,-0.7286	0.0197,0.002569,-0.4474,0.89412
318	0.55058,0.57206,0.41289,0.44624	0.24552,0.29236,0.68584,0.61957	0.53122,0.50642,0.40345,0.54642	0.055212,-0.045948,-0.68117,-0.7286	0.0197,0.002569,-0.4474,0.89412
319	0.55058,0.57207,0.41299,0.44614	0.24588,0.29235,0.68481,0.62057	0.53098,0.50641,0.40371,0.54647	0.055212,-0.045948,-0.68117,-0.7286	0.0197,0.002569,-0.4474,0.89412
320	0.55044,0.57221,0.41301,0.44611	0.24791,0.29111,0.68021,0.62539	0.53067,0.50643,0.40398,0.54655	0.055212,-0.045948,-0.68117,-0.7286	0.0197,0.002569,-0.4474,0.89412
321	0.55049,0.57218,0.41303,0.44608	0.24793,0.29015,0.67948,0.62662	0.53025,0.5066,0.40418,0.54665	0.055212,-0.045948,-0.68117,-0.7286	0.0197,0.002569,-0.4474,0.89412
322	0.55026,0.57246,0.413,0.44602	0.24946,0.28996,0.67805,0.62765	0.52959,0.50671,0.40468,0.54683	0.055212,-0.045948,-0.68117,-0.7286	0.0197,0.002569,-0.4474,0.89412
323	0.55022,0.5725,0.41302,0.446	0.24986,0.28874,0.67749,0.62865	0.52889,0.50685,0.40516,0.54702	0.055212,-0.045948,-0.68117,-0.7286	0.0197,0.002569,-0.4474,0.89412
324	0.55007,0.57266,0.41312,0.4459	0.24964,0.28717,0.67692,0.63007	0.52877,0.50697,0.40511,0.54705	0.055212,-0.045948,-0.68117,-0.7286	0.0197,0.002569,-0.4474,0.89412
325	0.55051,0.57158,0.41247,0.44732	0.24825,0.28482,0.67652,0.63211	0.52877,0.50672,0.40417,0.54798	0.055212,-0.045948,-0.68117,-0.7286	0.0197,0.002569,-0.4474,0.89412
326	0.5505,0.57132,0.41239,0.44775	0.24721,0.28218,0.67621,0.63403	0.52904,0.50676,0.40303,0.54852	0.055212,-0.045948,-0.68117,-0.7286	0.0197,0.002569,-0.4474,0.89412
327	0.55045,0.57077,0.41261,0.4483	0.24626,0.28129,0.67737,0.63356	0.52969,0.50701,0.40233,0.54818	0.055212,-0.045948,-0.68117,-0.7286	0.0197,0.002569,-0.4474,0.89412
328	0.55068,0.5693,0.41281,0.4497	0.24528,0.28054,0.67765,0.63397	0.52956,0.50609,0.40153,0.54974	0.055212,-0.045948,-0.68117,-0.7286	0.0197,0.002569,-0.4474,0.89412
329	0.55197,0.56718,0.41193,0.4516	0.24317,0.28011,0.67886,0.63368	0.52955,0.50574,0.40117,0.55032	0.055212,-0.045948,-0.68117,-0.7286	0.0197,0.002569,-0.4474,0.89412
330	0.55301,0.56588,0.4109,0.45289	0.24167,0.28004,0.68001,0.63305	0.53005,0.50614,0.39958,0.55063	0.055212,-0.045948,-0.68117,-0.7286	0.0197,0.002569,-0.4474,0.89412
331	0.55393,0.56517,0.40897,0.45441	0.24126,0.27999,0.68039,0.63282	0.52981,0.50686,0.39683,0.5522	0.055212,-0.045948,-0.68117,-0.7286	0.0197,0.002569,-0.4474,0.89412
332	0.55466,0.5641,0.40768,0.456	0.23705,0.27955,0.6847,0.62995	0.53017,0.50615,0.39355,0.55484	0.055212,-0.045948,-0.68117,-0.7286	0.0197,0.002569,-0.4474,0.89412
333	0.55514,0.56264,0.40721,0.45763	0.23502,0.28116,0.68865,0.62568	0.53046,0.50552,0.39197,0.55626	0.055212,-0.045948,-0.68117,-0.7286	0.0197,0.002569,-0.4474,0.89412
334	0.55596,0.56131,0.40699,0.45847	0.23482,0.28155,0.69349,0.62021	0.53092,0.50557,0.3911,0.55639	0.055212,-0.045948,-0.68117,-0.7286	0.0197,0.002569,-0.4474,0.89412
335	0.55665,0.56077,0.40626,0.45894	0.23382,0.28027,0.70058,0.61317	0.53149,0.50541,0.39042,0.55646	0.055212,-0.045948,-0.68117,-0.7286	0.0197,0.002569,-0.4474,0.89412
336	0.55729,0.56007,0.40573,0.45948	0.23255,0.27991,0.70454,0.60926	0.53236,0.50532,0.38896,0.55674	0.055212,-0.045948,-0.68117,-0.7286	0.0197,0.002569,-0.4474,0.89412
337	0.55662,0.5615,0.40546,0.45879	0.23254,0.28016,0.70537,0.60819	0.5319,0.50558,0.38952,0.55654	0.055212,-0.045948,-0.68117,-0.7286	0.0197,0.002569,-0.4474,0.89412
338	0.55534,0.56427,0.40552,0.45688	0.23297,0.28072,0.70604,0.60699	0.53039,0.50582,0.39156,0.55633	0.055212,-0.045948,-0.68117,-0.7286	0.0197,0.002569,-0.4474,0.89412
339	0.55435,0.56607,0.40518,0.45616	0.23745,0.28587,0.70982,0.59837	0.52861,0.50705,0.39381,0.55533	0.055212,-0.045948,-0.68117,-0.7286	0.0197,0.002569,-0.4474,0.89412
340	0.55308,0.56719,0.40436,0.45704	0.24027,0.28418,0.70749,0.60081	0.52569,0.50877,0.39603,0.55494	0.055212,-0.045948,-0.68117,-0.7286	0.0197,0.002569,-0.4474,0.89412
341	0.55148,0.56933,0.40294,0.45757	0.24531,0.28522,0.69858,0.60865	0.52245,0.51131,0.39689,0.55505	0.055212,-0.045948,-0.68117,-0.7286	0.0197,0.002569,-0.4474,0.89412
342	0.5499,0.57202,0.39948,0.45914	0.24461,0.2834,0.69214,0.61709	0.52049,0.51374,0.39632,0.55505	0.055212,-0.045948,-0.68117,-0.7286	0.0197,0.002569,-0.4474,0.89412
343	0.54925,0.57433,0.39484,0.46105	0.24409,0.28056,0.68855,0.62258	0.51842,0.51687,0.39412,0.55565	0.055212,-0.045948,-0.68117,-0.7286	0.0197,0.002569,-0.4474,0.89412
344	0.54916,0.57759,0.38891,0.46213	0.24985,0.28587,0.68894,0.61742	0.51482,0.52133,0.39115,0.55693	0.055212,-0.045948,-0.68117,-0.7286	0.0197,0.002569,-0.4474,0.89412
345	0.54804,0.58213,0.38281,0.46285	0.25269,0.28883,0.68849,0.61539	0.51017,0.52589,0.39114,0.55694	0.055212,-0.045948,-0.68117,-0.7286	0.0197,0.002569,-0.4474,0.89412
346	0.54595,0.58909,0.37928,0.45941	0.25883,0.29989,0.67767,0.61954	0.49246,0.53156,0.41351,0.55129	0.055212,-0.045948,-0.68117,-0.7286	0.0197,0.002569,-0.4474,0.89412
347	0.54382,0.59488,0.37817,0.45538	0.26254,0.31006,0.66596,0.62564	0.49051,0.53143,0.42344,0.54561	0.055212,-0.045948,-0.68117,-0.7286	0.0197,0.002569,-0.4474,0.89412
348	0.54041,0.60062,0.38154,0.44904	0.26804,0.32135,0.6571,0.62698	0.50356,0.53204,0.41694,0.53807	0.055212,-0.045948,-0.68117,-0.7286	0.0197,0.002569,-0.4474,0.89412
349	0.53937,0.60848,0.38686,0.43494	0.2705,0.33786,0.64793,0.62678	0.528,0.53094,0.38927,0.53646	0.055212,-0.045948,-0.68117,-0.7286	0.0197,0.002569,-0.4474,0.89412
350	0.53928,0.61586,0.39093,0.42079	0.2707,0.33855,0.64787,0.62639	0.58083,0.53169,0.3118,0.53171	0.055212,-0.045948,-0.68117,-0.7286	0.0197,0.002569,-0.4474,0.89412
351	0.54726,0.61373,0.40298,0.4018	0.27069,0.3391,0.64817,0.62579	0.60699,0.52907,0.28801,0.51836	0.055212,-0.045948,-0.68117,-0.7286	0.0197,0.002569,-0.4474,0.89412
352	0.57196,0.60353,0.41855,0.36527	0.27331,0.3372,0.65266,0.62099	0.62379,0.52763,0.29938,0.49281	0.055212,-0.045948,-0.68117,-0.7286	0.0197,0.002569,-0.4474,0.89412
353	0.58617,0.60284,0.41472,0.34784	0.27591,0.33725,0.65899,0.61308	0.63984,0.50699,0.32037,0.48055	0.055212,-0.045948,-0.68117,-0.7286	0.0197,0.002569,-0.4474,0.89412
354	0.60711,0.60897,0.39589,0.32224	0.2922,0.35216,0.64803,0.60881	0.64249,0.50281,0.32588,0.47769	0.055212,-0.045948,-0.68117,-0.7286	0.0197,0.002569,-0.4474,0.89412
355	0.62316,0.61989,0.37661,0.29253	0.30868,0.37256,0.63871,0.59831	0.64505,0.49809,0.3324,0.47468	0.055212,-0.045948,-0.68117,-0.7286	0.0197,0.002569,-0.4474,0.89412
356	0.61698,0.63717,0.37702,0.26683	0.31678,0.37807,0.63596,0.59352	0.64504,0.49862,0.33746,0.47055	0.055212,-0.045948,-0.68117,-0.7286	0.0197,0.002569,-0.4474,0.89412
357	0.60233,0.65826,0.37952,0.24465	0.33173,0.384,0.63448,0.58304	0.64419,0.4997,0.34,0.46875	0.055212,-0.045948,-0.68117,-0.7286	0.0197,0.002569,-0.4474,0.89412
358	0.60492,0.67462,0.35938,0.22317	0.35451,0.39934,0.6262,0.56808	0.64207,0.50265,0.34383,0.46569	0.055212,-0.045948,-0.68117,-0.7286	0.0197,0.002569,-0.4474,0.89412
359	0.6171,0.68477,0.32548,0.21058	0.37634,0.41647,0.6118,0.55733	0.6386,0.50727,0.34764,0.46261	0.055212,-0.045948,-0.68117,-0.7286	0.0197,0.002569,-0.4474,0.89412
360	0.62289,0.68468,0.29832,0.23287	0.40684,0.44268,0.58745,0.54167	0.63661,0.51324,0.34545,0.4604	0.055212,-0.045948,-0.68117,-0.7286	0.0197,0.002569,-0.4474,0.89412
361	0.63106,0.68509,0.27294,0.24064	0.42591,0.4531,0.57923,0.52706	0.63657,0.52463,0.32531,0.46229	0.055212,-0.045948,-0.68117,-0.7286	0.0197,0.002569,-0.4474,0.89412
362	0.62992,0.68829,0.25922,0.24952	0.43548,0.46132,0.57114,0.52091	0.63212,0.53529,0.31344,0.46436	0.055212,-0.045948,-0.68117,-0.7286	0.0197,0.002569,-0.4474,0.89412
363	0.62715,0.68772,0.24788,0.26883	0.45163,0.4884,0.53786,0.51788	0.62703,0.54922,0.30219,0.46246	0.055212,-0.045948,-0.68117,-0.7286	0.0197,0.002569,-0.4474,0.89412
364	0.63174,0.67872,0.24203,0.28577	0.45829,0.51214,0.51228,0.51503	0.61904,0.56843,0.29136,0.45693	0.055212,-0.045948,-0.68117,-0.7286	0.0197,0.002569,-0.4474,0.89412
365	0.63629,0.67209,0.23892,0.29383	0.4566,0.52839,0.50111,0.5111	0.61454,0.58038,0.28691,0.45075	0.055212,-0.045948,-0.68117,-0.7286	0.0197,0.002569,-0.4474,0.89412
366	0.64147,0.66744,0.23728,0.29453	0.45269,0.53663,0.49955,0.5075	0.60715,0.60261,0.28213,0.43432	0.055212,-0.045948,-0.68117,-0.7286	0.0197,0.002569,-0.4474,0.89412
367	0.64624,0.6642,0.23882,0.29013	0.44908,0.54114,0.49824,0.50719	0.59348,0.62801,0.29076,0.41089	0.055212,-0.045948,-0.68117,-0.7286	0.0197,0.002569,-0.4474,0.89412
368	0.64747,0.66335,0.2459,0.28334	0.44374,0.53702,0.50414,0.51043	0.60304,0.64313,0.26987,0.38716	0.055212,-0.045948,-0.68117,-0.7286	0.0197,0.002569,-0.4474,0.89412
369	0.64721,0.66163,0.26366,0.27173	0.43533,0.52644,0.51646,0.51636	0.61795,0.64842,0.24276,0.37251	0.055212,-0.045948,-0.68117,-0.7286	0.0197,0.002569,-0.4474,0.89412
370	0.64746,0.65992,0.27628,0.26264	0.42665,0.51178,0.53083,0.5237	0.62533,0.64824,0.22751,0.37012	0.055212,-0.045948,-0.68117,-0.7286	0.0197,0.002569,-0.4474,0.89412
371	0.63941,0.65943,0.31423,0.23993	0.41879,0.49136,0.54462,0.53532	0.6326,0.64645,0.2127,0.3697	0.055212,-0.045948,-0.68117,-0.7286	0.0197,0.002569,-0.4474,0.89412
372	0.62779,0.66325,0.33442,0.23269	0.41546,0.4694,0.56247,0.53915	0.6515,0.63462,0.18213,0.37368	0.055212,-0.045948,-0.68117,-0.7286	0.0197,0.002569,-0.4474,0.89412
373	0.62122,0.66576,0.3408,0.23387	0.41192,0.45994,0.57114,0.5409	0.66144,0.61857,0.18026,0.38389	0.055212,-0.045948,-0.68117,-0.7286	0.0197,0.002569,-0.4474,0.89412
374	0.63835,0.65258,0.33178,0.23786	0.41057,0.45421,0.57595,0.54167	0.6744,0.60673,0.19771,0.37142	0.055212,-0.045948,-0.68117,-0.7286	0.0197,0.002569,-0.4474,0.89412
375	0.6442,0.65035,0.32708,0.23466	0.41151,0.44505,0.58342,0.54057	0.67655,0.60532,0.19734,0.37002	0.055212,-0.045948,-0.68117,-0.7286	0.0197,0.002569,-0.4474,0.89412
376	0.65136,0.65396,0.3197,0.21414	0.41685,0.43703,0.58799,0.53805	0.67655,0.60532,0.19734,0.37002	0.055212,-0.045948,-0.68117,-0.7286	0.0197,0.002569,-0.4474,0.89412
377	0.63771,0.65741,0.31518,0.24858	0.41917,0.44091,0.58348,0.538	0.69118,0.58789,0.19722,0.37117	0.055212,-0.045948,-0.68117,-0.7286	0.0197,0.002569,-0.4474,0.89412
378	0.65003,0.64905,0.28645,0.27228	0.41583,0.44359,0.58259,0.53935	0.71648,0.54901,0.2097,0.37586	0.055212,-0.045948,-0.68117,-0.7286	0.0197,0.002569,-0.4474,0.89412
379	0.65534,0.64395,0.27242,0.28576	0.40445,0.44392,0.58719,0.54274	0.7191,0.54208,0.21841,0.37596	0.055212,-0.045948,-0.68117,-0.7286	0.0197,0.002569,-0.4474,0.89412
380	0.65634,0.64363,0.26729,0.28899	0.39492,0.43497,0.59524,0.5482	0.71831,0.54053,0.22789,0.37406	0.055212,-0.045948,-0.68117,-0.7286	0.0197,0.002569,-0.4474,0.89412
381	0.65376,0.64673,0.25621,0.29781	0.3618,0.426,0.60818,0.56368	0.71671,0.54167,0.23422,0.37157	0.055212,-0.045948,-0.68117,-0.7286	0.0197,0.002569,-0.4474,0.89412
382	0.63636,0.65867,0.25373,0.31115	0.30502,0.39609,0.62932,0.59501	0.71484,0.54275,0.23928,0.37038	0.055212,-0.045948,-0.68117,-0.7286	0.0197,0.002569,-0.4474,0.89412
383	0.61043,0.66724,0.27139,0.3294	0.26433,0.36178,0.64433,0.61975	0.7097,0.54815,0.24987,0.36524	0.055212,-0.045948,-0.68117,-0.7286	0.0197,0.002569,-0.4474,0.89412
384	0.58991,0.67091,0.29186,0.34161	0.23955,0.34043,0.65453,0.63112	0.70788,0.55149,0.25317,0.36148	0.055212,-0.045948,-0.68117,-0.7286	0.0197,0.002569,-0.4474,0.89412
385	0.58217,0.6719,0.30225,0.3439	0.21508,0.31597,0.66206,0.64466	0.67716,0.59896,0.19975,0.37788	0.055212,-0.045948,-0.68117,-0.7286	0.0197,0.002569,-0.4474,0.89412
386	0.58077,0.67202,0.30598,0.34272	0.20611,0.30969,0.65355,0.65915	0.67023,0.60358,0.19541,0.38509	0.055212,-0.045948,-0.68117,-0.7286	0.0197,0.002569,-0.4474,0.89412
387	0.5833,0.67275,0.3064,0.33656	0.21199,0.31809,0.64741,0.65935	0.6523,0.59664,0.1914,0.42648	0.055212,-0.045948,-0.68117,-0.7286	0.0197,0.002569,-0.4474,0.89412
388	0.58688,0.67421,0.3056,0.32803	0.21451,0.32025,0.64646,0.65842	0.64605,0.58994,0.19225,0.44456	0.055212,-0.045948,-0.68117,-0.7286	0.0197,0.002569,-0.4474,0.89412
389	0.58965,0.67744,0.30859,0.31329	0.22762,0.33414,0.64155,0.65188	0.63715,0.57819,0.21321,0.46289	0.055212,-0.045948,-0.68117,-0.7286	0.0197,0.002569,-0.4474,0.89412
390	0.5912,0.67893,0.31613,0.29931	0.23919,0.34417,0.63903,0.64496	0.62996,0.56494,0.23367,0.47894	0.055212,-0.045948,-0.68117,-0.7286	0.0197,0.002569,-0.4474,0.89412
391	0.59077,0.68558,0.32523,0.27419	0.25593,0.35086,0.63792,0.63597	0.62729,0.56269,0.23899,0.48246	0.055212,-0.045948,-0.68117,-0.7286	0.0197,0.002569,-0.4474,0.89412
392	0.5821,0.69574,0.35147,0.23146	0.26595,0.35028,0.63696,0.63313	0.62521,0.56338,0.24325,0.48222	0.055212,-0.045948,-0.68117,-0.7286	0.0197,0.002569,-0.4474,0.89412
393	0.56551,0.69429,0.38522,0.22309	0.27156,0.34899,0.63036,0.63805	0.62831,0.56388,0.2456,0.4764	0.055212,-0.045948,-0.68117,-0.7286	0.0197,0.002569,-0.4474,0.89412
394	0.5449,0.64999,0.43061,0.3085	0.2712,0.33939,0.64455,0.62914	0.64898,0.54123,0.24844,0.47348	0.055212,-0.045948,-0.68117,-0.7286	0.0197,0.002569,-0.4474,0.89412
395	0.57672,0.6039,0.4043,0.37315	0.26754,0.32628,0.65507,0.62678	0.68291,0.49491,0.27645,0.46073	0.055212,-0.045948,-0.68117,-0.7286	0.0197,0.002569,-0.4474,0.89412
396	0.60571,0.56447,0.37458,0.41735	0.26826,0.31854,0.65766,0.62773	0.67907,0.48489,0.32304,0.44652	0.055212,-0.045948,-0.68117,-0.7286	0.0197,0.002569,-0.4474,0.89412
397	0.6277,0.52123,0.34848,0.46138	0.26434,0.31149,0.65879,0.63173	0.66149,0.49603,0.35964,0.43249	0.055212,-0.045948,-0.68117,-0.7286	0.0197,0.002569,-0.4474,0.89412
398	0.63551,0.49993,0.32531,0.49027	0.26026,0.30876,0.6598,0.63371	0.6285,0.51501,0.41608,0.4082	0.055212,-0.045948,-0.68117,-0.7286	0.0197,0.002569,-0.4474,0.89412
399	0.63903,0.49368,0.29304,0.51191	0.24496,0.29798,0.66233,0.64228	0.61949,0.518,0.43311,0.40042	0.055212,-0.045948,-0.68117,-0.7286	0.0197,0.002569,-0.4474,0.89412
400	0.63776,0.49704,0.27923,0.51791	0.23706,0.29091,0.66427,0.64647	0.60813,0.52358,0.4565,0.38425	0.055212,-0.045948,-0.68117,-0.7286	0.0197,0.002569,-0.4474,0.89412
401	0.636,0.50106,0.27074,0.52072	0.23554,0.28947,0.66467,0.64725	0.59658,0.52996,0.47581,0.36992	0.055212,-0.045948,-0.68117,-0.7286	0.0197,0.002569,-0.4474,0.89412
402	0.62697,0.53581,0.27191,0.49587	0.22352,0.27731,0.6647,0.65675	0.58057,0.54888,0.49225,0.34547	0.055212,-0.045948,-0.68117,-0.7286	0.0197,0.002569,-0.4474,0.89412
403	0.60107,0.55569,0.29968,0.49001	0.21918,0.27946,0.6492,0.6726	0.53668,0.53791,0.50801,0.40565	0.055212,-0.045948,-0.68117,-0.7286	0.0197,0.002569,-0.4474,0.89412
404	0.58947,0.56689,0.3077,0.4863	0.22129,0.28567,0.63372,0.68397	0.56665,0.5326,0.43877,0.45025	0.055212,-0.045948,-0.68117,-0.7286	0.0197,0.002569,-0.4474,0.89412
405	0.58159,0.58045,0.31278,0.47644	0.22079,0.3069,0.62879,0.67948	0.57152,0.49714,0.4045,0.51244	0.055212,-0.045948,-0.68117,-0.7286	0.0197,0.002569,-0.4474,0.89412
406	0.56553,0.60743,0.32742,0.45166	0.2403,0.32572,0.63053,0.66226	0.596,0.49417,0.35977,0.52071	0.055212,-0.045948,-0.68117,-0.7286	0.0197,0.002569,-0.4474,0.89412
407	0.55256,0.63312,0.34173,0.42077	0.25588,0.33916,0.62643,0.65352	0.60483,0.49505,0.34737,0.51811	0.055212,-0.045948,-0.68117,-0.7286	0.0197,0.002569,-0.4474,0.89412
408	0.54625,0.64433,0.35135,0.40374	0.26989,0.35411,0.62153,0.64456	0.62107,0.50454,0.3344,0.49788	0.055212,-0.045948,-0.68117,-0.7286	0.0197,0.002569,-0.4474,0.89412
409	0.54486,0.64876,0.35387,0.39625	0.29075,0.36884,0.61683,0.63162	0.62508,0.52536,0.34611,0.46204	0.055212,-0.045948,-0.68117,-0.7286	0.0197,0.002569,-0.4474,0.89412
410	0.5595,0.6419,0.356,0.38495	0.31708,0.37534,0.61095,0.62075	0.63401,0.5251,0.35319,0.44448	0.055212,-0.045948,-0.68117,-0.7286	0.0197,0.002569,-0.4474,0.89412
411	0.57411,0.63655,0.3609,0.36737	0.3294,0.38305,0.60492,0.6155	0.63399,0.52008,0.37147,0.43541	0.055212,-0.045948,-0.68117,-0.7286	0.0197,0.002569,-0.4474,0.89412
412	0.59067,0.62452,0.35775,0.36481	0.34827,0.39311,0.60079,0.60269	0.63685,0.51933,0.37994,0.42468	0.055212,-0.045948,-0.68117,-0.7286	0.0197,0.002569,-0.4474,0.89412
413	0.67328,0.62446,0.23913,0.31551	0.36633,0.39807,0.59939,0.58998	0.63652,0.52251,0.37379,0.42674	0.055212,-0.045948,-0.68117,-0.7286	0.0197,0.002569,-0.4474,0.89412
414	0.69029,0.63137,0.21074,0.28367	0.38677,0.40304,0.59245,0.58049	0.6295,0.52845,0.37609,0.42783	0.055212,-0.045948,-0.68117,-0.7286	0.0197,0.002569,-0.4474,0.89412
415	0.67661,0.67489,0.21916,0.19667	0.40957,0.41188,0.57695,0.57423	0.63585,0.52556,0.35906,0.43654	0.055212,-0.045948,-0.68117,-0.7286	0.0197,0.002569,-0.4474,0.89412
416	0.65825,0.70389,0.23768,0.12145	0.42447,0.4167,0.56688,0.56994	0.65689,0.49975,0.3078,0.47329	0.055212,-0.045948,-0.68117,-0.7286	0.0197,0.002569,-0.4474,0.89412
417	0.6289,0.72333,0.27257,0.083538	0.42697,0.41628,0.5649,0.57035	0.66618,0.49396,0.27395,0.48698	0.055212,-0.045948,-0.68117,-0.7286	0.0197,0.002569,-0.4474,0.89412
418	0.56906,0.72369,0.35918,0.15306	0.38339,0.40631,0.59193,0.58099	0.66794,0.49326,0.2618,0.49195	0.055212,-0.045948,-0.68117,-0.7286	0.0197,0.002569,-0.4474,0.89412
419	0.55504,0.70252,0.38326,0.22698	0.34475,0.38432,0.62053,0.59025	0.664,0.49216,0.23754,0.51035	0.055212,-0.045948,-0.68117,-0.7286	0.0197,0.002569,-0.4474,0.89412
420	0.58917,0.68532,0.32829,0.27465	0.29885,0.35186,0.65716,0.59584	0.65636,0.47814,0.19107,0.55142	0.055212,-0.045948,-0.68117,-0.7286	0.0197,0.002569,-0.4474,0.89412
421	0.60656,0.66335,0.28997,0.32858	0.27914,0.33775,0.67566,0.59287	0.66959,0.44868,0.19562,0.55863	0.055212,-0.045948,-0.68117,-0.7286	0.0197,0.002569,-0.4474,0.89412
422	0.60802,0.65069,0.26312,0.37105	0.26356,0.33773,0.70143,0.56962	0.62998,0.54887,0.35618,0.41833	0.055212,-0.045948,-0.68117,-0.7286	0.0197,0.002569,-0.4474,0.89412
423	0.6153,0.63293,0.24032,0.4038	0.2501,0.32753,0.71604,0.56344	0.55017,0.56224,0.50468,0.35565	0.055212,-0.045948,-0.68117,-0.7286	0.0197,0.002569,-0.4474,0.89412
424	0.62231,0.61913,0.22474,0.42296	0.23597,0.32456,0.72869,0.55498	0.48697,0.59032,0.59563,0.24414	0.055212,-0.045948,-0.68117,-0.7286	0.0197,0.002569,-0.4474,0.89412
425	0.62554,0.60815,0.21165,0.44052	0.21722,0.30337,0.74819,0.54863	0.438,0.60004,0.66081,0.107	0.055212,-0.045948,-0.68117,-0.7286	0.0197,0.002569,-0.4474,0.89412
426	0.6263,0.60558,0.20861,0.4444	0.21705,0.30163,0.74941,0.548	0.44496,0.58936,0.65256,0.16979	0.055212,-0.045948,-0.68117,-0.7286	0.0197,0.002569,-0.4474,0.89412
427	0.63154,0.59307,0.19433,0.46007	0.21724,0.3049,0.75048,0.54463	0.45704,0.56248,0.62461,0.29086	0.055212,-0.045948,-0.68117,-0.7286	0.0197,0.002569,-0.4474,0.89412
428	0.63245,0.58504,0.18173,0.47403	0.1988,0.29952,0.73859,0.57031	0.4852,0.5114,0.55306,0.44404	0.055212,-0.045948,-0.68117,-0.7286	0.0197,0.002569,-0.4474,0.89412
429	0.62575,0.58242,0.17677,0.48782	0.23925,0.3206,0.70374,0.58714	0.5293,0.47819,0.47687,0.51359	0.055212,-0.045948,-0.68117,-0.7286	0.0197,0.002569,-0.4474,0.89412
430	0.61682,0.58762,0.18511,0.48986	0.26897,0.334,0.68187,0.59258	0.59375,0.43809,0.34998,0.5771	0.055212,-0.045948,-0.68117,-0.7286	0.0197,0.002569,-0.4474,0.89412
431	0.59569,0.60345,0.21582,0.48416	0.28856,0.34432,0.66364,0.59813	0.63061,0.40363,0.2474,0.61498	0.055212,-0.045948,-0.68117,-0.7286	0.0197,0.002569,-0.4474,0.89412
432	0.58362,0.61874,0.24335,0.46619	0.29401,0.34581,0.65375,0.60546	0.63549,0.38863,0.22411,0.62841	0.055212,-0.045948,-0.68117,-0.7286	0.0197,0.002569,-0.4474,0.89412
433	0.58263,0.65162,0.27071,0.4033	0.29394,0.34346,0.64191,0.61935	0.6252,0.398,0.23904,0.62736	0.055212,-0.045948,-0.68117,-0.7286	0.0197,0.002569,-0.4474,0.89412
434	0.55886,0.70508,0.31911,0.29782	0.29768,0.32751,0.62914,0.63898	0.64033,0.4171,0.27351,0.58412	0.055212,-0.045948,-0.68117,-0.7286	0.0197,0.002569,-0.4474,0.89412
435	0.5062,0.68133,0.40339,0.34181	0.29593,0.31887,0.61802,0.65483	0.6437,0.43389,0.30084,0.55397	0.055212,-0.045948,-0.68117,-0.7286	0.0197,0.002569,-0.4474,0.89412
436	0.57672,0.62408,0.34055,0.40241	0.29111,0.30058,0.61877,0.66486	0.62387,0.4506,0.36072,0.5269	0.055212,-0.045948,-0.68117,-0.7286	0.0197,0.002569,-0.4474,0.89412
437	0.64792,0.55665,0.26738,0.44593	0.27942,0.28546,0.62793,0.66794	0.60386,0.46728,0.40429,0.50354	0.055212,-0.045948,-0.68117,-0.7286	0.0197,0.002569,-0.4474,0.89412
438	0.70044,0.52151,0.22267,0.43339	0.28458,0.3003,0.61908,0.66752	0.59161,0.47583,0.42671,0.49142	0.055212,-0.045948,-0.68117,-0.7286	0.0197,0.002569,-0.4474,0.89412
439	0.73237,0.54154,0.1731,0.37469	0.29047,0.31204,0.60812,0.66967	0.58092,0.48623,0.43799,0.48402	0.055212,-0.045948,-0.68117,-0.7286	0.0197,0.002569,-0.4474,0.89412
440	0.71304,0.57286,0.19045,0.35656	0.30277,0.33555,0.57676,0.68051	0.55678,0.51453,0.46126,0.46097	0.055212,-0.045948,-0.68117,-0.7286	0.0197,0.002569,-0.4474,0.89412
441	0.68754,0.6069,0.20336,0.34295	0.32356,0.3539,0.55475,0.67994	0.5194,0.54012,0.48942,0.44605	0.055212,-0.045948,-0.68117,-0.7286	0.0197,0.002569,-0.4474,0.89412
442	0.66957,0.64206,0.19792,0.31665	0.34431,0.37528,0.53605,0.67325	0.50777,0.54563,0.48741,0.45484	0.055212,-0.045948,-0.68117,-0.7286	0.0197,0.002569,-0.4474,0.89412
443	0.65743,0.66593,0.19223,0.29558	0.3577,0.39734,0.53053,0.65781	0.57046,0.56649,0.39888,0.44108	0.055212,-0.045948,-0.68117,-0.7286	0.0197,0.002569,-0.4474,0.89412
444	0.65153,0.67756,0.1906,0.28299	0.36003,0.41702,0.52965,0.64493	0.60267,0.55278,0.34983,0.45699	0.055212,-0.045948,-0.68117,-0.7286	0.0197,0.002569,-0.4474,0.89412
445	0.64873,0.68571,0.18863,0.27088	0.36459,0.4297,0.53078,0.63301	0.60928,0.54503,0.33998,0.4649	0.055212,-0.045948,-0.68117,-0.7286	0.0197,0.002569,-0.4474,0.89412
446	0.64976,0.69295,0.18792,0.24962	0.36568,0.43408,0.53545,0.62542	0.64529,0.54658,0.30529,0.43779	0.055212,-0.045948,-0.68117,-0.7286	0.0197,0.002569,-0.4474,0.89412
447	0.65094,0.69264,0.19344,0.24313	0.37407,0.43482,0.54467,0.61183	0.63528,0.56262,0.32132,0.42026	0.055212,-0.045948,-0.68117,-0.7286	0.0197,0.002569,-0.4474,0.89412
448	0.657,0.68706,0.1988,0.23829	0.3724,0.42429,0.56455,0.60215	0.63184,0.56179,0.3367,0.41449	0.055212,-0.045948,-0.68117,-0.7286	0.0197,0.002569,-0.4474,0.89412
449	0.65812,0.68358,0.20919,0.23628	0.36917,0.4198,0.57312,0.59918	0.63321,0.56318,0.343,0.40525	0.055212,-0.045948,-0.68117,-0.7286	0.0197,0.002569,-0.4474,0.89412
450	0.65738,0.6832,0.21158,0.23732	0.36835,0.41546,0.58095,0.59515	0.63353,0.56127,0.34896,0.40229	0.055212,-0.045948,-0.68117,-0.7286	0.0197,0.002569,-0.4474,0.89412
451	0.65309,0.67914,0.22525,0.24799	0.36983,0.41506,0.58718,0.58836	0.63057,0.56421,0.35517,0.39738	0.055212,-0.045948,-0.68117,-0.7286	0.0197,0.002569,-0.4474,0.89412
452	0.65687,0.66041,0.23535,0.27749	0.36983,0.41651,0.5868,0.58771	0.62756,0.56711,0.35955,0.39407	0.055212,-0.045948,-0.68117,-0.7286	0.0197,0.002569,-0.4474,0.89412
453	0.67884,0.60416,0.2061,0.36288	0.36537,0.42035,0.58285,0.5917	0.62411,0.57329,0.36325,0.38713	0.055212,-0.045948,-0.68117,-0.7286	0.0197,0.002569,-0.4474,0.89412
454	0.67443,0.6355,0.17739,0.33136	0.35901,0.42272,0.57503,0.60146	0.62336,0.57576,0.36047,0.38728	0.055212,-0.045948,-0.68117,-0.7286	0.0197,0.002569,-0.4474,0.89412
455	0.67369,0.64238,0.15448,0.33108	0.35816,0.42225,0.56976,0.60729	0.62939,0.56058,0.34893,0.40971	0.055212,-0.045948,-0.68117,-0.7286	0.0197,0.002569,-0.4474,0.89412
456	0.66977,0.641,0.15851,0.33971	0.35465,0.41166,0.5709,0.61549	0.62665,0.55645,0.35244,0.41649	0.055212,-0.045948,-0.68117,-0.7286	0.0197,0.002569,-0.4474,0.89412
457	0.66827,0.63672,0.16322,0.34838	0.33865,0.4025,0.57514,0.62651	0.62113,0.55104,0.37818,0.4093	0.055212,-0.045948,-0.68117,-0.7286	0.0197,0.002569,-0.4474,0.89412
458	0.67553,0.62518,0.16352,0.35506	0.33362,0.40027,0.56666,0.63826	0.62659,0.56166,0.38639,0.37765	0.055212,-0.045948,-0.68117,-0.7286	0.0197,0.002569,-0.4474,0.89412
459	0.68198,0.60703,0.16596,0.37265	0.32772,0.39613,0.56193,0.64801	0.61953,0.57519,0.39989,0.35416	0.055212,-0.045948,-0.68117,-0.7286	0.0197,0.002569,-0.4474,0.89412
460	0.71151,0.5603,0.14196,0.39959	0.32624,0.3939,0.56178,0.65024	0.6379,0.55651,0.37036,0.38239	0.055212,-0.045948,-0.68117,-0.7286	0.0197,0.002569,-0.4474,0.89412
461	0.75945,0.48988,0.07604,0.42127	0.34555,0.42267,0.54595,0.63552	0.6485,0.50475,0.34971,0.44987	0.055212,-0.045948,-0.68117,-0.7286	0.0197,0.002569,-0.4474,0.89412
462	0.80424,0.46428,0.0040588,0.37099	0.34894,0.43423,0.54796,0.62404	0.68436,0.48233,0.2928,0.46183	0.055212,-0.045948,-0.68117,-0.7286	0.0197,0.002569,-0.4474,0.89412
463	0.79455,0.52919,0.05055,0.29342	0.39891,0.45276,0.53447,0.59179	0.69181,0.49117,0.26013,0.46095	0.055212,-0.045948,-0.68117,-0.7286	0.0197,0.002569,-0.4474,0.89412
464	0.7053,0.6763,0.13167,0.16681	0.38206,0.41351,0.57421,0.59441	0.68529,0.49169,0.25538,0.47265	0.055212,-0.045948,-0.68117,-0.7286	0.0197,0.002569,-0.4474,0.89412
465	0.57584,0.75551,0.26182,0.17043	0.34047,0.42693,0.61029,0.5739	0.67713,0.47808,0.23548,0.50741	0.055212,-0.045948,-0.68117,-0.7286	0.0197,0.002569,-0.4474,0.89412
466	0.55701,0.74701,0.27817,0.23311	0.33445,0.44137,0.61002,0.56676	0.69876,0.4355,0.1214,0.55437	0.055212,-0.045948,-0.68117,-0.7286	0.0197,0.002569,-0.4474,0.89412
467	0.61905,0.70048,0.19988,0.29351	0.34677,0.41641,0.62424,0.56274	0.65569,0.46873,0.23133,0.54483	0.055212,-0.045948,-0.68117,-0.7286	0.0197,0.002569,-0.4474,0.89412
468	0.64115,0.67067,0.16778,0.33313	0.35664,0.43392,0.64266,0.52107	0.61412,0.52765,0.34574,0.47425	0.055212,-0.045948,-0.68117,-0.7286	0.0197,0.002569,-0.4474,0.89412
469	0.65229,0.63699,0.13421,0.38826	0.34956,0.45212,0.65982,0.48788	0.57066,0.65251,0.46912,0.1688	0.055212,-0.045948,-0.68117,-0.7286	0.0197,0.002569,-0.4474,0.89412
470	0.65975,0.5975,0.10833,0.4427	0.31443,0.42027,0.69098,0.49705	0.51876,0.68268,0.51456,-0.0075762	0.055212,-0.045948,-0.68117,-0.7286	0.0197,0.002569,-0.4474,0.89412
471	0.65852,0.58129,0.09996,0.4674	0.30952,0.40298,0.70259,0.49816	0.54172,0.66401,0.51539,0.00054346	0.055212,-0.045948,-0.68117,-0.7286	0.0197,0.002569,-0.4474,0.89412
472	0.65337,0.57734,0.098046,0.47976	0.29587,0.39456,0.7059,0.50841	0.53754,0.64405,0.53825,0.080843	0.055212,-0.045948,-0.68117,-0.7286	0.0197,0.002569,-0.4474,0.89412
473	0.642,0.57372,0.10414,0.49784	0.28433,0.37857,0.7038,0.52963	0.55536,0.62945,0.52375,0.14508	0.055212,-0.045948,-0.68117,-0.7286	0.0197,0.002569,-0.4474,0.89412
474	0.63516,0.57223,0.1208,0.50452	0.27788,0.37297,0.70324,0.5377	0.56791,0.59475,0.51921,0.23275	0.055212,-0.045948,-0.68117,-0.7286	0.0197,0.002569,-0.4474,0.89412
475	0.63696,0.5696,0.12884,0.50323	0.26461,0.35964,0.6998,0.5576	0.57222,0.57686,0.51368,0.27554	0.055212,-0.045948,-0.68117,-0.7286	0.0197,0.002569,-0.4474,0.89412
476	0.63998,0.56751,0.13173,0.50099	0.26309,0.35727,0.6984,0.56159	0.56294,0.57374,0.53114,0.26796	0.055212,-0.045948,-0.68117,-0.7286	0.0197,0.002569,-0.4474,0.89412
477	0.64188,0.56524,0.13303,0.50081	0.26041,0.34957,0.6958,0.57083	0.57585,0.55899,0.52876,0.2763	0.055212,-0.045948,-0.68117,-0.7286	0.0197,0.002569,-0.4474,0.89412
478	0.64392,0.56023,0.13716,0.50269	0.25714,0.34421,0.69759,0.57338	0.58013,0.55128,0.53074,0.27901	0.055212,-0.045948,-0.68117,-0.7286	0.0197,0.002569,-0.4474,0.89412
479	0.64271,0.55324,0.14261,0.51041	0.2444,0.32402,0.6931,0.59573	0.57421,0.55914,0.53886,0.25938	0.055212,-0.045948,-0.68117,-0.7286	0.0197,0.002569,-0.4474,0.89412
480	0.63373,0.52949,0.17304,0.53673	0.23797,0.32144,0.68484,0.60913	0.5564,0.57412,0.54798,0.24601	0.055212,-0.045948,-0.68117,-0.7286	0.0197,0.002569,-0.4474,0.89412
481	0.62284,0.50194,0.20691,0.5633	0.23797,0.31677,0.68845,0.60751	0.51807,0.56327,0.5714,0.29635	0.055212,-0.045948,-0.68117,-0.7286	0.0197,0.002569,-0.4474,0.89412
482	0.62602,0.53664,0.18971,0.53304	0.23677,0.31511,0.68965,0.60748	0.51964,0.5548,0.53974,0.36172	0.055212,-0.045948,-0.68117,-0.7286	0.0197,0.002569,-0.4474,0.89412
483	0.62226,0.53889,0.19348,0.53381	0.23631,0.3111,0.68878,0.61071	0.54195,0.53792,0.48811,0.42271	0.055212,-0.045948,-0.68117,-0.7286	0.0197,0.002569,-0.4474,0.89412
484	0.60709,0.54763,0.21914,0.53246	0.24388,0.34017,0.67522,0.60736	0.54869,0.50197,0.45542,0.48946	0.055212,-0.045948,-0.68117,-0.7286	0.0197,0.002569,-0.4474,0.89412
485	0.59559,0.56653,0.23422,0.51909	0.26766,0.35902,0.65666,0.60685	0.5664,0.4698,0.40586,0.54199	0.055212,-0.045948,-0.68117,-0.7286	0.0197,0.002569,-0.4474,0.89412
486	0.56661,0.61257,0.27286,0.47881	0.28106,0.35903,0.65303,0.60469	0.60791,0.43178,0.3103,0.58968	0.055212,-0.045948,-0.68117,-0.7286	0.0197,0.002569,-0.4474,0.89412
487	0.52803,0.66787,0.30758,0.42489	0.28906,0.35722,0.65053,0.60469	0.64283,0.41853,0.23672,0.59629	0.055212,-0.045948,-0.68117,-0.7286	0.0197,0.002569,-0.4474,0.89412
488	0.4972,0.69266,0.33323,0.40244	0.29462,0.35587,0.64602,0.60762	0.64668,0.43959,0.24864,0.57161	0.055212,-0.045948,-0.68117,-0.7286	0.0197,0.002569,-0.4474,0.89412
489	0.4815,0.7075,0.35359,0.37759	0.29628,0.34875,0.64304,0.61408	0.65652,0.45652,0.27337,0.53464	0.055212,-0.045948,-0.68117,-0.7286	0.0197,0.002569,-0.4474,0.89412
490	0.46266,0.71339,0.38921,0.35431	0.29852,0.34929,0.62514,0.63094	0.6591,0.46607,0.28442,0.51719	0.055212,-0.045948,-0.68117,-0.7286	0.0197,0.002569,-0.4474,0.89412
491	0.45007,0.70539,0.41913,0.35241	0.30091,0.3569,0.62242,0.62823	0.64599,0.47076,0.32464,0.50566	0.055212,-0.045948,-0.68117,-0.7286	0.0197,0.002569,-0.4474,0.89412
492	0.537,0.65867,0.35683,0.38789	0.29493,0.35536,0.63007,0.62429	0.62146,0.48006,0.38248,0.48687	0.055212,-0.045948,-0.68117,-0.7286	0.0197,0.002569,-0.4474,0.89412
493	0.60733,0.62367,0.28664,0.40003	0.29409,0.35037,0.6355,0.622	0.60952,0.49308,0.40856,0.46738	0.055212,-0.045948,-0.68117,-0.7286	0.0197,0.002569,-0.4474,0.89412
494	0.65334,0.59937,0.22834,0.4022	0.29755,0.35941,0.63645,0.61418	0.61039,0.51123,0.4168,0.43857	0.055212,-0.045948,-0.68117,-0.7286	0.0197,0.002569,-0.4474,0.89412
495	0.66562,0.61013,0.19688,0.38201	0.30217,0.3741,0.62722,0.61265	0.61437,0.52561,0.41768,0.41451	0.055212,-0.045948,-0.68117,-0.7286	0.0197,0.002569,-0.4474,0.89412
496	0.64982,0.62297,0.21843,0.37674	0.3019,0.38036,0.62138,0.61487	0.6069,0.52889,0.42318,0.41577	0.055212,-0.045948,-0.68117,-0.7286	0.0197,0.002569,-0.4474,0.89412
497	0.63859,0.63362,0.22825,0.37232	0.30733,0.39021,0.61118,0.61623	0.60624,0.537,0.41522,0.41437	0.055212,-0.045948,-0.68117,-0.7286	0.0197,0.002569,-0.4474,0.89412
498	0.62986,0.64898,0.22459,0.36285	0.31653,0.39974,0.59913,0.6173	0.62786,0.55053,0.38687,0.3912	0.055212,-0.045948,-0.68117,-0.7286	0.0197,0.002569,-0.4474,0.89412
499	0.61868,0.66198,0.22401,0.35894	0.33202,0.42331,0.58975,0.6023	0.64295,0.57653,0.34701,0.36581	0.055212,-0.045948,-0.68117,-0.7286	0.0197,0.002569,-0.4474,0.89412
500	0.61897,0.66467,0.22307,0.35403	0.34035,0.43881,0.58203,0.59401	0.65127,0.59148,0.3101,0.36033	0.055212,-0.045948,-0.68117,-0.7286	0.0197,0.002569,-0.4474,0.89412
501	0.61784,0.66528,0.22419,0.35414	0.34516,0.4493,0.57747,0.58781	0.65133,0.59184,0.30749,0.36186	0.055212,-0.045948,-0.68117,-0.7286	0.0197,0.002569,-0.4474,0.89412
502	0.61852,0.66523,0.22428,0.35299	0.35314,0.4607,0.57268,0.57886	0.64926,0.5917,0.30285,0.36965	0.055212,-0.045948,-0.68117,-0.7286	0.0197,0.002569,-0.4474,0.89412
503	0.61937,0.66504,0.22463,0.35164	0.3624,0.46629,0.56894,0.57232	0.63622,0.59217,0.29777,0.39483	0.055212,-0.045948,-0.68117,-0.7286	0.0197,0.002569,-0.4474,0.89412
504	0.62169,0.66479,0.22523,0.34761	0.37319,0.47221,0.56822,0.56114	0.62974,0.5957,0.2946,0.40222	0.055212,-0.045948,-0.68117,-0.7286	0.0197,0.002569,-0.4474,0.89412
505	0.62466,0.66607,0.23041,0.33625	0.37044,0.47368,0.56888,0.56104	0.61434,0.60643,0.29268,0.41131	0.055212,-0.045948,-0.68117,-0.7286	0.0197,0.002569,-0.4474,0.89412
506	0.62592,0.66529,0.24811,0.32258	0.36041,0.46006,0.58205,0.56539	0.60527,0.61241,0.29707,0.41274	0.055212,-0.045948,-0.68117,-0.7286	0.0197,0.002569,-0.4474,0.89412
507	0.64599,0.63949,0.28585,0.30339	0.35719,0.45683,0.58432,0.56771	0.60039,0.61963,0.30627,0.40222	0.055212,-0.045948,-0.68117,-0.7286	0.0197,0.002569,-0.4474,0.89412
508	0.65582,0.61733,0.29849,0.31577	0.35424,0.43989,0.60392,0.56239	0.61142,0.62038,0.31316,0.37845	0.055212,-0.045948,-0.68117,-0.7286	0.0197,0.002569,-0.4474,0.89412
509	0.65285,0.62808,0.29555,0.30323	0.35415,0.4258,0.61587,0.56034	0.6146,0.61855,0.31278,0.3766	0.055212,-0.045948,-0.68117,-0.7286	0.0197,0.002569,-0.4474,0.89412
510	0.62716,0.65681,0.31793,0.27239	0.34699,0.41587,0.6221,0.56537	0.6334,0.59844,0.31468,0.37637	0.055212,-0.045948,-0.68117,-0.7286	0.0197,0.002569,-0.4474,0.89412
511	0.59345,0.67287,0.34797,0.27199	0.33316,0.40321,0.63096,0.57299	0.64682,0.58472,0.31632,0.37371	0.055212,-0.045948,-0.68117,-0.7286	0.0197,0.002569,-0.4474,0.89412
512	0.5703,0.64745,0.38878,0.32313	0.31639,0.39069,0.64275,0.57804	0.65872,0.57364,0.32285,0.36441	0.055212,-0.045948,-0.68117,-0.7286	0.0197,0.002569,-0.4474,0.89412
513	0.58669,0.64204,0.36118,0.33632	0.30334,0.38254,0.65266,0.57938	0.64657,0.58261,0.34524,0.35118	0.055212,-0.045948,-0.68117,-0.7286	0.0197,0.002569,-0.4474,0.89412
514	0.60132,0.63436,0.32375,0.36221	0.3041,0.36963,0.66213,0.5766	0.65008,0.57832,0.33267,0.3637	0.055212,-0.045948,-0.68117,-0.7286	0.0197,0.002569,-0.4474,0.89412
515	0.60452,0.63562,0.30404,0.37161	0.30159,0.36131,0.66419,0.58082	0.65273,0.5779,0.31788,0.37272	0.055212,-0.045948,-0.68117,-0.7286	0.0197,0.002569,-0.4474,0.89412
516	0.59868,0.62979,0.30086,0.39298	0.27966,0.35336,0.66649,0.59391	0.65223,0.57892,0.30706,0.381	0.055212,-0.045948,-0.68117,-0.7286	0.0197,0.002569,-0.4474,0.89412
517	0.59674,0.61101,0.307,0.4199	0.24351,0.3352,0.66227,0.62429	0.65615,0.56843,0.25396,0.42644	0.055212,-0.045948,-0.68117,-0.7286	0.0197,0.002569,-0.4474,0.89412
518	0.59098,0.60218,0.31361,0.43562	0.21377,0.30333,0.66426,0.64888	0.64597,0.52576,0.2179,0.50874	0.055212,-0.045948,-0.68117,-0.7286	0.0197,0.002569,-0.4474,0.89412
519	0.58713,0.59292,0.32132,0.44773	0.18729,0.26136,0.66697,0.67213	0.62946,0.47266,0.26859,0.55519	0.055212,-0.045948,-0.68117,-0.7286	0.0197,0.002569,-0.4474,0.89412
520	0.58644,0.57794,0.33131,0.46076	0.15923,0.21743,0.67461,0.68722	0.59088,0.49792,0.35492,0.52628	0.055212,-0.045948,-0.68117,-0.7286	0.0197,0.002569,-0.4474,0.89412
521	0.58683,0.5522,0.3488,0.47857	0.13564,0.18562,0.68524,0.69108	0.42734,0.51617,0.57912,0.4643	0.055212,-0.045948,-0.68117,-0.7286	0.0197,0.002569,-0.4474,0.89412
522	0.58534,0.52188,0.37459,0.49467	0.099859,0.12042,0.69181,0.70493	0.33563,0.48779,0.66006,0.46231	0.055212,-0.045948,-0.68117,-0.7286	0.0197,0.002569,-0.4474,0.89412
523	0.545,0.4721,0.44305,0.53273	0.089156,0.082335,0.67994,0.72315	0.28098,0.41845,0.69571,0.5118	0.055212,-0.045948,-0.68117,-0.7286	0.0197,0.002569,-0.4474,0.89412
524	0.50188,0.42491,0.50415,0.55981	0.092304,0.050574,0.67042,0.73448	0.28401,0.39474,0.69013,0.53595	0.055212,-0.045948,-0.68117,-0.7286	0.0197,0.002569,-0.4474,0.89412
525	0.49548,0.4112,0.52294,0.55853	0.094513,0.022236,0.66293,0.74236	0.29574,0.37827,0.68548,0.54732	0.055212,-0.045948,-0.68117,-0.7286	0.0197,0.002569,-0.4474,0.89412
526	0.48722,0.38535,0.53364,0.57389	0.10516,0.0079453,0.65554,0.74776	0.30344,0.37251,0.68207,0.55131	0.055212,-0.045948,-0.68117,-0.7286	0.0197,0.002569,-0.4474,0.89412
527	0.48872,0.3726,0.53301,0.58156	0.12154,-0.0040601,0.64546,0.75405	0.31402,0.359,0.67808,0.55921	0.055212,-0.045948,-0.68117,-0.7286	0.0197,0.002569,-0.4474,0.89412
528	0.48983,0.37261,0.53205,0.58151	0.12823,-0.0088448,0.6404,0.75721	0.31381,0.35178,0.67826,0.56368	0.055212,-0.045948,-0.68117,-0.7286	0.0197,0.002569,-0.4474,0.89412
529	0.49607,0.37375,0.52729,0.57982	0.14353,-0.012947,0.63401,0.75978	0.31025,0.33715,0.68063,0.57168	0.055212,-0.045948,-0.68117,-0.7286	0.0197,0.002569,-0.4474,0.89412
530	0.49959,0.37768,0.52637,0.57507	0.15643,-0.0026278,0.63714,0.7547	0.31355,0.33192,0.67971,0.57403	0.055212,-0.045948,-0.68117,-0.7286	0.0197,0.002569,-0.4474,0.89412
531	0.50988,0.39711,0.51673,0.56153	0.16511,0.019451,0.6471,0.74406	0.31887,0.32983,0.67778,0.57459	0.055212,-0.045948,-0.68117,-0.7286	0.0197,0.002569,-0.4474,0.89412
532	0.54075,0.43344,0.47761,0.54001	0.1733,0.047877,0.65791,0.73132	0.32723,0.32595,0.67414,0.57638	0.055212,-0.045948,-0.68117,-0.7286	0.0197,0.002569,-0.4474,0.89412
533	0.58617,0.47371,0.39973,0.52174	0.18159,0.07501,0.66451,0.72099	0.33209,0.32087,0.67063,0.58053	0.055212,-0.045948,-0.68117,-0.7286	0.0197,0.002569,-0.4474,0.89412
534	0.60416,0.47277,0.35237,0.53602	0.19492,0.13041,0.67284,0.70163	0.33209,0.32087,0.67063,0.58053	0.055212,-0.045948,-0.68117,-0.7286	0.0197,0.002569,-0.4474,0.89412
535	0.593,0.488,0.33571,0.54544	0.20898,0.17388,0.67464,0.68626	0.33334,0.3182,0.66951,0.58257	0.055212,-0.045948,-0.68117,-0.7286	0.0197,0.002569,-0.4474,0.89412
536	0.58132,0.50546,0.33138,0.54476	0.23358,0.20781,0.66652,0.67676	0.3412,0.31314,0.66638,0.58434	0.055212,-0.045948,-0.68117,-0.7286	0.0197,0.002569,-0.4474,0.89412
537	0.57527,0.52232,0.3281,0.53721	0.25725,0.24944,0.65493,0.66533	0.35266,0.30604,0.66101,0.5874	0.055212,-0.045948,-0.68117,-0.7286	0.0197,0.002569,-0.4474,0.89412
538	0.57055,0.54085,0.33103,0.52189	0.27192,0.2864,0.64446,0.65475	0.362,0.33685,0.65179,0.57503	0.055212,-0.045948,-0.68117,-0.7286	0.0197,0.002569,-0.4474,0.89412
539	0.56561,0.57749,0.3326,0.48576	0.28624,0.33189,0.63555,0.6356	0.33493,0.43183,0.65444,0.52254	0.055212,-0.045948,-0.68117,-0.7286	0.0197,0.002569,-0.4474,0.89412
540	0.56188,0.60656,0.32995,0.45553	0.29514,0.35895,0.62955,0.62267	0.39577,0.55185,0.60798,0.41133	0.055212,-0.045948,-0.68117,-0.7286	0.0197,0.002569,-0.4474,0.89412
541	0.5593,0.6246,0.32857,0.43486	0.30877,0.37986,0.62248,0.61064	0.46874,0.56536,0.51794,0.43863	0.055212,-0.045948,-0.68117,-0.7286	0.0197,0.002569,-0.4474,0.89412
542	0.55822,0.63464,0.32953,0.42076	0.32131,0.39157,0.61504,0.60428	0.52231,0.53503,0.42868,0.50712	0.055212,-0.045948,-0.68117,-0.7286	0.0197,0.002569,-0.4474,0.89412
543	0.55872,0.63849,0.33598,0.40899	0.33707,0.40027,0.60663,0.59847	0.58199,0.50828,0.33195,0.54106	0.055212,-0.045948,-0.68117,-0.7286	0.0197,0.002569,-0.4474,0.89412
544	0.56011,0.64061,0.34496,0.39611	0.34982,0.4061,0.59842,0.59549	0.60621,0.50773,0.30165,0.53266	0.055212,-0.045948,-0.68117,-0.7286	0.0197,0.002569,-0.4474,0.89412
545	0.56703,0.62948,0.35908,0.39152	0.36433,0.4084,0.59372,0.58989	0.62022,0.52175,0.31897,0.49129	0.055212,-0.045948,-0.68117,-0.7286	0.0197,0.002569,-0.4474,0.89412
546	0.57364,0.6169,0.36672,0.39483	0.37003,0.41207,0.58837,0.58914	0.6283,0.52024,0.33327,0.47278	0.055212,-0.045948,-0.68117,-0.7286	0.0197,0.002569,-0.4474,0.89412
547	0.57827,0.60583,0.37894,0.39365	0.38015,0.41803,0.58735,0.57944	0.63683,0.51511,0.34302,0.45983	0.055212,-0.045948,-0.68117,-0.7286	0.0197,0.002569,-0.4474,0.89412
548	0.6021,0.60637,0.36963,0.36492	0.39273,0.42721,0.58908,0.56235	0.64059,0.51114,0.34756,0.45561	0.055212,-0.045948,-0.68117,-0.7286	0.0197,0.002569,-0.4474,0.89412
549	0.63536,0.61329,0.3423,0.32098	0.40959,0.43953,0.58569,0.54407	0.64059,0.51245,0.35265,0.45021	0.055212,-0.045948,-0.68117,-0.7286	0.0197,0.002569,-0.4474,0.89412
550	0.64501,0.61874,0.33045,0.30318	0.42522,0.45234,0.57813,0.52947	0.62915,0.52187,0.36915,0.44221	0.055212,-0.045948,-0.68117,-0.7286	0.0197,0.002569,-0.4474,0.89412
551	0.63677,0.62551,0.33076,0.30636	0.43755,0.46701,0.56894,0.51648	0.62584,0.52573,0.37407,0.43818	0.055212,-0.045948,-0.68117,-0.7286	0.0197,0.002569,-0.4474,0.89412
552	0.63422,0.62694,0.33352,0.30574	0.45154,0.49002,0.55391,0.49917	0.62554,0.52611,0.37458,0.43772	0.055212,-0.045948,-0.68117,-0.7286	0.0197,0.002569,-0.4474,0.89412
553	0.63504,0.62981,0.32885,0.30319	0.46095,0.5076,0.54124,0.48675	0.62286,0.52983,0.37763,0.43441	0.055212,-0.045948,-0.68117,-0.7286	0.0197,0.002569,-0.4474,0.89412
554	0.64411,0.62748,0.31995,0.29837	0.46269,0.51096,0.53889,0.48418	0.62216,0.53062,0.37802,0.43412	0.055212,-0.045948,-0.68117,-0.7286	0.0197,0.002569,-0.4474,0.89412
555	0.68,0.63263,0.27417,0.24941	0.46914,0.52276,0.53441,0.47014	0.62061,0.53591,0.37825,0.42962	0.055212,-0.045948,-0.68117,-0.7286	0.0197,0.002569,-0.4474,0.89412
556	0.68473,0.62042,0.2863,0.2535	0.47093,0.52003,0.54035,0.46455	0.62514,0.54077,0.37134,0.42295	0.055212,-0.045948,-0.68117,-0.7286	0.0197,0.002569,-0.4474,0.89412
557	0.66581,0.60962,0.30931,0.29896	0.46467,0.51507,0.54109,0.47541	0.63629,0.54211,0.35748,0.41648	0.055212,-0.045948,-0.68117,-0.7286	0.0197,0.002569,-0.4474,0.89412
558	0.66434,0.60905,0.29349,0.31871	0.43844,0.49549,0.55774,0.50119	0.6364,0.5525,0.34345,0.41447	0.055212,-0.045948,-0.68117,-0.7286	0.0197,0.002569,-0.4474,0.89412
559	0.65282,0.61323,0.29329,0.3343	0.38895,0.45314,0.59619,0.5366	0.63251,0.55701,0.32482,0.42915	0.055212,-0.045948,-0.68117,-0.7286	0.0197,0.002569,-0.4474,0.89412
560	0.63839,0.62277,0.29659,0.34155	0.34335,0.40395,0.63144,0.56587	0.63015,0.55807,0.32175,0.43353	0.055212,-0.045948,-0.68117,-0.7286	0.0197,0.002569,-0.4474,0.89412
561	0.62283,0.63214,0.30562,0.34509	0.29444,0.33882,0.66767,0.59391	0.61911,0.5608,0.31992,0.44705	0.055212,-0.045948,-0.68117,-0.7286	0.0197,0.002569,-0.4474,0.89412
562	0.60697,0.6358,0.32247,0.35122	0.25954,0.26287,0.70262,0.60817	0.59057,0.56066,0.33581,0.47342	0.055212,-0.045948,-0.68117,-0.7286	0.0197,0.002569,-0.4474,0.89412
563	0.59499,0.63459,0.34323,0.35421	0.20008,0.18541,0.72693,0.63021	0.58309,0.54282,0.33753,0.50141	0.055212,-0.045948,-0.68117,-0.7286	0.0197,0.002569,-0.4474,0.89412
564	0.58432,0.63112,0.36705,0.3543	0.1508,0.13689,0.74106,0.63981	0.57916,0.52605,0.34135,0.52088	0.055212,-0.045948,-0.68117,-0.7286	0.0197,0.002569,-0.4474,0.89412
565	0.57718,0.62959,0.38536,0.34926	0.11998,0.10625,0.75236,0.63896	0.5808,0.52012,0.33399,0.52971	0.055212,-0.045948,-0.68117,-0.7286	0.0197,0.002569,-0.4474,0.89412
566	0.57914,0.62625,0.3954,0.34067	0.1118,0.097538,0.75483,0.63892	0.58511,0.52138,0.32441,0.52967	0.055212,-0.045948,-0.68117,-0.7286	0.0197,0.002569,-0.4474,0.89412
567	0.58125,0.62337,0.39823,0.33905	0.11337,0.10471,0.75479,0.63756	0.5884,0.52053,0.31908,0.53011	0.055212,-0.045948,-0.68117,-0.7286	0.0197,0.002569,-0.4474,0.89412
568	0.58447,0.62198,0.3974,0.33704	0.11836,0.11239,0.75416,0.63608	0.59988,0.51448,0.30253,0.53286	0.055212,-0.045948,-0.68117,-0.7286	0.0197,0.002569,-0.4474,0.89412
569	0.58905,0.62077,0.39397,0.33532	0.13277,0.13193,0.75216,0.63185	0.60833,0.5094,0.29454,0.53262	0.055212,-0.045948,-0.68117,-0.7286	0.0197,0.002569,-0.4474,0.89412
570	0.59775,0.62026,0.38397,0.33246	0.16618,0.1732,0.74235,0.62554	0.61034,0.50832,0.2932,0.5321	0.055212,-0.045948,-0.68117,-0.7286	0.0197,0.002569,-0.4474,0.89412
571	0.60495,0.61836,0.37536,0.33282	0.18817,0.2071,0.73273,0.62033	0.61789,0.50292,0.29054,0.52997	0.055212,-0.045948,-0.68117,-0.7286	0.0197,0.002569,-0.4474,0.89412
572	0.61478,0.61551,0.36455,0.33212	0.21387,0.24621,0.717,0.61608	0.62246,0.4994,0.29108,0.52765	0.055212,-0.045948,-0.68117,-0.7286	0.0197,0.002569,-0.4474,0.89412
573	0.62049,0.61438,0.35604,0.33282	0.24147,0.28176,0.69875,0.6116	0.62823,0.49641,0.29186,0.52319	0.055212,-0.045948,-0.68117,-0.7286	0.0197,0.002569,-0.4474,0.89412
574	0.62588,0.61399,0.3473,0.33266	0.27156,0.31388,0.67774,0.60696	0.63001,0.49628,0.29635,0.51862	0.055212,-0.045948,-0.68117,-0.7286	0.0197,0.002569,-0.4474,0.89412
575	0.62746,0.61518,0.34204,0.33294	0.29232,0.33581,0.66328,0.60154	0.63074,0.49805,0.30197,0.51277	0.055212,-0.045948,-0.68117,-0.7286	0.0197,0.002569,-0.4474,0.89412
576	0.62656,0.61866,0.33731,0.33302	0.32632,0.36992,0.63899,0.59022	0.62987,0.50335,0.31052,0.50347	0.055212,-0.045948,-0.68117,-0.7286	0.0197,0.002569,-0.4474,0.89412
577	0.62483,0.62177,0.33494,0.33287	0.3556,0.39817,0.6167,0.57853	0.62814,0.5118,0.3157,0.49379	0.055212,-0.045948,-0.68117,-0.7286	0.0197,0.002569,-0.4474,0.89412
578	0.6213,0.62798,0.33087,0.33189	0.37198,0.41555,0.6037,0.56965	0.6262,0.5181,0.31841,0.48791	0.055212,-0.045948,-0.68117,-0.7286	0.0197,0.002569,-0.4474,0.89412
579	0.61991,0.62955,0.32968,0.3327	0.39,0.43449,0.59056,0.5571	0.62512,0.52194,0.31893,0.48485	0.055212,-0.045948,-0.68117,-0.7286	0.0197,0.002569,-0.4474,0.89412
580	0.63002,0.62667,0.31834,0.33019	0.41196,0.46182,0.56969,0.5408	0.62458,0.52465,0.31934,0.48235	0.055212,-0.045948,-0.68117,-0.7286	0.0197,0.002569,-0.4474,0.89412
581	0.65572,0.60568,0.32288,0.31455	0.41192,0.49692,0.55376,0.52606	0.62194,0.53278,0.32054,0.47602	0.055212,-0.045948,-0.68117,-0.7286	0.0197,0.002569,-0.4474,0.89412
582	0.66595,0.59267,0.33237,0.30787	0.42095,0.5002,0.55386,0.5156	0.61795,0.54319,0.32154,0.46872	0.055212,-0.045948,-0.68117,-0.7286	0.0197,0.002569,-0.4474,0.89412
583	0.67578,0.60484,0.31717,0.27727	0.41916,0.51372,0.55982,0.49698	0.61638,0.54795,0.32181,0.46504	0.055212,-0.045948,-0.68117,-0.7286	0.0197,0.002569,-0.4474,0.89412
584	0.68274,0.61478,0.30132,0.25517	0.42921,0.51704,0.56768,0.47558	0.59396,0.56792,0.34556,0.45306	0.055212,-0.045948,-0.68117,-0.7286	0.0197,0.002569,-0.4474,0.89412
585	0.66782,0.64318,0.2984,0.22648	0.44098,0.52516,0.56539,0.45834	0.62998,0.60432,0.27542,0.40258	0.055212,-0.045948,-0.68117,-0.7286	0.0197,0.002569,-0.4474,0.89412
586	0.65623,0.63697,0.31859,0.24926	0.46668,0.55856,0.53576,0.42801	0.65656,0.60692,0.24067,0.3777	0.055212,-0.045948,-0.68117,-0.7286	0.0197,0.002569,-0.4474,0.89412
587	0.66525,0.6295,0.31112,0.25374	0.48471,0.5764,0.5194,0.4038	0.68574,0.57847,0.24176,0.36969	0.055212,-0.045948,-0.68117,-0.7286	0.0197,0.002569,-0.4474,0.89412
588	0.66822,0.62403,0.30818,0.26284	0.49122,0.58068,0.51213,0.39904	0.70533,0.55868,0.24913,0.3582	0.055212,-0.045948,-0.68117,-0.7286	0.0197,0.002569,-0.4474,0.89412
589	0.67328,0.62031,0.30074,0.26731	0.49865,0.59137,0.49452,0.39634	0.70976,0.55083,0.24647,0.36341	0.055212,-0.045948,-0.68117,-0.7286	0.0197,0.002569,-0.4474,0.89412
590	0.6739,0.61857,0.29426,0.27683	0.49086,0.59808,0.48391,0.4089	0.69085,0.57211,0.26209,0.356	0.055212,-0.045948,-0.68117,-0.7286	0.0197,0.002569,-0.4474,0.89412
591	0.67365,0.61766,0.28781,0.28608	0.46648,0.59361,0.4933,0.43206	0.68233,0.58181,0.26647,0.35343	0.055212,-0.045948,-0.68117,-0.7286	0.0197,0.002569,-0.4474,0.89412
592	0.66246,0.62242,0.28802,0.30129	0.42618,0.57882,0.52041,0.46098	0.67946,0.58775,0.2642,0.35083	0.055212,-0.045948,-0.68117,-0.7286	0.0197,0.002569,-0.4474,0.89412
593	0.65492,0.62961,0.28574,0.30501	0.36985,0.53482,0.57346,0.49832	0.6799,0.59524,0.25519,0.34394	0.055212,-0.045948,-0.68117,-0.7286	0.0197,0.002569,-0.4474,0.89412
594	0.64727,0.63672,0.28454,0.30768	0.3178,0.47959,0.62164,0.53157	0.68079,0.59594,0.2523,0.3431	0.055212,-0.045948,-0.68117,-0.7286	0.0197,0.002569,-0.4474,0.89412
595	0.63627,0.64348,0.29073,0.31077	0.27017,0.40458,0.66674,0.5646	0.68248,0.5978,0.24598,0.3411	0.055212,-0.045948,-0.68117,-0.7286	0.0197,0.002569,-0.4474,0.89412
596	0.62781,0.64588,0.29847,0.3156	0.24251,0.35527,0.69294,0.57862	0.68072,0.60062,0.24408,0.34101	0.055212,-0.045948,-0.68117,-0.7286	0.0197,0.002569,-0.4474,0.89412
597	0.61673,0.64541,0.31303,0.32419	0.20149,0.24889,0.73095,0.60263	0.68175,0.60005,0.2407,0.34237	0.055212,-0.045948,-0.68117,-0.7286	0.0197,0.002569,-0.4474,0.89412
598	0.61059,0.64988,0.3255,0.31444	0.17795,0.21936,0.73787,0.613	0.67819,0.59401,0.23505,0.36325	0.055212,-0.045948,-0.68117,-0.7286	0.0197,0.002569,-0.4474,0.89412
599	0.60054,0.65339,0.34348,0.30733	0.1262,0.16493,0.76326,0.6118	0.65923,0.59438,0.25246,0.38522	0.055212,-0.045948,-0.68117,-0.7286	0.0197,0.002569,-0.4474,0.89412
600	0.59305,0.65276,0.35522,0.30985	0.11665,0.15451,0.77065,0.60714	0.65499,0.57953,0.25429,0.41288	0.055212,-0.045948,-0.68117,-0.7286	0.0197,0.002569,-0.4474,0.89412
601	0.59417,0.65101,0.35398,0.31278	0.11979,0.15828,0.77395,0.60133	0.65205,0.56134,0.24935,0.44446	0.055212,-0.045948,-0.68117,-0.7286	0.0197,0.002569,-0.4474,0.89412
602	0.59617,0.65545,0.34823,0.3061	0.12378,0.16408,0.7744,0.59839	0.65406,0.56078,0.23959,0.44758	0.055212,-0.045948,-0.68117,-0.7286	0.0197,0.002569,-0.4474,0.89412
603	0.6007,0.65963,0.34135,0.29584	0.13365,0.17941,0.77238,0.59445	0.65409,0.55782,0.2335,0.45441	0.055212,-0.045948,-0.68117,-0.7286	0.0197,0.002569,-0.4474,0.89412
604	0.60327,0.65886,0.33948,0.29448	0.15043,0.19864,0.76745,0.5907	0.65744,0.5412,0.22169,0.47511	0.055212,-0.045948,-0.68117,-0.7286	0.0197,0.002569,-0.4474,0.89412
605	0.60738,0.65494,0.33833,0.29611	0.17008,0.22375,0.75972,0.58638	0.65754,0.53108,0.21497,0.48927	0.055212,-0.045948,-0.68117,-0.7286	0.0197,0.002569,-0.4474,0.89412
606	0.61832,0.64071,0.33475,0.30842	0.18218,0.23944,0.75413,0.58375	0.65773,0.52749,0.21219,0.49408	0.055212,-0.045948,-0.68117,-0.7286	0.0197,0.002569,-0.4474,0.89412
607	0.62751,0.63935,0.32368,0.30445	0.20046,0.26432,0.74292,0.58139	0.6593,0.52587,0.20834,0.49535	0.055212,-0.045948,-0.68117,-0.7286	0.0197,0.002569,-0.4474,0.89412
608	0.62876,0.64004,0.32127,0.30297	0.2444,0.32254,0.71626,0.56851	0.66289,0.52399,0.20463,0.49409	0.055212,-0.045948,-0.68117,-0.7286	0.0197,0.002569,-0.4474,0.89412
609	0.62914,0.64293,0.31794,0.29957	0.27247,0.35928,0.69513,0.55989	0.6682,0.52843,0.20399,0.48235	0.055212,-0.045948,-0.68117,-0.7286	0.0197,0.002569,-0.4474,0.89412
610	0.63026,0.64573,0.31293,0.29645	0.32539,0.43051,0.64732,0.53829	0.67475,0.53434,0.20896,0.46424	0.055212,-0.045948,-0.68117,-0.7286	0.0197,0.002569,-0.4474,0.89412
611	0.63055,0.64907,0.30746,0.29426	0.39139,0.50337,0.57946,0.5076	0.67664,0.54494,0.22273,0.44225	0.055212,-0.045948,-0.68117,-0.7286	0.0197,0.002569,-0.4474,0.89412
612	0.62964,0.6512,0.30673,0.29226	0.43379,0.53389,0.53393,0.49164	0.67841,0.55839,0.23062,0.41805	0.055212,-0.045948,-0.68117,-0.7286	0.0197,0.002569,-0.4474,0.89412
613	0.63231,0.6495,0.30991,0.28685	0.45616,0.56161,0.5027,0.47309	0.67666,0.57305,0.23752,0.39663	0.055212,-0.045948,-0.68117,-0.7286	0.0197,0.002569,-0.4474,0.89412
614	0.63688,0.64517,0.31439,0.28159	0.45959,0.57143,0.49914,0.46163	0.67565,0.57626,0.23917,0.3927	0.055212,-0.045948,-0.68117,-0.7286	0.0197,0.002569,-0.4474,0.89412
615	0.63871,0.64291,0.32002,0.27622	0.47138,0.5783,0.49064,0.45015	0.67486,0.5923,0.23924,0.36945	0.055212,-0.045948,-0.68117,-0.7286	0.0197,0.002569,-0.4474,0.89412
616	0.64011,0.64149,0.3257,0.26958	0.48486,0.57975,0.4867,0.43809	0.66134,0.60637,0.2551,0.36038	0.055212,-0.045948,-0.68117,-0.7286	0.0197,0.002569,-0.4474,0.89412
617	0.64292,0.63969,0.32814,0.26416	0.49192,0.58491,0.48337,0.42691	0.66009,0.61401,0.2515,0.35218	0.055212,-0.045948,-0.68117,-0.7286	0.0197,0.002569,-0.4474,0.89412
618	0.64882,0.63527,0.32824,0.26024	0.4972,0.58866,0.48341,0.41544	0.65852,0.61215,0.25824,0.35346	0.055212,-0.045948,-0.68117,-0.7286	0.0197,0.002569,-0.4474,0.89412
619	0.65723,0.63125,0.3232,0.25517	0.50346,0.59482,0.48079,0.40194	0.65753,0.61209,0.26361,0.35143	0.055212,-0.045948,-0.68117,-0.7286	0.0197,0.002569,-0.4474,0.89412
620	0.66545,0.62709,0.31798,0.25064	0.5082,0.60198,0.47483,0.3923	0.65855,0.61141,0.26843,0.34704	0.055212,-0.045948,-0.68117,-0.7286	0.0197,0.002569,-0.4474,0.89412
621	0.66935,0.62459,0.31547,0.24967	0.50807,0.60457,0.47246,0.39133	0.66559,0.6059,0.26965,0.34229	0.055212,-0.045948,-0.68117,-0.7286	0.0197,0.002569,-0.4474,0.89412
622	0.66799,0.62411,0.31495,0.25512	0.50602,0.60149,0.47295,0.39808	0.67119,0.60149,0.26787,0.34051	0.055212,-0.045948,-0.68117,-0.7286	0.0197,0.002569,-0.4474,0.89412
623	0.66333,0.62457,0.31424,0.26677	0.4963,0.59466,0.47864,0.41348	0.67694,0.59629,0.26657,0.3393	0.055212,-0.045948,-0.68117,-0.7286	0.0197,0.002569,-0.4474,0.89412
624	0.66255,0.6272,0.30576,0.27233	0.46897,0.58352,0.49124,0.44526	0.68066,0.59291,0.26911,0.33576	0.055212,-0.045948,-0.68117,-0.7286	0.0197,0.002569,-0.4474,0.89412
625	0.65905,0.63049,0.29773,0.28193	0.43223,0.56305,0.51808,0.47723	0.6789,0.59424,0.27353,0.33339	0.055212,-0.045948,-0.68117,-0.7286	0.0197,0.002569,-0.4474,0.89412
626	0.65485,0.63463,0.28962,0.29076	0.39437,0.53907,0.55063,0.50068	0.67729,0.59546,0.27812,0.33067	0.055212,-0.045948,-0.68117,-0.7286	0.0197,0.002569,-0.4474,0.89412
627	0.64654,0.63863,0.28926,0.30078	0.3208,0.46477,0.62299,0.54126	0.67653,0.59713,0.28176,0.32611	0.055212,-0.045948,-0.68117,-0.7286	0.0197,0.002569,-0.4474,0.89412
628	0.63343,0.64388,0.29698,0.30982	0.29481,0.42582,0.65309,0.55248	0.67849,0.59833,0.28011,0.32123	0.055212,-0.045948,-0.68117,-0.7286	0.0197,0.002569,-0.4474,0.89412
629	0.62596,0.6463,0.30125,0.31578	0.23545,0.30216,0.72277,0.57522	0.6805,0.59878,0.27595,0.31973	0.055212,-0.045948,-0.68117,-0.7286	0.0197,0.002569,-0.4474,0.89412
630	0.61294,0.64557,0.31396,0.33011	0.19471,0.2456,0.74673,0.58665	0.6805,0.59878,0.27595,0.31973	0.055212,-0.045948,-0.68117,-0.7286	0.0197,0.002569,-0.4474,0.89412
631	0.59679,0.64406,0.3375,0.3393	0.14917,0.19695,0.76259,0.59784	0.67721,0.60447,0.27157,0.31975	0.055212,-0.045948,-0.68117,-0.7286	0.0197,0.002569,-0.4474,0.89412
632	0.5866,0.64653,0.3594,0.32972	0.11943,0.14845,0.77819,0.59844	0.67609,0.60607,0.26769,0.32236	0.055212,-0.045948,-0.68117,-0.7286	0.0197,0.002569,-0.4474,0.89412
633	0.58143,0.64753,0.36568,0.33002	0.12269,0.1406,0.77731,0.6008	0.67663,0.60447,0.26026,0.33021	0.055212,-0.045948,-0.68117,-0.7286	0.0197,0.002569,-0.4474,0.89412
634	0.57942,0.64944,0.36872,0.32639	0.13966,0.16766,0.77215,0.5968	0.6737,0.60253,0.2492,0.34782	0.055212,-0.045948,-0.68117,-0.7286	0.0197,0.002569,-0.4474,0.89412
635	0.57963,0.65139,0.36917,0.32161	0.15867,0.19615,0.76455,0.59314	0.65442,0.60414,0.26848,0.36697	0.055212,-0.045948,-0.68117,-0.7286	0.0197,0.002569,-0.4474,0.89412
636	0.5807,0.65228,0.36954,0.3174	0.17795,0.23093,0.75508,0.58725	0.65005,0.60152,0.27193,0.37638	0.055212,-0.045948,-0.68117,-0.7286	0.0197,0.002569,-0.4474,0.89412
637	0.58361,0.65182,0.36969,0.31282	0.193,0.26141,0.74579,0.58157	0.6429,0.57652,0.26997,0.42594	0.055212,-0.045948,-0.68117,-0.7286	0.0197,0.002569,-0.4474,0.89412
638	0.58989,0.64841,0.37119,0.30628	0.20355,0.28534,0.73677,0.5782	0.64149,0.5679,0.26722,0.44111	0.055212,-0.045948,-0.68117,-0.7286	0.0197,0.002569,-0.4474,0.89412
639	0.59613,0.64418,0.37445,0.29908	0.21463,0.31185,0.72332,0.57749	0.63186,0.56752,0.25932,0.4598	0.055212,-0.045948,-0.68117,-0.7286	0.0197,0.002569,-0.4474,0.89412
640	0.60394,0.63921,0.37952,0.28745	0.23321,0.33702,0.70823,0.57483	0.63931,0.55922,0.24371,0.46816	0.055212,-0.045948,-0.68117,-0.7286	0.0197,0.002569,-0.4474,0.89412
641	0.60807,0.63612,0.38622,0.27645	0.25907,0.36821,0.68965,0.56718	0.64172,0.5563,0.24242,0.46899	0.055212,-0.045948,-0.68117,-0.7286	0.0197,0.002569,-0.4474,0.89412
642	0.5988,0.63524,0.39636,0.28426	0.28312,0.38837,0.67611,0.55848	0.64387,0.55491,0.26774,0.45368	0.055212,-0.045948,-0.68117,-0.7286	0.0197,0.002569,-0.4474,0.89412
643	0.57446,0.62606,0.42051,0.31813	0.30432,0.39418,0.66845,0.55243	0.6612,0.54389,0.26286,0.44487	0.055212,-0.045948,-0.68117,-0.7286	0.0197,0.002569,-0.4474,0.89412
644	0.5407,0.61491,0.44299,0.36508	0.31394,0.39327,0.66719,0.54922	0.67861,0.53081,0.2573,0.43762	0.055212,-0.045948,-0.68117,-0.7286	0.0197,0.002569,-0.4474,0.89412
645	0.52517,0.60652,0.44701,0.39561	0.3162,0.38704,0.66846,0.5508	0.68852,0.5228,0.25936,0.43052	0.055212,-0.045948,-0.68117,-0.7286	0.0197,0.002569,-0.4474,0.89412
646	0.51816,0.59182,0.45476,0.41767	0.31297,0.37835,0.67119,0.55534	0.69641,0.51683,0.26944,0.41868	0.055212,-0.045948,-0.68117,-0.7286	0.0197,0.002569,-0.4474,0.89412
647	0.52949,0.59501,0.4292,0.42591	0.30547,0.36107,0.67623,0.56482	0.70184,0.51619,0.27602,0.40592	0.055212,-0.045948,-0.68117,-0.7286	0.0197,0.002569,-0.4474,0.89412
648	0.52975,0.58409,0.41626,0.45269	0.29038,0.34141,0.68713,0.57181	0.69943,0.52054,0.28043,0.4015	0.055212,-0.045948,-0.68117,-0.7286	0.0197,0.002569,-0.4474,0.89412
649	0.53208,0.5863,0.39999,0.46168	0.2722,0.33124,0.6955,0.5766	0.69427,0.52807,0.28399,0.3981	0.055212,-0.045948,-0.68117,-0.7286	0.0197,0.002569,-0.4474,0.89412
650	0.52623,0.59042,0.38929,0.47216	0.24799,0.32421,0.70033,0.5856	0.68537,0.54237,0.27789,0.3986	0.055212,-0.045948,-0.68117,-0.7286	0.0197,0.002569,-0.4474,0.89412
651	0.52251,0.59033,0.38164,0.48253	0.22041,0.30664,0.70506,0.60024	0.67799,0.55285,0.25431,0.41231	0.055212,-0.045948,-0.68117,-0.7286	0.0197,0.002569,-0.4474,0.89412
652	0.52039,0.58549,0.38082,0.49129	0.20318,0.2966,0.70916,0.6065	0.67251,0.54873,0.22266,0.44388	0.055212,-0.045948,-0.68117,-0.7286	0.0197,0.002569,-0.4474,0.89412
653	0.51838,0.58004,0.38059,0.49999	0.17184,0.27001,0.7146,0.62202	0.66487,0.54341,0.21533,0.46506	0.055212,-0.045948,-0.68117,-0.7286	0.0197,0.002569,-0.4474,0.89412
654	0.51877,0.57579,0.38112,0.50407	0.15298,0.25005,0.71809,0.6312	0.65914,0.52452,0.21195,0.49546	0.055212,-0.045948,-0.68117,-0.7286	0.0197,0.002569,-0.4474,0.89412
655	0.52568,0.55204,0.38646,0.51919	0.134,0.22951,0.72095,0.64	0.64471,0.50341,0.2321,0.52636	0.055212,-0.045948,-0.68117,-0.7286	0.0197,0.002569,-0.4474,0.89412
656	0.52631,0.55006,0.38706,0.52021	0.11863,0.21079,0.72332,0.64676	0.64471,0.50341,0.2321,0.52636	0.055212,-0.045948,-0.68117,-0.7286	0.0197,0.002569,-0.4474,0.89412
657	0.53485,0.52204,0.39691,0.5328	0.093376,0.17202,0.73059,0.65416	0.63013,0.48821,0.26027,0.54484	0.055212,-0.045948,-0.68117,-0.7286	0.0197,0.002569,-0.4474,0.89412
658	0.54428,0.49472,0.40565,0.54264	0.068383,0.109,0.73647,0.66412	0.6161,0.47982,0.28529,0.5557	0.055212,-0.045948,-0.68117,-0.7286	0.0197,0.002569,-0.4474,0.89412
659	0.49501,0.42992,0.48923,0.57513	0.060903,0.09804,0.73363,0.66968	0.57454,0.49022,0.35422,0.55147	0.055212,-0.045948,-0.68117,-0.7286	0.0197,0.002569,-0.4474,0.89412
660	0.43369,0.37902,0.54322,0.61087	0.056553,0.075043,0.72736,0.67979	0.47975,0.50922,0.49133,0.51877	0.055212,-0.045948,-0.68117,-0.7286	0.0197,0.002569,-0.4474,0.89412
661	0.43095,0.36554,0.53473,0.62827	0.067016,0.042426,0.7211,0.68827	0.44548,0.51231,0.53198,0.50606	0.055212,-0.045948,-0.68117,-0.7286	0.0197,0.002569,-0.4474,0.89412
662	0.43405,0.36079,0.5239,0.63794	0.084294,0.043813,0.71726,0.6903	0.34633,0.49484,0.63782,0.47788	0.055212,-0.045948,-0.68117,-0.7286	0.0197,0.002569,-0.4474,0.89412
663	0.43396,0.3485,0.50401,0.66045	0.080534,0.045052,0.71749,0.69043	0.2741,0.41198,0.69114,0.52675	0.055212,-0.045948,-0.68117,-0.7286	0.0197,0.002569,-0.4474,0.89412
664	0.40522,0.34445,0.51178,0.67471	0.076157,0.046091,0.71668,0.6917	0.30345,0.35058,0.67726,0.57126	0.055212,-0.045948,-0.68117,-0.7286	0.0197,0.002569,-0.4474,0.89412
665	0.39138,0.3434,0.51827,0.67845	0.074131,0.045898,0.7123,0.69644	0.31551,0.34197,0.6849,0.56073	0.055212,-0.045948,-0.68117,-0.7286	0.0197,0.002569,-0.4474,0.89412
666	0.38148,0.35398,0.51946,0.67774	0.074088,0.050132,0.7088,0.69971	0.31327,0.33988,0.68841,0.55896	0.055212,-0.045948,-0.68117,-0.7286	0.0197,0.002569,-0.4474,0.89412
667	0.37821,0.36983,0.51564,0.67402	0.071137,0.054452,0.71235,0.69608	0.30083,0.34245,0.6909,0.56115	0.055212,-0.045948,-0.68117,-0.7286	0.0197,0.002569,-0.4474,0.89412
668	0.37857,0.37486,0.51082,0.67471	0.05662,0.056828,0.71335,0.6962	0.28543,0.34905,0.69379,0.56156	0.055212,-0.045948,-0.68117,-0.7286	0.0197,0.002569,-0.4474,0.89412
669	0.381,0.37462,0.50391,0.67865	0.041937,0.043245,0.71267,0.69891	0.28088,0.35304,0.69515,0.55967	0.055212,-0.045948,-0.68117,-0.7286	0.0197,0.002569,-0.4474,0.89412
670	0.38021,0.37492,0.50645,0.67704	0.031207,0.026376,0.70816,0.70486	0.29393,0.37202,0.68667,0.55108	0.055212,-0.045948,-0.68117,-0.7286	0.0197,0.002569,-0.4474,0.89412
671	0.37852,0.37742,0.51508,0.67005	0.035215,0.0062923,0.70086,0.7124	0.27144,0.36517,0.68419,0.56996	0.055212,-0.045948,-0.68117,-0.7286	0.0197,0.002569,-0.4474,0.89412
672	0.37628,0.37639,0.52743,0.66223	0.040471,0.0053193,0.69098,0.72172	0.25356,0.36901,0.68349,0.57653	0.055212,-0.045948,-0.68117,-0.7286	0.0197,0.002569,-0.4474,0.89412
673	0.37997,0.37564,0.5425,0.64823	0.04981,0.010034,0.68843,0.72352	0.26367,0.35197,0.69479,0.56909	0.055212,-0.045948,-0.68117,-0.7286	0.0197,0.002569,-0.4474,0.89412
674	0.38289,0.37626,0.54935,0.64035	0.05768,0.020258,0.68689,0.72418	0.27065,0.33937,0.70354,0.56268	0.055212,-0.045948,-0.68117,-0.7286	0.0197,0.002569,-0.4474,0.89412
675	0.38819,0.36282,0.55858,0.63692	0.066373,0.045549,0.68251,0.72643	0.27432,0.33891,0.71061,0.55219	0.055212,-0.045948,-0.68117,-0.7286	0.0197,0.002569,-0.4474,0.89412
676	0.38678,0.35797,0.56198,0.63752	0.081758,0.064937,0.67514,0.73026	0.27132,0.34804,0.71399,0.54357	0.055212,-0.045948,-0.68117,-0.7286	0.0197,0.002569,-0.4474,0.89412
677	0.331,0.26365,0.60345,0.67585	0.080779,0.074191,0.67873,0.72615	0.26462,0.35043,0.70591,0.55576	0.055212,-0.045948,-0.68117,-0.7286	0.0197,0.002569,-0.4474,0.89412
678	0.3646,0.28779,0.56095,0.68526	0.076545,0.077496,0.6816,0.72357	0.26357,0.34975,0.70491,0.55795	0.055212,-0.045948,-0.68117,-0.7286	0.0197,0.002569,-0.4474,0.89412
679	0.39107,0.31173,0.53183,0.68341	0.077592,0.081476,0.6842,0.72056	0.25099,0.34148,0.6978,0.57747	0.055212,-0.045948,-0.68117,-0.7286	0.0197,0.002569,-0.4474,0.89412
680	0.40348,0.32305,0.52194,0.67855	0.069377,0.079035,0.6914,0.71478	0.25674,0.33935,0.68912,0.58656	0.055212,-0.045948,-0.68117,-0.7286	0.0197,0.002569,-0.4474,0.89412
681	0.40278,0.32755,0.51799,0.67983	0.065192,0.071557,0.69727,0.71024	0.22198,0.31138,0.67741,0.6284	0.055212,-0.045948,-0.68117,-0.7286	0.0197,0.002569,-0.4474,0.89412
682	0.38757,0.32948,0.50403,0.69799	0.060617,0.046748,0.69474,0.71517	0.19248,0.2852,0.65726,0.67054	0.055212,-0.045948,-0.68117,-0.7286	0.0197,0.002569,-0.4474,0.89412
683	0.38603,0.3249,0.48749,0.71258	0.083681,0.024284,0.6896,0.71893	0.21732,0.30284,0.63204,0.6794	0.055212,-0.045948,-0.68117,-0.7286	0.0197,0.002569,-0.4474,0.89412
684	0.38771,0.31281,0.45084,0.74066	0.097023,0.041332,0.68469,0.72116	0.22225,0.28004,0.63653,0.68339	0.055212,-0.045948,-0.68117,-0.7286	0.0197,0.002569,-0.4474,0.89412
685	0.39069,0.3051,0.44717,0.74452	0.10978,0.066408,0.67962,0.72226	0.233,0.2772,0.63877,0.67885	0.055212,-0.045948,-0.68117,-0.7286	0.0197,0.002569,-0.4474,0.89412
686	0.3905,0.26351,0.55705,0.68394	0.09463,0.069868,0.68919,0.71497	0.24498,0.28028,0.65027,0.66225	0.055212,-0.045948,-0.68117,-0.7286	0.0197,0.002569,-0.4474,0.89412
687	0.3751,0.28376,0.56685,0.67636	0.087415,0.076414,0.69561,0.70897	0.24796,0.28234,0.67148,0.63869	0.055212,-0.045948,-0.68117,-0.7286	0.0197,0.002569,-0.4474,0.89412
688	0.40183,0.30718,0.56036,0.65588	0.088109,0.087522,0.70059,0.70268	0.25837,0.28287,0.66433,0.64179	0.055212,-0.045948,-0.68117,-0.7286	0.0197,0.002569,-0.4474,0.89412
689	0.40916,0.29562,0.5551,0.6611	0.083553,0.094412,0.69689,0.70601	0.27098,0.27734,0.62272,0.67961	0.055212,-0.045948,-0.68117,-0.7286	0.0197,0.002569,-0.4474,0.89412
690	0.40982,0.29775,0.54228,0.67031	0.08032,0.092665,0.68871,0.71459	0.25688,0.29148,0.60358,0.69624	0.055212,-0.045948,-0.68117,-0.7286	0.0197,0.002569,-0.4474,0.89412
691	0.39443,0.30989,0.52033,0.69112	0.069377,0.11052,0.682,0.71962	0.20958,0.30502,0.64912,0.66459	0.055212,-0.045948,-0.68117,-0.7286	0.0197,0.002569,-0.4474,0.89412
692	0.37429,0.33368,0.50277,0.70412	0.084807,0.13423,0.67227,0.72308	0.20426,0.3138,0.64333,0.66778	0.055212,-0.045948,-0.68117,-0.7286	0.0197,0.002569,-0.4474,0.89412
693	0.36731,0.34728,0.4757,0.71986	0.10806,0.14171,0.67105,0.71968	0.39309,0.31495,0.58115,0.63918	0.055212,-0.045948,-0.68117,-0.7286	0.0197,0.002569,-0.4474,0.89412
694	0.36171,0.35351,0.46718,0.72521	0.1234,0.13311,0.67103,0.71887	0.452,0.30761,0.54904,0.63216	0.055212,-0.045948,-0.68117,-0.7286	0.0197,0.002569,-0.4474,0.89412
695	0.35754,0.36292,0.47513,0.71743	0.1412,0.14759,0.6661,0.71735	0.46356,0.32305,0.53955,0.62421	0.055212,-0.045948,-0.68117,-0.7286	0.0197,0.002569,-0.4474,0.89412
696	0.36686,0.40375,0.5044,0.66931	0.15823,0.15521,0.66511,0.71309	0.44701,0.3205,0.54168,0.63564	0.055212,-0.045948,-0.68117,-0.7286	0.0197,0.002569,-0.4474,0.89412
697	0.3021,0.28217,0.50644,0.75673	0.15819,0.15232,0.65933,0.71907	0.44647,0.31839,0.51754,0.65684	0.055212,-0.045948,-0.68117,-0.7286	0.0197,0.002569,-0.4474,0.89412
698	0.40332,0.30521,0.48789,0.71144	0.16389,0.16062,0.65328,0.7215	0.45525,0.32238,0.50093,0.66173	0.055212,-0.045948,-0.68117,-0.7286	0.0197,0.002569,-0.4474,0.89412
699	0.52195,0.42552,0.5092,0.53591	0.17257,0.18657,0.6482,0.71781	0.44953,0.33458,0.50582,0.65584	0.055212,-0.045948,-0.68117,-0.7286	0.0197,0.002569,-0.4474,0.89412
700	0.52589,0.43901,0.45586,0.56825	0.1876,0.20505,0.64157,0.71495	0.43441,0.35923,0.53166,0.63213	0.055212,-0.045948,-0.68117,-0.7286	0.0197,0.002569,-0.4474,0.89412
701	0.53241,0.44278,0.41929,0.5871	0.17795,0.20408,0.64632,0.71341	0.41788,0.38663,0.54121,0.61885	0.055212,-0.045948,-0.68117,-0.7286	0.0197,0.002569,-0.4474,0.89412
702	0.53003,0.45297,0.41543,0.58422	0.15732,0.19824,0.64913,0.71734	0.39579,0.40319,0.54192,0.62218	0.055212,-0.045948,-0.68117,-0.7286	0.0197,0.002569,-0.4474,0.89412
703	0.51411,0.49166,0.43223,0.5542	0.15441,0.19587,0.64748,0.72011	0.35038,0.41617,0.55143,0.63242	0.055212,-0.045948,-0.68117,-0.7286	0.0197,0.002569,-0.4474,0.89412
704	0.51126,0.48699,0.43049,0.56225	0.15385,0.19646,0.64696,0.72054	0.36408,0.43844,0.55398,0.6069	0.055212,-0.045948,-0.68117,-0.7286	0.0197,0.002569,-0.4474,0.89412
705	0.51146,0.48527,0.42952,0.5643	0.15388,0.19698,0.64258,0.7243	0.35732,0.42434,0.55396,0.62079	0.055212,-0.045948,-0.68117,-0.7286	0.0197,0.002569,-0.4474,0.89412
706	0.51726,0.46252,0.41297,0.58989	0.15276,0.19558,0.64101,0.72631	0.33687,0.41995,0.56934,0.6213	0.055212,-0.045948,-0.68117,-0.7286	0.0197,0.002569,-0.4474,0.89412
707	0.52045,0.44838,0.40448,0.60373	0.14742,0.19064,0.64292,0.72703	0.32704,0.42314,0.5799,0.61459	0.055212,-0.045948,-0.68117,-0.7286	0.0197,0.002569,-0.4474,0.89412
708	0.52229,0.44139,0.41829,0.59785	0.13531,0.17831,0.63963,0.73537	0.32218,0.42495,0.58178,0.61412	0.055212,-0.045948,-0.68117,-0.7286	0.0197,0.002569,-0.4474,0.89412
709	0.51356,0.44048,0.4632,0.57243	0.12803,0.16763,0.63877,0.73992	0.32138,0.42417,0.58022,0.61656	0.055212,-0.045948,-0.68117,-0.7286	0.0197,0.002569,-0.4474,0.89412
710	0.48872,0.4282,0.5127,0.56119	0.13866,0.16695,0.63888,0.73806	0.32574,0.41138,0.56843,0.63367	0.055212,-0.045948,-0.68117,-0.7286	0.0197,0.002569,-0.4474,0.89412
711	0.41546,0.35729,0.58557,0.59736	0.14772,0.16062,0.64638,0.73114	0.3419,0.39609,0.56102,0.64146	0.055212,-0.045948,-0.68117,-0.7286	0.0197,0.002569,-0.4474,0.89412
712	0.4174,0.354,0.6001,0.58339	0.1424,0.14217,0.65593,0.72751	0.35274,0.38167,0.56371,0.64197	0.055212,-0.045948,-0.68117,-0.7286	0.0197,0.002569,-0.4474,0.89412
713	0.48014,0.40458,0.49794,0.59818	0.12127,0.095525,0.66937,0.72672	0.35814,0.37643,0.56412,0.64172	0.055212,-0.045948,-0.68117,-0.7286	0.0197,0.002569,-0.4474,0.89412
714	0.5159,0.4306,0.44221,0.59404	0.12492,0.085983,0.6738,0.72319	0.36941,0.36194,0.55651,0.65025	0.055212,-0.045948,-0.68117,-0.7286	0.0197,0.002569,-0.4474,0.89412
715	0.51286,0.43341,0.42756,0.60525	0.13678,0.10434,0.68137,0.71143	0.40201,0.33643,0.50854,0.68307	0.055212,-0.045948,-0.68117,-0.7286	0.0197,0.002569,-0.4474,0.89412
716	0.49221,0.4359,0.43293,0.61668	0.16298,0.16029,0.68401,0.69273	0.39376,0.34585,0.53605,0.66181	0.055212,-0.045948,-0.68117,-0.7286	0.0197,0.002569,-0.4474,0.89412
717	0.48479,0.44375,0.44105,0.61118	0.1738,0.19563,0.67669,0.68819	0.37564,0.3724,0.57449,0.62464	0.055212,-0.045948,-0.68117,-0.7286	0.0197,0.002569,-0.4474,0.89412
718	0.4828,0.45378,0.4564,0.59388	0.20398,0.22216,0.6545,0.6933	0.35523,0.39784,0.60043,0.59583	0.055212,-0.045948,-0.68117,-0.7286	0.0197,0.002569,-0.4474,0.89412
719	0.48184,0.46417,0.46652,0.57856	0.20416,0.22947,0.64811,0.69686	0.50242,0.51438,0.51209,0.46982	0.055212,-0.045948,-0.68117,-0.7286	0.0197,0.002569,-0.4474,0.89412
720	0.49493,0.45571,0.45061,0.58679	0.19465,0.24543,0.6408,0.70089	0.64299,0.51457,0.33399,0.45851	0.055212,-0.045948,-0.68117,-0.7286	0.0197,0.002569,-0.4474,0.89412
721	0.52664,0.42115,0.41353,0.61178	0.20503,0.262,0.63906,0.69349	0.68391,0.5169,0.28247,0.43046	0.055212,-0.045948,-0.68117,-0.7286	0.0197,0.002569,-0.4474,0.89412
722	0.60116,0.40072,0.32698,0.60919	0.25683,0.30646,0.63114,0.66467	0.69388,0.50055,0.27775,0.43685	0.055212,-0.045948,-0.68117,-0.7286	0.0197,0.002569,-0.4474,0.89412
723	0.67008,0.42099,0.2458,0.55977	0.30489,0.35297,0.6208,0.63012	0.69983,0.51165,0.28421,0.40948	0.055212,-0.045948,-0.68117,-0.7286	0.0197,0.002569,-0.4474,0.89412
724	0.70448,0.49316,0.23574,0.45267	0.40609,0.41402,0.56667,0.58528	0.69379,0.53485,0.29533,0.38128	0.055212,-0.045948,-0.68117,-0.7286	0.0197,0.002569,-0.4474,0.89412
725	0.71388,0.5775,0.24175,0.31373	0.52212,0.47353,0.48914,0.51371	0.68225,0.57043,0.29391,0.35036	0.055212,-0.045948,-0.68117,-0.7286	0.0197,0.002569,-0.4474,0.89412
726	0.7153,0.62957,0.22459,0.20383	0.57311,0.49269,0.44991,0.4758	0.66875,0.60749,0.28373,0.3213	0.055212,-0.045948,-0.68117,-0.7286	0.0197,0.002569,-0.4474,0.89412
727	0.7164,0.65142,0.20738,0.13937	0.60775,0.50206,0.41353,0.4556	0.65191,0.62666,0.27565,0.32609	0.055212,-0.045948,-0.68117,-0.7286	0.0197,0.002569,-0.4474,0.89412
728	0.71861,0.65721,0.1944,0.11785	0.6203,0.51325,0.39146,0.44561	0.64572,0.63884,0.23528,0.3458	0.055212,-0.045948,-0.68117,-0.7286	0.0197,0.002569,-0.4474,0.89412
729	0.74097,0.63206,0.17218,0.14763	0.6097,0.52983,0.39269,0.4397	0.64247,0.64003,0.18747,0.37743	0.055212,-0.045948,-0.68117,-0.7286	0.0197,0.002569,-0.4474,0.89412
730	0.75525,0.60885,0.15787,0.18431	0.55275,0.53201,0.44889,0.45818	0.63615,0.63736,0.17584,0.39769	0.055212,-0.045948,-0.68117,-0.7286	0.0197,0.002569,-0.4474,0.89412
731	0.76584,0.59691,0.13552,0.19705	0.40565,0.47123,0.55966,0.54788	0.62977,0.63513,0.17133,0.4131	0.055212,-0.045948,-0.68117,-0.7286	0.0197,0.002569,-0.4474,0.89412
732	0.76783,0.59444,0.12956,0.20075	0.33466,0.43701,0.59799,0.58261	0.61258,0.63157,0.17255,0.44283	0.055212,-0.045948,-0.68117,-0.7286	0.0197,0.002569,-0.4474,0.89412
733	0.77282,0.58427,0.09252,0.22982	0.2698,0.3997,0.63487,0.60364	0.61443,0.57221,0.2025,0.50403	0.055212,-0.045948,-0.68117,-0.7286	0.0197,0.002569,-0.4474,0.89412
734	0.76954,0.58714,0.08769,0.23532	0.22132,0.36219,0.66498,0.61452	0.63131,0.5299,0.21257,0.52486	0.055212,-0.045948,-0.68117,-0.7286	0.0197,0.002569,-0.4474,0.89412
735	0.75767,0.59989,0.082563,0.24343	0.19316,0.33512,0.68115,0.62162	0.618,0.54802,0.22143,0.51838	0.055212,-0.045948,-0.68117,-0.7286	0.0197,0.002569,-0.4474,0.89412
736	0.74404,0.6135,0.086546,0.25006	0.17822,0.31738,0.6902,0.6254	0.61632,0.55405,0.21588,0.5163	0.055212,-0.045948,-0.68117,-0.7286	0.0197,0.002569,-0.4474,0.89412
737	0.69874,0.66405,0.11929,0.23784	0.16234,0.31291,0.69775,0.62361	0.60599,0.54928,0.23113,0.52692	0.055212,-0.045948,-0.68117,-0.7286	0.0197,0.002569,-0.4474,0.89412
738	0.67506,0.67801,0.15783,0.24429	0.1522,0.3198,0.69926,0.62097	0.60232,0.54687,0.23691,0.53106	0.055212,-0.045948,-0.68117,-0.7286	0.0197,0.002569,-0.4474,0.89412
739	0.6585,0.66487,0.20193,0.28905	0.14883,0.33187,0.6932,0.62224	0.59525,0.54916,0.2507,0.53033	0.055212,-0.045948,-0.68117,-0.7286	0.0197,0.002569,-0.4474,0.89412
740	0.64341,0.65993,0.22079,0.31899	0.15015,0.34222,0.69016,0.61969	0.59256,0.55513,0.25777,0.5237	0.055212,-0.045948,-0.68117,-0.7286	0.0197,0.002569,-0.4474,0.89412
741	0.63092,0.64308,0.26159,0.34634	0.15417,0.34168,0.68877,0.62055	0.57125,0.57506,0.30075,0.50252	0.055212,-0.045948,-0.68117,-0.7286	0.0197,0.002569,-0.4474,0.89412
742	0.62693,0.64505,0.26409,0.34804	0.15593,0.32288,0.69467,0.62359	0.53223,0.57802,0.33958,0.51702	0.055212,-0.045948,-0.68117,-0.7286	0.0197,0.002569,-0.4474,0.89412
743	0.62569,0.64036,0.27225,0.3526	0.16105,0.31185,0.69223,0.63057	0.49764,0.51848,0.36443,0.5922	0.055212,-0.045948,-0.68117,-0.7286	0.0197,0.002569,-0.4474,0.89412
744	0.62465,0.63216,0.28651,0.3579	0.17406,0.28179,0.69055,0.64299	0.48247,0.45226,0.38376,0.64453	0.055212,-0.045948,-0.68117,-0.7286	0.0197,0.002569,-0.4474,0.89412
745	0.63749,0.60565,0.30306,0.36735	0.15947,0.24876,0.6923,0.65834	0.52626,0.41986,0.37435,0.63767	0.055212,-0.045948,-0.68117,-0.7286	0.0197,0.002569,-0.4474,0.89412
746	0.65075,0.57935,0.34712,0.34697	0.14955,0.22768,0.69629,0.66406	0.53023,0.40751,0.39249,0.63146	0.055212,-0.045948,-0.68117,-0.7286	0.0197,0.002569,-0.4474,0.89412
747	0.59566,0.59764,0.44659,0.2976	0.13526,0.20562,0.70313,0.6671	0.53349,0.4032,0.42085,0.61294	0.055212,-0.045948,-0.68117,-0.7286	0.0197,0.002569,-0.4474,0.89412
748	0.5198,0.46602,0.4675,0.54228	0.12326,0.19612,0.70739,0.66779	0.51966,0.40599,0.47191,0.58517	0.055212,-0.045948,-0.68117,-0.7286	0.0197,0.002569,-0.4474,0.89412
749	0.47551,0.36033,0.43271,0.67587	0.10893,0.18103,0.71316,0.66841	0.50868,0.39548,0.5045,0.57473	0.055212,-0.045948,-0.68117,-0.7286	0.0197,0.002569,-0.4474,0.89412
750	0.44717,0.3248,0.45248,0.69986	0.075856,0.15965,0.71677,0.67453	0.50601,0.39212,0.50779,0.57649	0.055212,-0.045948,-0.68117,-0.7286	0.0197,0.002569,-0.4474,0.89412
751	0.41662,0.32604,0.46724,0.70838	0.037588,0.11981,0.70893,0.69401	0.50269,0.38727,0.51,0.58072	0.055212,-0.045948,-0.68117,-0.7286	0.0197,0.002569,-0.4474,0.89412
752	0.39675,0.3345,0.46718,0.71585	0.018288,0.097834,0.69452,0.71255	0.50164,0.38176,0.50269,0.59153	0.055212,-0.045948,-0.68117,-0.7286	0.0197,0.002569,-0.4474,0.89412
753	0.38544,0.33631,0.47588,0.71546	0.0030041,0.090455,0.6883,0.71976	0.49674,0.37726,0.49527,0.60467	0.055212,-0.045948,-0.68117,-0.7286	0.0197,0.002569,-0.4474,0.89412
754	0.388,0.33749,0.51203,0.68803	0.010279,-0.073629,-0.6822,-0.72738	0.46821,0.3638,0.51098,0.62235	0.055212,-0.045948,-0.68117,-0.7286	0.0197,0.002569,-0.4474,0.89412
755	0.39693,0.34076,0.52603,0.67055	0.030131,-0.032636,-0.66733,-0.74343	0.37517,0.31309,0.55052,0.67686	0.055212,-0.045948,-0.68117,-0.7286	0.0197,0.002569,-0.4474,0.89412
756	0.39777,0.33788,0.5265,0.67113	0.036353,0.00049342,-0.65169,-0.75761	0.3326,0.29444,0.57122,0.69021	0.055212,-0.045948,-0.68117,-0.7286	0.0197,0.002569,-0.4474,0.89412
757	0.40637,0.32272,0.51853,0.67958	0.015416,0.017643,-0.63867,-0.76913	0.276,0.32922,0.59631,0.67812	0.055212,-0.045948,-0.68117,-0.7286	0.0197,0.002569,-0.4474,0.89412
758	0.40853,0.31056,0.51479,0.68676	0.0021081,0.018009,-0.6367,-0.7709	0.24628,0.34037,0.60143,0.67954	0.055212,-0.045948,-0.68117,-0.7286	0.0197,0.002569,-0.4474,0.89412
759	0.41387,0.27633,0.51226,0.69996	0.026311,-0.017045,0.64293,0.76529	0.16819,0.30614,0.61479,0.70712	0.055212,-0.045948,-0.68117,-0.7286	0.0197,0.002569,-0.4474,0.89412
760	0.42055,0.25515,0.5516,0.67363	0.039289,-0.0066048,0.66717,0.74384	0.1819,0.29028,0.5953,0.72682	0.055212,-0.045948,-0.68117,-0.7286	0.0197,0.002569,-0.4474,0.89412
761	0.42357,0.26192,0.56769,0.65552	0.049816,-0.0075941,0.68241,0.72923	0.18016,0.27638,0.57253,0.75058	0.055212,-0.045948,-0.68117,-0.7286	0.0197,0.002569,-0.4474,0.89412
762	0.42357,0.26192,0.56769,0.65552	0.053346,-0.0020865,0.70009,0.71206	0.18404,0.26076,0.56554,0.76046	0.055212,-0.045948,-0.68117,-0.7286	0.0197,0.002569,-0.4474,0.89412
763	0.42305,0.26854,0.57882,0.64333	0.061806,0.018375,0.71051,0.70072	0.19508,0.25131,0.56887,0.75841	0.055212,-0.045948,-0.68117,-0.7286	0.0197,0.002569,-0.4474,0.89412
764	0.37815,0.24756,0.62833,0.63318	0.071251,0.034144,0.71399,0.69568	0.22678,0.22838,0.60983,0.72423	0.055212,-0.045948,-0.68117,-0.7286	0.0197,0.002569,-0.4474,0.89412
765	0.32329,0.20827,0.66179,0.64354	0.075914,0.044743,0.72043,0.68791	0.23103,0.22116,0.61803,0.71816	0.055212,-0.045948,-0.68117,-0.7286	0.0197,0.002569,-0.4474,0.89412
766	0.33468,0.21365,0.62313,0.67383	0.079572,0.054925,0.73039,0.67616	0.24575,0.21812,0.58694,0.73995	0.055212,-0.045948,-0.68117,-0.7286	0.0197,0.002569,-0.4474,0.89412
767	0.33726,0.21431,0.61563,0.67921	0.081051,0.067411,0.73326,0.67173	0.25408,0.22116,0.5646,0.7535	0.055212,-0.045948,-0.68117,-0.7286	0.0197,0.002569,-0.4474,0.89412
768	0.33976,0.21177,0.60795,0.68565	0.082848,0.074305,0.73328,0.67076	0.24394,0.2288,0.57583,0.74604	0.055212,-0.045948,-0.68117,-0.7286	0.0197,0.002569,-0.4474,0.89412
769	0.33976,0.21177,0.60795,0.68565	0.09796,0.068545,0.73649,0.66579	0.22777,0.24069,0.60031,0.72788	0.055212,-0.045948,-0.68117,-0.7286	0.0197,0.002569,-0.4474,0.89412
770	0.33963,0.20434,0.6073,0.68853	0.088343,0.072932,0.74134,0.66128	0.21364,0.25637,0.62007,0.71003	0.055212,-0.045948,-0.68117,-0.7286	0.0197,0.002569,-0.4474,0.89412
771	0.33769,0.1871,0.58865,0.71024	0.087157,0.080603,0.73775,0.66455	0.16524,0.29151,0.67295,0.65944	0.055212,-0.045948,-0.68117,-0.7286	0.0197,0.002569,-0.4474,0.89412
772	0.33941,0.18793,0.58364,0.71333	0.070698,0.081175,0.73848,0.66563	0.14832,0.28626,0.69265,0.64521	0.055212,-0.045948,-0.68117,-0.7286	0.0197,0.002569,-0.4474,0.89412
773	0.37767,0.26014,0.56254,0.68793	0.066739,0.084677,0.73847,0.66561	0.19707,0.29976,0.67537,0.64435	0.055212,-0.045948,-0.68117,-0.7286	0.0197,0.002569,-0.4474,0.89412
774	0.40037,0.30998,0.55273,0.6619	0.068543,0.091147,0.74047,0.66235	0.22276,0.30028,0.65624,0.6554	0.055212,-0.045948,-0.68117,-0.7286	0.0197,0.002569,-0.4474,0.89412
775	0.34785,0.34171,0.57633,0.6558	0.072174,0.097824,0.74174,0.65958	0.20524,0.29782,0.65821,0.66026	0.055212,-0.045948,-0.68117,-0.7286	0.0197,0.002569,-0.4474,0.89412
776	0.31854,0.38976,0.57489,0.64507	0.071629,0.10919,0.74057,0.65916	0.2237,0.30707,0.65845,0.6497	0.055212,-0.045948,-0.68117,-0.7286	0.0197,0.002569,-0.4474,0.89412
777	0.31122,0.39678,0.57712,0.64237	0.070395,0.11816,0.73759,0.6611	0.22667,0.30732,0.66106,0.64589	0.055212,-0.045948,-0.68117,-0.7286	0.0197,0.002569,-0.4474,0.89412
778	0.30296,0.40676,0.579,0.63837	0.069437,0.12353,0.73526,0.66281	0.23067,0.30259,0.66398,0.64371	0.055212,-0.045948,-0.68117,-0.7286	0.0197,0.002569,-0.4474,0.89412
779	0.29942,0.41038,0.58343,0.63367	0.07542,0.13788,0.73,0.66513	0.23339,0.30327,0.66269,0.64374	0.055212,-0.045948,-0.68117,-0.7286	0.0197,0.002569,-0.4474,0.89412
780	0.30381,0.40084,0.57974,0.64103	0.089376,0.15932,0.72179,0.66757	0.26389,0.31712,0.64283,0.64542	0.055212,-0.045948,-0.68117,-0.7286	0.0197,0.002569,-0.4474,0.89412
781	0.30669,0.39662,0.57483,0.64668	0.090217,0.16532,0.71554,0.67271	0.26803,0.3164,0.63187,0.65482	0.055212,-0.045948,-0.68117,-0.7286	0.0197,0.002569,-0.4474,0.89412
782	0.30739,0.39595,0.57379,0.64768	0.087166,0.1614,0.7128,0.67696	0.26278,0.32663,0.63552,0.64836	0.055212,-0.045948,-0.68117,-0.7286	0.0197,0.002569,-0.4474,0.89412
783	0.30979,0.39509,0.57163,0.64898	0.086299,0.15122,0.71194,0.68031	0.23896,0.34891,0.67406,0.60564	0.055212,-0.045948,-0.68117,-0.7286	0.0197,0.002569,-0.4474,0.89412
784	0.31196,0.39317,0.56989,0.65063	0.086579,0.14853,0.71092,0.68194	0.20852,0.34833,0.70757,0.57839	0.055212,-0.045948,-0.68117,-0.7286	0.0197,0.002569,-0.4474,0.89412
785	0.3181,0.38482,0.56622,0.65584	0.071282,0.11514,0.70017,0.70102	0.18745,0.32005,0.72174,0.58439	0.055212,-0.045948,-0.68117,-0.7286	0.0197,0.002569,-0.4474,0.89412
786	0.32046,0.38135,0.56559,0.65725	0.064653,0.059234,0.69669,0.71199	0.19151,0.28965,0.70722,0.61584	0.055212,-0.045948,-0.68117,-0.7286	0.0197,0.002569,-0.4474,0.89412
787	0.32702,0.37029,0.56579,0.66017	0.068825,0.023611,0.68972,0.72041	0.20562,0.25159,0.68988,0.6469	0.055212,-0.045948,-0.68117,-0.7286	0.0197,0.002569,-0.4474,0.89412
788	0.33201,0.36324,0.56631,0.66115	0.07821,0.0051534,0.68606,0.72331	0.22069,0.22458,0.68029,0.66186	0.055212,-0.045948,-0.68117,-0.7286	0.0197,0.002569,-0.4474,0.89412
789	0.33592,0.35679,0.56734,0.6618	0.081272,-0.010817,0.68289,0.7259	0.23743,0.21223,0.66988,0.6707	0.055212,-0.045948,-0.68117,-0.7286	0.0197,0.002569,-0.4474,0.89412
790	0.34285,0.34358,0.56976,0.66316	0.080942,-0.018051,0.68117,0.72741	0.25513,0.19763,0.64529,0.69243	0.055212,-0.045948,-0.68117,-0.7286	0.0197,0.002569,-0.4474,0.89412
791	0.3473,0.33423,0.57148,0.66414	0.07901,-0.035495,0.67726,0.73063	0.25862,0.19228,0.63496,0.70212	0.055212,-0.045948,-0.68117,-0.7286	0.0197,0.002569,-0.4474,0.89412
792	0.35451,0.32065,0.57381,0.66502	0.077102,-0.047156,0.67552,0.73179	0.26202,0.18821,0.62432,0.71144	0.055212,-0.045948,-0.68117,-0.7286	0.0197,0.002569,-0.4474,0.89412
793	0.36318,0.28932,0.58149,0.66803	0.078273,-0.052637,0.67642,0.73045	0.26473,0.18608,0.61672,0.7176	0.055212,-0.045948,-0.68117,-0.7286	0.0197,0.002569,-0.4474,0.89412
794	0.35938,0.26248,0.59337,0.67072	0.074985,-0.054324,0.67919,0.7281	0.26818,0.18603,0.60457,0.72662	0.055212,-0.045948,-0.68117,-0.7286	0.0197,0.002569,-0.4474,0.89412
795	0.35446,0.25445,0.59818,0.67216	0.072639,-0.050882,0.68298,0.72503	0.2714,0.18913,0.59796,0.73008	0.055212,-0.045948,-0.68117,-0.7286	0.0197,0.002569,-0.4474,0.89412
796	0.31688,0.20616,0.62599,0.68207	0.065755,-0.042773,0.69253,0.71711	0.27304,0.19287,0.59857,0.72799	0.055212,-0.045948,-0.68117,-0.7286	0.0197,0.002569,-0.4474,0.89412
797	0.30746,0.19081,0.6351,0.68242	0.054528,-0.035955,0.70289,0.70829	0.27288,0.19633,0.60271,0.72369	0.055212,-0.045948,-0.68117,-0.7286	0.0197,0.002569,-0.4474,0.89412
798	0.32578,0.20919,0.6299,0.6733	0.048815,-0.021926,0.71327,0.69884	0.27085,0.20035,0.60951,0.71763	0.055212,-0.045948,-0.68117,-0.7286	0.0197,0.002569,-0.4474,0.89412
799	0.31966,0.20807,0.63266,0.67399	0.043427,-0.0012173,0.72457,0.68783	0.2699,0.20412,0.61283,0.71409	0.055212,-0.045948,-0.68117,-0.7286	0.0197,0.002569,-0.4474,0.89412
800	0.29569,0.20485,0.64457,0.67464	0.037883,0.015879,0.73089,0.68125	0.267,0.21416,0.61281,0.71226	0.055212,-0.045948,-0.68117,-0.7286	0.0197,0.002569,-0.4474,0.89412
801	0.29792,0.23469,0.64871,0.6598	0.041451,0.041019,0.73522,0.67531	0.25845,0.23416,0.59953,0.72037	0.055212,-0.045948,-0.68117,-0.7286	0.0197,0.002569,-0.4474,0.89412
802	0.30628,0.2795,0.65531,0.63139	0.046448,0.058006,0.73494,0.67404	0.24534,0.25582,0.58818,0.72692	0.055212,-0.045948,-0.68117,-0.7286	0.0197,0.002569,-0.4474,0.89412
803	0.30678,0.29354,0.65907,0.62076	0.047146,0.083417,0.73307,0.67337	0.22813,0.25824,0.59975,0.7222	0.055212,-0.045948,-0.68117,-0.7286	0.0197,0.002569,-0.4474,0.89412
804	0.2814,0.31232,0.63416,0.64893	0.04283,0.095383,0.73251,0.67268	0.22526,0.2642,0.60728,0.71461	0.055212,-0.045948,-0.68117,-0.7286	0.0197,0.002569,-0.4474,0.89412
805	0.26917,0.34225,0.61927,0.65339	0.034837,0.10557,0.73263,0.67149	0.2118,0.26809,0.63188,0.69569	0.055212,-0.045948,-0.68117,-0.7286	0.0197,0.002569,-0.4474,0.89412
806	0.26355,0.36388,0.61514,0.64787	0.029489,0.10874,0.73335,0.67045	0.20331,0.25779,0.6536,0.68192	0.055212,-0.045948,-0.68117,-0.7286	0.0197,0.002569,-0.4474,0.89412
807	0.25898,0.37215,0.61631,0.64389	0.027413,0.10977,0.73395,0.66972	0.20033,0.24749,0.6719,0.66871	0.055212,-0.045948,-0.68117,-0.7286	0.0197,0.002569,-0.4474,0.89412
808	0.25625,0.37731,0.6176,0.64074	0.025066,0.11203,0.73437,0.66897	0.19962,0.2492,0.68009,0.65995	0.055212,-0.045948,-0.68117,-0.7286	0.0197,0.002569,-0.4474,0.89412
809	0.25609,0.37739,0.61792,0.64044	0.024992,0.10815,0.73662,0.66713	0.19903,0.24747,0.68203,0.65877	0.055212,-0.045948,-0.68117,-0.7286	0.0197,0.002569,-0.4474,0.89412
810	0.2554,0.37735,0.61972,0.639	0.022881,0.1067,0.73783,0.66611	0.2013,0.24201,0.68549,0.65652	0.055212,-0.045948,-0.68117,-0.7286	0.0197,0.002569,-0.4474,0.89412
811	0.25646,0.37427,0.62208,0.6381	0.018211,0.10128,0.7402,0.66447	0.21649,0.24334,0.68493,0.65175	0.055212,-0.045948,-0.68117,-0.7286	0.0197,0.002569,-0.4474,0.89412
812	0.25835,0.36875,0.6231,0.63955	0.017089,0.096653,0.74003,0.66537	0.22021,0.23549,0.68403,0.65433	0.055212,-0.045948,-0.68117,-0.7286	0.0197,0.002569,-0.4474,0.89412
813	0.26176,0.35832,0.62598,0.64127	0.015021,0.088719,0.74061,0.66588	0.22343,0.23346,0.68247,0.6556	0.055212,-0.045948,-0.68117,-0.7286	0.0197,0.002569,-0.4474,0.89412
814	0.26669,0.33782,0.6364,0.64012	0.014373,0.084584,0.74087,0.66614	0.22695,0.23173,0.68103,0.6565	0.055212,-0.045948,-0.68117,-0.7286	0.0197,0.002569,-0.4474,0.89412
815	0.26799,0.32968,0.64211,0.63811	0.011783,0.078814,0.74182,0.66584	0.22936,0.22871,0.68009,0.65769	0.055212,-0.045948,-0.68117,-0.7286	0.0197,0.002569,-0.4474,0.89412
816	0.26969,0.32394,0.64542,0.637	0.009768,0.073889,0.74262,0.66555	0.23146,0.22271,0.67857,0.66058	0.055212,-0.045948,-0.68117,-0.7286	0.0197,0.002569,-0.4474,0.89412
817	0.26993,0.31633,0.65,0.63606	0.0073887,0.069284,0.74353,0.66506	0.23247,0.21849,0.67698,0.66326	0.055212,-0.045948,-0.68117,-0.7286	0.0197,0.002569,-0.4474,0.89412
818	0.269,0.31276,0.65229,0.63587	0.0071589,0.067757,0.74504,0.66353	0.23236,0.21315,0.67567,0.66636	0.055212,-0.045948,-0.68117,-0.7286	0.0197,0.002569,-0.4474,0.89412
819	0.26793,0.30899,0.65407,0.63635	0.0058017,0.065929,0.74648,0.6621	0.2326,0.21093,0.67469,0.66798	0.055212,-0.045948,-0.68117,-0.7286	0.0197,0.002569,-0.4474,0.89412
820	0.26753,0.30718,0.65433,0.63712	0.0050365,0.065014,0.74777,0.66075	0.23255,0.20703,0.67301,0.67091	0.055212,-0.045948,-0.68117,-0.7286	0.0197,0.002569,-0.4474,0.89412
821	0.26711,0.30637,0.65386,0.63816	0.0047511,0.064568,0.74908,0.65931	0.23259,0.20614,0.67234,0.67184	0.055212,-0.045948,-0.68117,-0.7286	0.0197,0.002569,-0.4474,0.89412
