ID,Acceleration x,Acceleration y,Acceleration z,Gyroscope x,Gyroscope y,Gyroscope z,Quaternion w,Quaternion x,Quaternion y,Quaternion z,Linear Acceleration x,Linear Acceleration y,Linear Acceleration z,Time,Battery
12,0.273438,0.943359,-0.0107422,-1.07765,-1.42479,-0.576019,-5.4862,-31.419,23.683,0.038737,-0.1705,-0.6972,-0.6953,-857138089,98
13,0.1821,0.9927,0.01855,1.802,-20.37,15.38,0.055212,-0.045948,-0.68117,-0.7286,0.03996,0.005173,-0.04924,602493643,98
14,0,0,0,0,0,0,0,0,0,0,0,0,0,0,0
15,-0.03174,0.02979,1.037,0.2232,0.2651,0.09918,-36.45,27.6,36.45,0.89412,0.0197,0.002569,-0.4474,-1439293609,108
16,0,0,0,0,0,0,0,0,0,0,0,0,0,0,0
17,0,0,0,0,0,0,0,0,0,0,0,0,0,0,0
18,0,0,0,0,0,0,0,0,0,0,0,0,0,0,0
1,0,0,0,0,0,0,0,0,0,0,0,0,0,0,0
2,-0.2344,0.9751,-0.02246,0.4044,1.143,1.705,30.72,-20.961,6.8309,0.4826,0.3642,0.6167,0.5041,-857508932,66
3,0,0,0,0,0,0,0,0,0,0,0,0,0,0,0
4,0,0,0,0,0,0,0,0,0,0,0,0,0,0,0
5,0.03809,0.9897,-0.07031,0.309,0.2041,0.0248,0.43122,0.48304,0.54765,0.52991,-0.001526,-0.007248,-0.003815,-856778088,68
6,0.07129,0.9839,-0.1162,-1.696,2.075,-0.1965,0.17204,0.25448,0.70599,0.63814,-0.01057,-0.0047,0.01015,-856756280,52
7,0,0,0,0,0,0,0,0,0,0,0,0,0,0,0
8,-0.08447,0.9663,0.03027,-0.8297,0.05722,-0.06485,0.44451,0.38975,0.58082,0.55961,-0.004318,-0.03023,0.008789,-857049549,126
9,-0.438,0.9121,-0.05078,-0.1469,0.288,2.211,0.55241,0.34804,0.6381,0.40811,-0.01707,0.006775,0.005814,-857610366,70
10,0.2612,0.9714,-0.2917,-1.884,-3.159,-1.57,0.0043708,-0.19693,-0.7775,-0.59724,0.01921,0.04446,-0.005173,-857232735,68
11,0,0,0,0,0,0,0,0,0,0,0,0,0,0,0
12,0.2954,0.9346,-0.02734,-0.5894,-2.401,0.09537,-4.4362,-31.569,22.483,0.037548,-0.1715,-0.6969,-0.6954,-857088607,98
13,0.1821,0.9927,0.01855,1.802,-20.37,15.38,0.055212,-0.045948,-0.68117,-0.7286,0.03996,0.005173,-0.04924,602493643,98
14,0,0,0,0,0,0,0,0,0,0,0,0,0,0,0
15,-0.03174,0.02979,1.037,0.2232,0.2651,0.09918,-36.45,27.6,36.45,0.89412,0.0197,0.002569,-0.4474,-1439293609,108
16,0,0,0,0,0,0,0,0,0,0,0,0,0,0,0
17,0,0,0,0,0,0,0,0,0,0,0,0,0,0,0
18,0,0,0,0,0,0,0,0,0,0,0,0,0,0,0
1,0,0,0,0,0,0,0,0,0,0,0,0,0,0,0
2,-0.2344,0.9751,-0.02246,0.4044,1.143,1.705,30.72,-20.961,6.8309,0.4826,0.3642,0.6167,0.5041,-857508932,66
3,0,0,0,0,0,0,0,0,0,0,0,0,0,0,0
4,0,0,0,0,0,0,0,0,0,0,0,0,0,0,0
5,0.04443,0.981,-0.06104,0.4311,0.5093,0.2079,0.43129,0.48296,0.54752,0.53005,0.004745,-0.01605,0.005051,-856687489,68
6,0.0791,0.9883,-0.1196,-1.085,1.709,0.1698,0.17102,0.25326,0.70587,0.63903,-0.003143,-0.000473,0.005157,-856686840,52
7,0,0,0,0,0,0,0,0,0,0,0,0,0,0,0
8,-0.08398,0.9771,0.02441,-0.1583,-0.1259,0.1183,0.44492,0.39001,0.58047,0.55946,-0.00386,-0.01949,0.002533,-856967762,126
9,-0.4292,0.9033,-0.05908,-0.9403,-2.52,2.821,0.55259,0.34861,0.6374,0.40846,-0.009537,-0.002655,-0.003464,-857570530,70
10,0.2563,0.9343,-0.2888,-2.373,-0.473,-1.387,0.002961,-0.19716,-0.77677,-0.59812,0.01591,0.006302,-0.004318,-857162858,68
11,0,0,0,0,0,0,0,0,0,0,0,0,0,0,0
12,0.3013,0.9404,-0.04053,0.02098,-0.6924,0.3395,-5.0362,-32.469,22.633,0.03681,-0.1728,-0.6967,-0.6953,-857018199,98
13,0.1821,0.9927,0.01855,1.802,-20.37,15.38,0.055212,-0.045948,-0.68117,-0.7286,0.03996,0.005173,-0.04924,602493643,98
14,0,0,0,0,0,0,0,0,0,0,0,0,0,0,0
15,-0.03174,0.02979,1.037,0.2232,0.2651,0.09918,-36.45,27.6,36.45,0.89412,0.0197,0.002569,-0.4474,-1439293609,108
16,0,0,0,0,0,0,0,0,0,0,0,0,0,0,0
17,0,0,0,0,0,0,0,0,0,0,0,0,0,0,0
18,0,0,0,0,0,0,0,0,0,0,0,0,0,0,0
1,0,0,0,0,0,0,0,0,0,0,0,0,0,0,0
2,-0.2158,0.957,-0.01904,0.6485,-0.5054,1.949,30.12,-21.561,8.1808,0.48191,0.3656,0.6163,0.5043,-857411772,66
3,0,0,0,0,0,0,0,0,0,0,0,0,0,0,0
4,0,0,0,0,0,0,0,0,0,0,0,0,0,0,0
5,0.04492,0.9897,-0.05664,0.6142,0.2041,0.2079,0.43142,0.48284,0.54744,0.53014,0.005325,-0.007309,0.009003,-856618095,68
6,0.07422,0.9854,-0.1177,-0.597,0.7935,-0.01335,0.17074,0.25283,0.70549,0.63969,-0.008331,-0.003571,0.005615,-856606860,52
7,0,0,0,0,0,0,0,0,0,0,0,0,0,0,0
8,-0.0708,0.9678,0.01953,-0.5856,-0.4311,0.1183,0.44539,0.3904,0.58,0.5593,0.009155,-0.02876,-0.002838,-856869522,126
9,-0.4326,0.9058,-0.04785,0.5245,-3.191,1.417,0.55235,0.34944,0.63647,0.40952,-0.0157,-0.001541,0.006561,-857400370,70
10,0.251,0.95,-0.2903,-2.19,-0.2289,-0.7153,0.0025947,-0.19719,-0.77648,-0.59849,0.01093,0.02155,-0.006668,-857134553,68
11,0,0,0,0,0,0,0,0,0,0,0,0,0,0,0
12,0.3057,0.9395,-0.01123,-0.4063,1.139,0.5836,-5.7862,-33.669,22.933,0.037097,-0.1728,-0.6966,-0.6953,-856956400,98
13,0.1821,0.9927,0.01855,1.802,-20.37,15.38,0.055212,-0.045948,-0.68117,-0.7286,0.03996,0.005173,-0.04924,602493643,98
14,0,0,0,0,0,0,0,0,0,0,0,0,0,0,0
15,-0.03174,0.02979,1.037,0.2232,0.2651,0.09918,-36.45,27.6,36.45,0.89412,0.0197,0.002569,-0.4474,-1439293609,108
16,0,0,0,0,0,0,0,0,0,0,0,0,0,0,0
17,0,0,0,0,0,0,0,0,0,0,0,0,0,0,0
18,0,0,0,0,0,0,0,0,0,0,0,0,0,0,0
1,0,0,0,0,0,0,0,0,0,0,0,0,0,0,0
2,-0.2275,0.9614,-0.02441,0.03815,1.509,0.7896,29.22,-20.211,6.5309,0.48174,0.3659,0.6161,0.5044,-857367548,66
3,0,0,0,0,0,0,0,0,0,0,0,0,0,0,0
4,0,0,0,0,0,0,0,0,0,0,0,0,0,0,0
5,0.03223,0.9849,-0.05273,0.37,-0.3452,0.2689,0.43146,0.4828,0.54724,0.53035,-0.007645,-0.01221,0.01242,-856537479,68
6,0.08301,0.9697,-0.1196,-0.7191,0.1831,-0.2575,0.17179,0.25386,0.70501,0.63954,0.0005341,-0.01924,0.003342,-856546263,52
7,0,0,0,0,0,0,0,0,0,0,0,0,0,0,0
8,-0.07861,0.9741,0.03418,-0.2193,0.4845,0.3014,0.44578,0.39063,0.57965,0.55919,0.001312,-0.02242,0.01135,-856769637,126
9,-0.4282,0.897,-0.05273,0.1583,-2.642,0.5627,0.55364,0.35103,0.63493,0.40881,-0.01218,-0.01083,-1.526e-05,-857311042,70
10,0.2432,0.9436,-0.2795,-1.701,-2.121,-0.04387,0.0020153,-0.19755,-0.77616,-0.59879,0.003464,0.01489,0.003357,-857104601,68
11,0,0,0,0,0,0,0,0,0,0,0,0,0,0,0
12,0.2808,0.9526,-0.02441,-0.1011,2.054,0.2785,-6.6862,-31.569,24.283,0.03766,-0.1725,-0.6965,-0.6955,-856908194,98
13,0.1821,0.9927,0.01855,1.802,-20.37,15.38,0.055212,-0.045948,-0.68117,-0.7286,0.03996,0.005173,-0.04924,602493643,98
14,0,0,0,0,0,0,0,0,0,0,0,0,0,0,0
15,-0.03174,0.02979,1.037,0.2232,0.2651,0.09918,-36.45,27.6,36.45,0.89412,0.0197,0.002569,-0.4474,-1439293609,108
16,0,0,0,0,0,0,0,0,0,0,0,0,0,0,0
17,0,0,0,0,0,0,0,0,0,0,0,0,0,0,0
18,0,0,0,0,0,0,0,0,0,0,0,0,0,0,0
1,0,0,0,0,0,0,0,0,0,0,0,0,0,0,0
2,-0.2378,0.9673,-0.05518,-0.08392,-2.153,1.034,28.47,-21.261,8.6308,0.48138,0.3657,0.6164,0.5045,-857298984,66
3,0,0,0,0,0,0,0,0,0,0,0,0,0,0,0
4,0,0,0,0,0,0,0,0,0,0,0,0,0,0,0
5,0.04346,0.9863,-0.06592,0.003815,-0.04005,0.1469,0.43149,0.48276,0.54715,0.53045,0.003494,-0.01076,-0.001038,-856477491,68
6,0.09619,0.9917,-0.1211,0.01335,0.2441,-0.1354,0.17138,0.25341,0.70504,0.63979,0.0136,0.002701,0.001511,-856456357,52
7,0,0,0,0,0,0,0,0,0,0,0,0,0,0,0
8,-0.07227,0.9785,0.02539,-0.5245,-0.003815,0.2403,0.44636,0.39099,0.57922,0.55893,0.007736,-0.01801,0.002136,-856709541,126
9,-0.4282,0.897,-0.05273,0.1583,-2.642,0.5627,0.55364,0.35103,0.63493,0.40881,-0.01218,-0.01083,-1.526e-05,-857311042,70
10,0.2573,0.95,-0.2854,-0.6027,-3.403,0.1392,0.0015665,-0.19802,-0.77601,-0.59883,0.01775,0.02119,-0.002579,-857092809,68
11,0,0,0,0,0,0,0,0,0,0,0,0,0,0,0
12,0.2749,0.9199,-0.02148,-0.6504,2.359,-0.08774,-3.3955,-34.262,23.081,0.037438,-0.1726,-0.6963,-0.6957,-856878686,98
13,0.1821,0.9927,0.01855,1.802,-20.37,15.38,0.055212,-0.045948,-0.68117,-0.7286,0.03996,0.005173,-0.04924,602493643,98
14,0,0,0,0,0,0,0,0,0,0,0,0,0,0,0
15,-0.03174,0.02979,1.037,0.2232,0.2651,0.09918,-36.45,27.6,36.45,0.89412,0.0197,0.002569,-0.4474,-1439293609,108
16,0,0,0,0,0,0,0,0,0,0,0,0,0,0,0
17,0,0,0,0,0,0,0,0,0,0,0,0,0,0,0
18,0,0,0,0,0,0,0,0,0,0,0,0,0,0,0
1,0,0,0,0,0,0,0,0,0,0,0,0,0,0,0
2,-0.2075,0.9565,-0.02393,-1.183,-2.947,0.4234,29.07,-21.861,6.6808,0.48274,0.3675,0.6146,0.5041,-857186997,66
3,0,0,0,0,0,0,0,0,0,0,0,0,0,0,0
4,0,0,0,0,0,0,0,0,0,0,0,0,0,0,0
5,0.04297,0.9868,-0.05713,0.5531,-0.1621,0.5131,0.43151,0.48274,0.54705,0.53056,0.002853,-0.01028,0.007477,-856390712,68
6,0.08057,0.9844,-0.1089,0.07439,0.3052,-0.01335,0.17066,0.25258,0.70522,0.64011,-0.002075,-0.004669,0.0134,-856359437,52
7,0,0,0,0,0,0,0,0,0,0,0,0,0,0,0
8,-0.08301,0.9902,0.03223,-0.2193,-0.6752,0.4845,0.44671,0.39122,0.57879,0.55893,-0.00322,-0.006287,0.008331,-856617861,126
9,-0.4028,0.9058,-0.04736,0.5856,0.9594,-1.39,0.55595,0.35215,0.63344,0.40702,0.01483,-0.001434,0.003143,-857158619,70
10,0.251,0.9543,-0.2947,-0.4807,-3.036,0.4444,0.0014183,-0.19824,-0.77603,-0.59873,0.0114,0.02565,-0.01163,-857074566,68
11,0,0,0,0,0,0,0,0,0,0,0,0,0,0,0
12,0.2852,0.936,-0.02002,0.08202,2.115,-0.2708,-5.6455,-31.112,24.281,0.037833,-0.1722,-0.6963,-0.6957,-856858199,98
13,0.1821,0.9927,0.01855,1.802,-20.37,15.38,0.055212,-0.045948,-0.68117,-0.7286,0.03996,0.005173,-0.04924,602493643,98
14,0,0,0,0,0,0,0,0,0,0,0,0,0,0,0
15,-0.03174,0.02979,1.037,0.2232,0.2651,0.09918,-36.45,27.6,36.45,0.89412,0.0197,0.002569,-0.4474,-1439293609,108
16,0,0,0,0,0,0,0,0,0,0,0,0,0,0,0
17,0,0,0,0,0,0,0,0,0,0,0,0,0,0,0
18,0,0,0,0,0,0,0,0,0,0,0,0,0,0,0
1,0,0,0,0,0,0,0,0,0,0,0,0,0,0,0
2,-0.2075,0.9565,-0.02393,-1.183,-2.947,0.4234,29.07,-21.861,6.6808,0.48274,0.3675,0.6146,0.5041,-857186997,66
3,0,0,0,0,0,0,0,0,0,0,0,0,0,0,0
4,0,0,0,0,0,0,0,0,0,0,0,0,0,0,0
5,0.04785,0.9961,-0.05615,-0.05722,-0.1621,0.1469,0.43141,0.48283,0.54694,0.53068,0.007309,-0.0009918,0.008392,-856330821,68
6,0.07471,0.9814,-0.1182,-0.658,0.1221,-0.1965,0.17039,0.25201,0.70527,0.64035,-0.00769,-0.007675,0.003677,-856289530,52
7,0,0,0,0,0,0,0,0,0,0,0,0,0,0,0
8,-0.07764,0.9741,0.03223,-0.1583,-0.1869,0.1793,0.44707,0.39152,0.5785,0.55873,0.002121,-0.0224,0.008133,-856589618,126
9,-0.3975,0.9199,-0.05322,-0.5131,-1.177,1.417,0.55563,0.35223,0.63343,0.40741,0.01945,0.01239,-0.002625,-857050966,70
10,0.2549,0.9319,-0.3127,-0.1144,-0.9613,1.177,0.0016148,-0.19871,-0.77611,-0.59847,0.01454,0.003586,-0.02907,-857005160,68
11,0,0,0,0,0,0,0,0,0,0,0,0,0,0,0
12,0.2739,0.9224,-0.0293,-0.3452,0.3452,-0.08774,-5.7955,-31.712,23.381,0.038827,-0.1709,-0.6965,-0.6959,-856788071,98
13,0.1821,0.9927,0.01855,1.802,-20.37,15.38,0.055212,-0.045948,-0.68117,-0.7286,0.03996,0.005173,-0.04924,602493643,98
14,0,0,0,0,0,0,0,0,0,0,0,0,0,0,0
15,-0.03174,0.02979,1.037,0.2232,0.2651,0.09918,-36.45,27.6,36.45,0.89412,0.0197,0.002569,-0.4474,-1439293609,108
16,0,0,0,0,0,0,0,0,0,0,0,0,0,0,0
17,0,0,0,0,0,0,0,0,0,0,0,0,0,0,0
18,0,0,0,0,0,0,0,0,0,0,0,0,0,0,0
1,0,0,0,0,0,0,0,0,0,0,0,0,0,0,0
2,-0.2339,0.9609,-0.02393,-0.8774,-2.581,0.5455,28.47,-19.161,6.8309,0.48301,0.3677,0.6143,0.5041,-857173715,66
3,0,0,0,0,0,0,0,0,0,0,0,0,0,0,0
4,0,0,0,0,0,0,0,0,0,0,0,0,0,0,0
5,0.04297,0.98,-0.05615,0.06485,0.3262,0.0248,0.43147,0.48277,0.5468,0.53083,0.002289,-0.01712,0.007965,-856240715,68
6,0.08203,0.9858,-0.1133,0.6847,-0.1221,-0.1965,0.17055,0.25207,0.70503,0.64055,-0.0003967,-0.003342,0.00795,-856149414,52
7,0,0,0,0,0,0,0,0,0,0,0,0,0,0,0
8,-0.06738,0.981,0.0293,0.0248,-0.1869,0.3014,0.44715,0.39144,0.57836,0.55887,0.01233,-0.01555,0.004745,-856509646,126
9,-0.4189,0.9023,-0.04053,-1.429,-0.3834,2.15,0.55587,0.35297,0.63238,0.40807,-0.003967,-0.006165,0.008453,-856990433,70
10,0.2466,0.9402,-0.2957,-0.05341,-0.7172,1.177,0.0017177,-0.19862,-0.77614,-0.59845,0.006195,0.0119,-0.01195,-856994586,68
11,0,0,0,0,0,0,0,0,0,0,0,0,0,0,0
12,0.3062,0.9404,-0.02246,-0.1011,0.2842,-0.515,-6.2455,-32.162,24.131,0.038792,-0.171,-0.6964,-0.6959,-856738063,98
13,0.1821,0.9927,0.01855,1.802,-20.37,15.38,0.055212,-0.045948,-0.68117,-0.7286,0.03996,0.005173,-0.04924,602493643,98
14,0,0,0,0,0,0,0,0,0,0,0,0,0,0,0
15,-0.03174,0.02979,1.037,0.2232,0.2651,0.09918,-36.45,27.6,36.45,0.89412,0.0197,0.002569,-0.4474,-1439293609,108
16,0,0,0,0,0,0,0,0,0,0,0,0,0,0,0
17,0,0,0,0,0,0,0,0,0,0,0,0,0,0,0
18,0,0,0,0,0,0,0,0,0,0,0,0,0,0,0
1,0,0,0,0,0,0,0,0,0,0,0,0,0,0,0
2,-0.2095,0.9756,-0.01904,-1.122,0.04387,-0.8583,28.77,-22.911,6.3808,0.48471,0.3684,0.6126,0.504,-857061855,66
3,0,0,0,0,0,0,0,0,0,0,0,0,0,0,0
4,0,0,0,0,0,0,0,0,0,0,0,0,0,0,0
5,0.03857,0.9849,-0.05176,0.06485,0.02098,-0.03624,0.43148,0.48275,0.54662,0.53102,-0.002411,-0.01225,0.01193,-856120805,68
6,0.08203,0.9888,-0.1108,0.7458,-0.3052,-0.2575,0.17241,0.25416,0.70421,0.64013,-0.0005188,-0.0004272,0.01019,-856069445,52
7,0,0,0,0,0,0,0,0,0,0,0,0,0,0,0
8,-0.07959,0.9805,0.03418,0.0248,-0.309,0.1183,0.44741,0.39165,0.57808,0.5588,-1.526e-05,-0.01604,0.009338,-856417432,126
9,-0.415,0.9048,-0.05078,-0.7572,-0.6275,1.6,0.55572,0.35326,0.63156,0.40928,-0.002258,-0.004807,-0.003448,-856910359,70
10,0.2603,0.9514,-0.2986,-0.4196,-0.8392,1.421,0.0019265,-0.19899,-0.77611,-0.59837,0.01913,0.02338,-0.01468,-856952854,68
11,0,0,0,0,0,0,0,0,0,0,0,0,0,0,0
12,0.2729,0.9297,-0.03125,0.2651,2.665,-1.736,-5.4955,-31.412,24.131,0.039731,-0.1696,-0.6965,-0.6961,-856688104,98
13,0.1821,0.9927,0.01855,1.802,-20.37,15.38,0.055212,-0.045948,-0.68117,-0.7286,0.03996,0.005173,-0.04924,602493643,98
14,0,0,0,0,0,0,0,0,0,0,0,0,0,0,0
15,-0.03174,0.02979,1.037,0.2232,0.2651,0.09918,-36.45,27.6,36.45,0.89412,0.0197,0.002569,-0.4474,-1439293609,108
16,0,0,0,0,0,0,0,0,0,0,0,0,0,0,0
17,0,0,0,0,0,0,0,0,0,0,0,0,0,0,0
18,0,0,0,0,0,0,0,0,0,0,0,0,0,0,0
1,0,0,0,0,0,0,0,0,0,0,0,0,0,0,0
2,-0.209,0.9624,-0.01416,-0.5112,0.6542,-0.9193,28.92,-20.961,6.2309,0.48479,0.3682,0.6126,0.5041,-857033855,66
3,0,0,0,0,0,0,0,0,0,0,0,0,0,0,0
4,0,0,0,0,0,0,0,0,0,0,0,0,0,0,0
5,0.03076,0.9917,-0.05371,0.1869,-0.3452,0.0248,0.43155,0.48268,0.54641,0.53125,-0.01047,-0.005447,0.009384,-855988987,68
6,0.08008,0.9888,-0.124,0.2575,-0.06104,0.2308,0.17249,0.25407,0.70408,0.64029,-0.002365,-0.0005035,-0.003448,-855989414,52
7,0,0,0,0,0,0,0,0,0,0,0,0,0,0,0
8,-0.06689,0.9771,0.01855,-0.03624,-0.003815,0.6065,0.44692,0.39092,0.57823,0.55955,0.01248,-0.01945,-0.007095,-856297299,126
9,-0.4175,0.9009,-0.04834,0.3414,0.5932,0.5016,0.5556,0.35319,0.63127,0.40996,-0.005615,-0.009171,-0.001846,-856800996,70
10,0.251,0.9417,-0.2966,-0.1755,-0.2289,0.7496,0.0023087,-0.19888,-0.77615,-0.59835,0.009399,0.01375,-0.01268,-856915161,68
11,0,0,0,0,0,0,0,0,0,0,0,0,0,0,0
12,0.2817,0.9365,-0.02686,0.2041,0.2232,-1.308,-5.6455,-33.062,24.281,0.039928,-0.1685,-0.6967,-0.6961,-856638109,98
13,0.1821,0.9927,0.01855,1.802,-20.37,15.38,0.055212,-0.045948,-0.68117,-0.7286,0.03996,0.005173,-0.04924,602493643,98
14,0,0,0,0,0,0,0,0,0,0,0,0,0,0,0
15,-0.03174,0.02979,1.037,0.2232,0.2651,0.09918,-36.45,27.6,36.45,0.89412,0.0197,0.002569,-0.4474,-1439293609,108
16,0,0,0,0,0,0,0,0,0,0,0,0,0,0,0
17,0,0,0,0,0,0,0,0,0,0,0,0,0,0,0
18,0,0,0,0,0,0,0,0,0,0,0,0,0,0,0
1,0,0,0,0,0,0,0,0,0,0,0,0,0,0,0
2,-0.2061,0.9761,-0.01172,-0.5722,-1.726,0.6065,28.47,-21.711,5.7809,0.48495,0.3685,0.6122,0.5042,-856948849,66
3,0,0,0,0,0,0,0,0,0,0,0,0,0,0,0
4,0,0,0,0,0,0,0,0,0,0,0,0,0,0,0
5,0.05029,0.9824,-0.05127,0.37,0.2651,-0.09727,0.4316,0.48263,0.54631,0.53135,0.008987,-0.01474,0.01152,-855930825,68
6,0.07178,0.9844,-0.1162,-0.8411,0.1221,-0.3796,0.17264,0.25408,0.70393,0.6404,-0.01057,-0.004944,0.003952,-855919539,52
7,0,0,0,0,0,0,0,0,0,0,0,0,0,0,0
8,-0.08594,0.9604,0.03809,-0.4635,-0.309,0.4234,0.44675,0.39073,0.57809,0.55996,-0.006989,-0.03607,0.01181,-856177933,126
9,-0.4194,0.8999,-0.04932,0.3414,-0.1392,0.5627,0.55554,0.35302,0.63133,0.4101,-0.007523,-0.01013,-0.002914,-856780478,70
10,0.252,0.9417,-0.2854,-0.2365,2.518,0.0782,0.0029147,-0.19837,-0.77619,-0.59847,0.009995,0.01376,-0.001755,-856864633,68
11,0,0,0,0,0,0,0,0,0,0,0,0,0,0,0
12,0.2754,0.9517,-0.03369,0.2651,1.383,-0.2708,-5.1955,-31.112,24.281,0.040143,-0.1676,-0.6969,-0.6962,-856568228,98
13,0.1821,0.9927,0.01855,1.802,-20.37,15.38,0.055212,-0.045948,-0.68117,-0.7286,0.03996,0.005173,-0.04924,602493643,98
14,0,0,0,0,0,0,0,0,0,0,0,0,0,0,0
15,-0.03174,0.02979,1.037,0.2232,0.2651,0.09918,-36.45,27.6,36.45,0.89412,0.0197,0.002569,-0.4474,-1439293609,108
16,0,0,0,0,0,0,0,0,0,0,0,0,0,0,0
17,0,0,0,0,0,0,0,0,0,0,0,0,0,0,0
18,0,0,0,0,0,0,0,0,0,0,0,0,0,0,0
1,0,0,0,0,0,0,0,0,0,0,0,0,0,0,0
2,-0.2168,0.9683,-0.009277,0.4654,-1.238,1.522,29.37,-21.111,6.3808,0.48329,0.3691,0.6116,0.5061,-856781830,66
3,0,0,0,0,0,0,0,0,0,0,0,0,0,0,0
4,0,0,0,0,0,0,0,0,0,0,0,0,0,0,0
5,0.04346,0.98,-0.05762,0.248,0.02098,0.33,0.43169,0.48253,0.54616,0.53152,0.00206,-0.01721,0.004654,-855861320,68
6,0.08008,0.9888,-0.127,0.1965,-0.3662,-0.3796,0.17355,0.25484,0.70354,0.64029,-0.00206,-0.0006104,-0.007126,-855839521,52
7,0,0,0,0,0,0,0,0,0,0,0,0,0,0,0
8,-0.06445,0.9785,0.03662,-0.03624,-0.309,0.2403,0.44706,0.39104,0.57769,0.55991,0.01418,-0.01802,0.009903,-856107453,126
9,-0.4053,0.9092,-0.04834,0.03624,1.081,0.5016,0.55525,0.35295,0.63143,0.41038,0.006241,-0.001022,-0.00177,-856681005,70
10,0.2373,0.949,-0.2937,-0.5417,0.9308,-0.4101,0.0032494,-0.19791,-0.77618,-0.59863,-0.004684,0.02097,-0.01044,-856795130,68
11,0,0,0,0,0,0,0,0,0,0,0,0,0,0,0
12,0.2798,0.9448,-0.02979,0.1431,-0.8144,-0.4539,-5.7897,-30.214,22.933,0.040357,-0.167,-0.6969,-0.6963,-856388814,98
13,0.1821,0.9927,0.01855,1.802,-20.37,15.38,0.055212,-0.045948,-0.68117,-0.7286,0.03996,0.005173,-0.04924,602493643,98
14,0,0,0,0,0,0,0,0,0,0,0,0,0,0,0
15,-0.03174,0.02979,1.037,0.2232,0.2651,0.09918,-36.45,27.6,36.45,0.89412,0.0197,0.002569,-0.4474,-1439293609,108
16,0,0,0,0,0,0,0,0,0,0,0,0,0,0,0
17,0,0,0,0,0,0,0,0,0,0,0,0,0,0,0
18,0,0,0,0,0,0,0,0,0,0,0,0,0,0,0
1,0,0,0,0,0,0,0,0,0,0,0,0,0,0,0
2,-0.2251,0.9673,-0.01758,-0.3891,-0.5665,1.034,28.77,-19.611,5.9308,0.48333,0.3695,0.6112,0.5062,-856738942,66
3,0,0,0,0,0,0,0,0,0,0,0,0,0,0,0
4,0,0,0,0,0,0,0,0,0,0,0,0,0,0,0
5,0.04492,0.9785,-0.07031,0.9193,-0.2232,0.0248,0.43165,0.48257,0.54599,0.5317,0.003113,-0.01868,-0.008362,-855768979,68
6,0.09033,0.9844,-0.125,0.3796,0.06104,0.1087,0.17437,0.25569,0.70322,0.64008,0.00824,-0.00502,-0.005203,-855770003,52
7,0,0,0,0,0,0,0,0,0,0,0,0,0,0,0
8,-0.06592,0.9702,0.04932,-0.2804,-0.1259,0.2403,0.44702,0.39095,0.57753,0.56016,0.01244,-0.02634,0.02209,-856037364,126
9,-0.4219,0.9023,-0.06494,-0.6351,-2.031,0.9289,0.55514,0.35265,0.63152,0.41065,-0.01031,-0.007858,-0.01857,-856640378,70
10,0.2271,0.9358,-0.2859,-0.1755,0.5646,-0.288,0.0031659,-0.19785,-0.77618,-0.59865,-0.01476,0.007721,-0.00267,-856764567,68
11,0,0,0,0,0,0,0,0,0,0,0,0,0,0,0
12,0.2891,0.9463,-0.03223,0.7534,-0.6924,0.2785,-6.5397,-32.164,24.133,0.039943,-0.1673,-0.6971,-0.6961,-856258780,98
13,0.1821,0.9927,0.01855,1.802,-20.37,15.38,0.055212,-0.045948,-0.68117,-0.7286,0.03996,0.005173,-0.04924,602493643,98
14,0,0,0,0,0,0,0,0,0,0,0,0,0,0,0
15,-0.03174,0.02979,1.037,0.2232,0.2651,0.09918,-36.45,27.6,36.45,0.89412,0.0197,0.002569,-0.4474,-1439293609,108
16,0,0,0,0,0,0,0,0,0,0,0,0,0,0,0
17,0,0,0,0,0,0,0,0,0,0,0,0,0,0,0
18,0,0,0,0,0,0,0,0,0,0,0,0,0,0,0
1,0,0,0,0,0,0,0,0,0,0,0,0,0,0,0
2,-0.2222,0.9712,-0.02637,-0.08392,1.02,0.5455,28.92,-22.461,6.5309,0.48291,0.3692,0.6113,0.5068,-856556884,66
3,0,0,0,0,0,0,0,0,0,0,0,0,0,0,0
4,0,0,0,0,0,0,0,0,0,0,0,0,0,0,0
5,0.04248,0.9814,-0.05762,0.4311,-0.1621,0.33,0.43164,0.48257,0.54589,0.5318,0.0004883,-0.01575,0.00412,-855698982,68
6,0.0957,0.9883,-0.1211,0.7458,-0.1221,-0.3185,0.17543,0.25663,0.70273,0.63995,0.01381,-0.001175,-0.001709,-855690014,52
7,0,0,0,0,0,0,0,0,0,0,0,0,0,0,0
8,-0.06738,0.9746,0.03613,0.2079,-0.4311,0.1183,0.44729,0.39138,0.57711,0.56009,0.01048,-0.02197,0.008606,-855975658,126
9,-0.417,0.9009,-0.04785,-1.368,-1.299,1.051,0.55545,0.35289,0.63097,0.41089,-0.006042,-0.009644,-0.002548,-856598663,70
10,0.2354,0.9441,-0.2932,-0.4196,1.48,-1.265,0.0040278,-0.19635,-0.77637,-0.59891,-0.006088,0.01575,-0.01062,-856644701,68
11,0,0,0,0,0,0,0,0,0,0,0,0,0,0,0
12,0.2822,0.9385,-0.02979,0.1431,-1.303,-0.2098,-5.7897,-29.764,22.183,0.039676,-0.1673,-0.6972,-0.696,-856188639,98
13,0.1821,0.9927,0.01855,1.802,-20.37,15.38,0.055212,-0.045948,-0.68117,-0.7286,0.03996,0.005173,-0.04924,602493643,98
14,0,0,0,0,0,0,0,0,0,0,0,0,0,0,0
15,-0.03174,0.02979,1.037,0.2232,0.2651,0.09918,-36.45,27.6,36.45,0.89412,0.0197,0.002569,-0.4474,-1439293609,108
16,0,0,0,0,0,0,0,0,0,0,0,0,0,0,0
17,0,0,0,0,0,0,0,0,0,0,0,0,0,0,0
18,0,0,0,0,0,0,0,0,0,0,0,0,0,0,0
1,0,0,0,0,0,0,0,0,0,0,0,0,0,0,0
2,-0.2139,0.9697,-0.02051,-0.4501,-1.543,1.156,28.77,-21.111,8.4809,0.48323,0.3698,0.6109,0.5065,-856486949,66
3,0,0,0,0,0,0,0,0,0,0,0,0,0,0,0
4,0,0,0,0,0,0,0,0,0,0,0,0,0,0,0
5,0.05762,0.9858,-0.04395,0.5531,-0.2232,0.2079,0.43159,0.48261,0.54579,0.53191,0.01534,-0.01135,0.01765,-855620779,68
6,0.08057,0.9766,-0.1133,0.1965,-0.06104,-0.1965,0.17483,0.25598,0.70291,0.64017,-0.001389,-0.01291,0.005951,-855610007,52
7,0,0,0,0,0,0,0,0,0,0,0,0,0,0,0
8,-0.07129,0.9741,0.03613,0.08583,-0.1259,0.4845,0.44732,0.3914,0.57693,0.56024,0.006302,-0.02246,0.008224,-855857350,126
9,-0.4004,0.9023,-0.0376,-0.391,-3.252,0.3185,0.55578,0.35296,0.6304,0.41126,0.01003,-0.008484,0.006363,-856400912,70
10,0.2329,0.9368,-0.2927,-0.1144,1.236,-1.143,0.0040334,-0.19622,-0.77638,-0.59893,-0.008392,0.008362,-0.01019,-856634496,68
11,0,0,0,0,0,0,0,0,0,0,0,0,0,0,0
12,0.2803,0.9385,-0.03027,-0.04005,-2.035,0.03433,-4.8896,-32.314,22.783,0.039268,-0.1676,-0.6973,-0.6958,-856108655,98
13,0.1821,0.9927,0.01855,1.802,-20.37,15.38,0.055212,-0.045948,-0.68117,-0.7286,0.03996,0.005173,-0.04924,602493643,98
14,0,0,0,0,0,0,0,0,0,0,0,0,0,0,0
15,-0.03174,0.02979,1.037,0.2232,0.2651,0.09918,-36.45,27.6,36.45,0.89412,0.0197,0.002569,-0.4474,-1439293609,108
16,0,0,0,0,0,0,0,0,0,0,0,0,0,0,0
17,0,0,0,0,0,0,0,0,0,0,0,0,0,0,0
18,0,0,0,0,0,0,0,0,0,0,0,0,0,0,0
1,0,0,0,0,0,0,0,0,0,0,0,0,0,0,0
2,-0.1963,0.9683,-0.02539,0.2213,-0.8106,0.2403,28.47,-22.011,5.4809,0.48368,0.3705,0.6103,0.5062,-856429277,66
3,0,0,0,0,0,0,0,0,0,0,0,0,0,0,0
4,0,0,0,0,0,0,0,0,0,0,0,0,0,0,0
5,0.04395,0.979,-0.05664,0.4311,-0.1011,0.1469,0.43158,0.48263,0.54575,0.53195,0.001541,-0.01819,0.004898,-855540814,68
6,0.08594,0.9907,-0.1328,-1.39,-0.4883,0.2308,0.17421,0.25518,0.70312,0.64044,0.004074,0.001221,-0.01382,-855539421,52
7,0,0,0,0,0,0,0,0,0,0,0,0,0,0,0
8,-0.07422,0.981,0.02881,0.1469,-0.1869,-0.003815,0.44717,0.39124,0.57683,0.56057,0.003036,-0.01564,0.0004272,-855777374,126
9,-0.3989,0.9028,-0.05762,0.03624,-1.482,-0.2308,0.55514,0.35221,0.63086,0.41206,0.01125,-0.008102,-0.01353,-856280735,70
10,0.2568,0.947,-0.2888,0.4349,-1.205,-0.1659,0.0037099,-0.19519,-0.77718,-0.59823,0.01753,0.01862,-0.004593,-856435914,68
11,0,0,0,0,0,0,0,0,0,0,0,0,0,0,0
12,0.2925,0.96,-0.02686,-0.2842,-0.5703,-0.2708,-4.8896,-30.064,22.483,0.038699,-0.1684,-0.6972,-0.6957,-856048743,98
13,0.1821,0.9927,0.01855,1.802,-20.37,15.38,0.055212,-0.045948,-0.68117,-0.7286,0.03996,0.005173,-0.04924,602493643,98
14,0,0,0,0,0,0,0,0,0,0,0,0,0,0,0
15,-0.03174,0.02979,1.037,0.2232,0.2651,0.09918,-36.45,27.6,36.45,0.89412,0.0197,0.002569,-0.4474,-1439293609,108
16,0,0,0,0,0,0,0,0,0,0,0,0,0,0,0
17,0,0,0,0,0,0,0,0,0,0,0,0,0,0,0
18,0,0,0,0,0,0,0,0,0,0,0,0,0,0,0
1,0,0,0,0,0,0,0,0,0,0,0,0,0,0,0
2,-0.2012,0.9663,-0.005371,0.3433,-3.557,0.1183,29.37,-20.361,7.1308,0.48355,0.3703,0.6103,0.5065,-856302439,66
3,0,0,0,0,0,0,0,0,0,0,0,0,0,0,0
4,0,0,0,0,0,0,0,0,0,0,0,0,0,0,0
5,0.0415,0.9941,-0.04883,0.37,-0.1011,0.33,0.43155,0.48264,0.54564,0.53207,-0.001129,-0.003052,0.01251,-855478963,68
6,0.08496,0.981,-0.1104,0.01335,-0.6104,-0.1965,0.17328,0.25419,0.70326,0.64092,0.002869,-0.008606,0.008041,-855469517,52
7,0,0,0,0,0,0,0,0,0,0,0,0,0,0,0
8,-0.08105,0.9722,0.02832,0.2079,-0.06485,-0.06485,0.4468,0.39096,0.57686,0.56104,-0.004257,-0.02446,-0.0004578,-855657472,126
9,-0.4038,0.9199,-0.04346,0.8907,-0.8106,-0.536,0.55532,0.3525,0.63067,0.41184,0.006302,0.008957,0.0005646,-856161427,70
10,0.2275,0.9426,-0.2776,0.06866,0.2594,0.2003,0.0026866,-0.19636,-0.77676,-0.5984,-0.01163,0.01407,0.006226,-856276695,68
11,0,0,0,0,0,0,0,0,0,0,0,0,0,0,0
12,0.2686,0.9302,-0.03174,-0.2232,-0.6924,-0.3929,-4.8896,-31.114,23.533,0.03853,-0.1679,-0.6972,-0.6958,-855948655,98
13,0.1821,0.9927,0.01855,1.802,-20.37,15.38,0.055212,-0.045948,-0.68117,-0.7286,0.03996,0.005173,-0.04924,602493643,98
14,0,0,0,0,0,0,0,0,0,0,0,0,0,0,0
15,-0.03174,0.02979,1.037,0.2232,0.2651,0.09918,-36.45,27.6,36.45,0.89412,0.0197,0.002569,-0.4474,-1439293609,108
16,0,0,0,0,0,0,0,0,0,0,0,0,0,0,0
17,0,0,0,0,0,0,0,0,0,0,0,0,0,0,0
18,0,0,0,0,0,0,0,0,0,0,0,0,0,0,0
1,0,0,0,0,0,0,0,0,0,0,0,0,0,0,0
2,-0.2109,0.9595,-0.006836,0.4654,-1.238,-0.1869,30.87,-20.811,7.1308,0.48346,0.3701,0.6099,0.5073,-856037262,66
3,0,0,0,0,0,0,0,0,0,0,0,0,0,0,0
4,0,0,0,0,0,0,0,0,0,0,0,0,0,0,0
5,0.02588,0.9888,-0.06543,0.37,0.1431,-0.2804,0.43158,0.48262,0.54556,0.53216,-0.01688,-0.008438,-0.004318,-855390715,68
6,0.07178,0.9839,-0.1187,-1.268,0.4272,0.1087,0.17354,0.2545,0.70309,0.64093,-0.01042,-0.005692,-0.0004425,-855389535,52
7,0,0,0,0,0,0,0,0,0,0,0,0,0,0,0
8,-0.06934,0.978,0.02393,0.1469,-0.4311,0.4845,0.44689,0.39115,0.57669,0.561,0.007233,-0.01862,-0.004929,-855617363,126
9,-0.4053,0.9028,-0.05176,0.6466,1.814,-0.2918,0.55537,0.35295,0.63058,0.41153,0.004639,-0.008209,-0.007339,-856081481,70
10,0.2568,0.9612,-0.2849,-0.9689,0.6866,-0.7153,0.0018468,-0.19696,-0.77704,-0.59784,0.01846,0.03284,0.0002747,-855976111,68
11,0,0,0,0,0,0,0,0,0,0,0,0,0,0,0
12,0.2896,0.9448,-0.01465,-0.5283,-0.9975,-0.576,-6.3896,-32.014,22.033,0.038415,-0.1679,-0.6972,-0.6959,-855916994,98
13,0.1821,0.9927,0.01855,1.802,-20.37,15.38,0.055212,-0.045948,-0.68117,-0.7286,0.03996,0.005173,-0.04924,602493643,98
14,0,0,0,0,0,0,0,0,0,0,0,0,0,0,0
15,-0.03174,0.02979,1.037,0.2232,0.2651,0.09918,-36.45,27.6,36.45,0.89412,0.0197,0.002569,-0.4474,-1439293609,108
16,0,0,0,0,0,0,0,0,0,0,0,0,0,0,0
17,0,0,0,0,0,0,0,0,0,0,0,0,0,0,0
18,0,0,0,0,0,0,0,0,0,0,0,0,0,0,0
1,0,0,0,0,0,0,0,0,0,0,0,0,0,0,0
2,-0.2051,0.957,-0.0127,0.4654,-0.1392,-0.6142,28.32,-21.861,6.6808,0.48386,0.3706,0.6096,0.507,-855994437,66
3,0,0,0,0,0,0,0,0,0,0,0,0,0,0,0
4,0,0,0,0,0,0,0,0,0,0,0,0,0,0,0
5,0.03369,0.9844,-0.05615,0.37,0.08202,0.1469,0.43158,0.48261,0.54548,0.53224,-0.009201,-0.01283,0.004776,-855310703,68
6,0.08643,0.9902,-0.1064,-1.574,1.099,-0.1965,0.17427,0.25511,0.70273,0.64087,0.004379,0.0006104,0.01138,-855319957,52
7,0,0,0,0,0,0,0,0,0,0,0,0,0,0,0
8,-0.06738,0.9712,0.02246,0.0248,-0.248,0.1793,0.44712,0.39146,0.57639,0.56092,0.008911,-0.02547,-0.006622,-855547902,126
9,-0.4199,0.9126,-0.03809,-0.0248,-1.116,0.2575,0.55553,0.35288,0.63042,0.41162,-0.009979,0.001541,0.005829,-855911450,70
10,0.2334,0.9495,-0.2805,-1.03,-1.266,-0.4711,0.0016209,-0.19629,-0.77687,-0.59828,-0.003983,0.02054,0.003616,-855894288,68
11,0,0,0,0,0,0,0,0,0,0,0,0,0,0,0
12,0.2827,0.9404,-0.04346,-0.2842,0.1621,-0.2098,-4.2897,-32.464,22.933,0.038436,-0.1681,-0.6971,-0.6959,-855869232,98
13,0.1821,0.9927,0.01855,1.802,-20.37,15.38,0.055212,-0.045948,-0.68117,-0.7286,0.03996,0.005173,-0.04924,602493643,98
14,0,0,0,0,0,0,0,0,0,0,0,0,0,0,0
15,-0.03174,0.02979,1.037,0.2232,0.2651,0.09918,-36.45,27.6,36.45,0.89412,0.0197,0.002569,-0.4474,-1439293609,108
16,0,0,0,0,0,0,0,0,0,0,0,0,0,0,0
17,0,0,0,0,0,0,0,0,0,0,0,0,0,0,0
18,0,0,0,0,0,0,0,0,0,0,0,0,0,0,0
1,0,0,0,0,0,0,0,0,0,0,0,0,0,0,0
2,-0.2139,0.9829,-0.01367,0.09918,-0.9937,0.4234,28.17,-20.961,7.2809,0.48384,0.3705,0.6095,0.5071,-855869324,66
3,0,0,0,0,0,0,0,0,0,0,0,0,0,0,0
4,0,0,0,0,0,0,0,0,0,0,0,0,0,0,0
5,0.05127,0.9805,-0.05469,0.4311,0.02098,-0.1583,0.43159,0.4826,0.54545,0.53227,0.008347,-0.01674,0.006165,-855250821,68
6,0.08789,0.9844,-0.1196,-0.9632,0.06104,0.536,0.17443,0.25506,0.70258,0.64102,0.006012,-0.005325,-0.002289,-855240018,52
7,0,0,0,0,0,0,0,0,0,0,0,0,0,0,0
8,-0.07129,0.9722,0.03955,-0.03624,0.2403,0.3014,0.44663,0.39118,0.57628,0.56161,0.004105,-0.02454,0.009796,-855387939,126
9,-0.4009,0.9077,-0.0459,-0.5131,-0.8717,0.4406,0.55597,0.35341,0.63002,0.41119,0.009033,-0.003357,-0.002258,-855819134,70
10,0.2295,0.948,-0.2854,-0.8469,0.3815,-0.5932,0.0018,-0.19589,-0.77685,-0.59843,-0.007751,0.01892,-0.001648,-855806015,68
11,0,0,0,0,0,0,0,0,0,0,0,0,0,0,0
12,0.2861,0.9287,-0.02051,-0.2232,-0.1431,0.03433,-4.4397,-32.014,22.783,0.038335,-0.1682,-0.6971,-0.6959,-855858752,98
13,0.1821,0.9927,0.01855,1.802,-20.37,15.38,0.055212,-0.045948,-0.68117,-0.7286,0.03996,0.005173,-0.04924,602493643,98
14,0,0,0,0,0,0,0,0,0,0,0,0,0,0,0
15,-0.03174,0.02979,1.037,0.2232,0.2651,0.09918,-36.45,27.6,36.45,0.89412,0.0197,0.002569,-0.4474,-1439293609,108
16,0,0,0,0,0,0,0,0,0,0,0,0,0,0,0
17,0,0,0,0,0,0,0,0,0,0,0,0,0,0,0
18,0,0,0,0,0,0,0,0,0,0,0,0,0,0,0
1,0,0,0,0,0,0,0,0,0,0,0,0,0,0,0
2,-0.1865,0.9673,-0.007324,-0.02289,-1.909,0.7286,29.22,-22.461,6.8309,0.48396,0.3709,0.6092,0.5071,-855784369,66
3,0,0,0,0,0,0,0,0,0,0,0,0,0,0,0
4,0,0,0,0,0,0,0,0,0,0,0,0,0,0,0
5,0.03809,0.981,-0.04883,0.309,0.4482,0.08583,0.43156,0.48262,0.54537,0.53236,-0.005035,-0.01627,0.01187,-855170825,68
6,0.08789,0.9927,-0.1118,0.4406,0.6714,-0.5627,0.17385,0.25437,0.7026,0.64142,0.005875,0.002914,0.004898,-855169417,52
7,0,0,0,0,0,0,0,0,0,0,0,0,0,0,0
8,-0.06934,0.9717,0.02686,0.08583,0.2403,0.1793,0.44665,0.39121,0.57611,0.56174,0.005783,-0.02504,-0.003235,-855327368,126
9,-0.4146,0.9053,-0.05176,0.09727,-1.177,0.2575,0.55588,0.35322,0.62994,0.4116,-0.004974,-0.005966,-0.008575,-855630827,70
10,0.2441,0.9558,-0.2922,-0.6027,0.1984,-0.288,0.0018625,-0.19581,-0.77687,-0.59844,0.006897,0.02673,-0.008499,-855785936,68
11,0,0,0,0,0,0,0,0,0,0,0,0,0,0,0
12,0.2783,0.9414,-0.01855,-0.4673,-0.9365,-0.1488,-6.5397,-31.714,20.833,0.038065,-0.1682,-0.697,-0.696,-855738713,98
13,0.1821,0.9927,0.01855,1.802,-20.37,15.38,0.055212,-0.045948,-0.68117,-0.7286,0.03996,0.005173,-0.04924,602493643,98
14,0,0,0,0,0,0,0,0,0,0,0,0,0,0,0
15,-0.03174,0.02979,1.037,0.2232,0.2651,0.09918,-36.45,27.6,36.45,0.89412,0.0197,0.002569,-0.4474,-1439293609,108
16,0,0,0,0,0,0,0,0,0,0,0,0,0,0,0
17,0,0,0,0,0,0,0,0,0,0,0,0,0,0,0
18,0,0,0,0,0,0,0,0,0,0,0,0,0,0,0
1,0,0,0,0,0,0,0,0,0,0,0,0,0,0,0
2,-0.2134,0.979,-0.01758,0.09918,1.081,0.1793,27.42,-20.661,5.4809,0.48417,0.3712,0.6088,0.5071,-855729275,66
3,0,0,0,0,0,0,0,0,0,0,0,0,0,0,0
4,0,0,0,0,0,0,0,0,0,0,0,0,0,0,0
5,0.05615,0.9902,-0.05664,0.309,-0.04005,-0.4025,0.43156,0.48262,0.54531,0.53241,0.01292,-0.006989,0.003952,-855151326,68
6,0.08447,0.9917,-0.1152,0.5627,1.038,-0.01335,0.17423,0.25444,0.70236,0.64156,0.002747,0.001831,0.0008545,-855099517,52
7,0,0,0,0,0,0,0,0,0,0,0,0,0,0,0
8,-0.05225,0.9844,0.03857,0.1469,0.4845,-0.248,0.44686,0.39153,0.57582,0.56166,0.02257,-0.01236,0.008286,-855257913,126
9,-0.3994,0.9004,-0.03809,-0.5741,-0.9327,0.3796,0.55615,0.35359,0.62969,0.41129,0.01015,-0.01086,0.005005,-855600823,70
10,0.248,0.9338,-0.2869,-0.4807,-0.412,0.2613,0.0021773,-0.19537,-0.77711,-0.59827,0.01089,0.004852,-0.002731,-855716138,68
11,0,0,0,0,0,0,0,0,0,0,0,0,0,0,0
12,0.2778,0.937,-0.03076,0.02098,0.2232,0.03433,-4.147,-33.058,22.031,0.037716,-0.1687,-0.697,-0.6959,-855659300,98
13,0.1821,0.9927,0.01855,1.802,-20.37,15.38,0.055212,-0.045948,-0.68117,-0.7286,0.03996,0.005173,-0.04924,602493643,98
14,0,0,0,0,0,0,0,0,0,0,0,0,0,0,0
15,-0.03174,0.02979,1.037,0.2232,0.2651,0.09918,-36.45,27.6,36.45,0.89412,0.0197,0.002569,-0.4474,-1439293609,108
16,0,0,0,0,0,0,0,0,0,0,0,0,0,0,0
17,0,0,0,0,0,0,0,0,0,0,0,0,0,0,0
18,0,0,0,0,0,0,0,0,0,0,0,0,0,0,0
1,0,0,0,0,0,0,0,0,0,0,0,0,0,0,0
2,-0.2065,0.9634,-0.006348,-0.267,-0.7496,0.05722,29.22,-21.261,6.2309,0.48463,0.3714,0.6085,0.5069,-855628936,66
3,0,0,0,0,0,0,0,0,0,0,0,0,0,0,0
4,0,0,0,0,0,0,0,0,0,0,0,0,0,0,0
5,0.03857,0.9854,-0.0498,0.1869,0.08202,-0.1583,0.43153,0.48264,0.54508,0.53266,-0.005142,-0.01187,0.01031,-855010821,68
6,0.07568,0.9829,-0.1123,-0.658,0.2441,0.1087,0.17464,0.25489,0.70215,0.64149,-0.006088,-0.006958,0.003677,-855019545,52
7,0,0,0,0,0,0,0,0,0,0,0,0,0,0,0
8,-0.07568,0.9741,0.04541,-0.2193,0.4234,0.05722,0.44628,0.39114,0.57599,0.56221,-0.001389,-0.02264,0.01492,-855135690,126
9,-0.395,0.9019,-0.0415,-0.391,-0.7496,0.3796,0.55615,0.35361,0.62968,0.41129,0.01451,-0.009415,0.001572,-855590955,70
10,0.2339,0.9475,-0.2732,0.5569,-0.2899,0.1392,0.0020488,-0.19541,-0.77721,-0.59813,-0.003052,0.01859,0.01129,-855496017,68
11,0,0,0,0,0,0,0,0,0,0,0,0,0,0,0
12,0.2656,0.936,-0.01758,0.2651,1.932,-0.08774,-3.997,-32.458,21.131,0.038014,-0.1684,-0.6971,-0.6958,-855588648,98
13,0.1821,0.9927,0.01855,1.802,-20.37,15.38,0.055212,-0.045948,-0.68117,-0.7286,0.03996,0.005173,-0.04924,602493643,98
14,0,0,0,0,0,0,0,0,0,0,0,0,0,0,0
15,-0.03174,0.02979,1.037,0.2232,0.2651,0.09918,-36.45,27.6,36.45,0.89412,0.0197,0.002569,-0.4474,-1439293609,108
16,0,0,0,0,0,0,0,0,0,0,0,0,0,0,0
17,0,0,0,0,0,0,0,0,0,0,0,0,0,0,0
18,0,0,0,0,0,0,0,0,0,0,0,0,0,0,0
1,0,0,0,0,0,0,0,0,0,0,0,0,0,0,0
2,-0.2021,0.978,0.002441,-0.267,-0.2003,-0.06485,29.37,-20.811,5.9308,0.48474,0.3715,0.6084,0.5068,-855617253,66
3,0,0,0,0,0,0,0,0,0,0,0,0,0,0,0
4,0,0,0,0,0,0,0,0,0,0,0,0,0,0,0
5,0.0459,0.9893,-0.04932,0.1259,-0.1011,0.0248,0.43149,0.48267,0.545,0.53274,0.001953,-0.007965,0.0107,-854940737,68
6,0.0791,0.9814,-0.1001,0.1354,0.1831,-0.01335,0.17553,0.25587,0.7017,0.64136,-0.002762,-0.008453,0.01561,-854939546,52
7,0,0,0,0,0,0,0,0,0,0,0,0,0,0,0
8,-0.0752,0.9746,0.03418,0.4711,-0.1011,-0.1087,0.44623,0.39106,0.57587,0.56243,-0.001129,-0.02216,0.003296,-855037348,126
9,-0.4033,0.895,-0.04346,0.8297,0.8373,0.3796,0.55626,0.35379,0.62959,0.41113,0.006195,-0.01627,-0.000351,-855469029,70
10,0.2432,0.9519,-0.2981,0.3128,-0.2899,-0.5322,0.0020335,-0.19532,-0.77726,-0.59809,0.006378,0.02296,-0.01352,-855456121,68
11,0,0,0,0,0,0,0,0,0,0,0,0,0,0,0
12,0.2803,0.9497,-0.03516,-0.1011,-0.3872,0.2174,-5.797,-29.758,21.581,0.037387,-0.1689,-0.697,-0.6959,-855528678,98
13,0.1821,0.9927,0.01855,1.802,-20.37,15.38,0.055212,-0.045948,-0.68117,-0.7286,0.03996,0.005173,-0.04924,602493643,98
14,0,0,0,0,0,0,0,0,0,0,0,0,0,0,0
15,-0.03174,0.02979,1.037,0.2232,0.2651,0.09918,-36.45,27.6,36.45,0.89412,0.0197,0.002569,-0.4474,-1439293609,108
16,0,0,0,0,0,0,0,0,0,0,0,0,0,0,0
17,0,0,0,0,0,0,0,0,0,0,0,0,0,0,0
18,0,0,0,0,0,0,0,0,0,0,0,0,0,0,0
1,0,0,0,0,0,0,0,0,0,0,0,0,0,0,0
2,-0.2119,0.9644,-0.01855,-0.3281,0.7763,-0.248,28.47,-21.261,6.5309,0.4848,0.3716,0.6083,0.5068,-855589237,66
3,0,0,0,0,0,0,0,0,0,0,0,0,0,0,0
4,0,0,0,0,0,0,0,0,0,0,0,0,0,0,0
5,0.04932,0.9805,-0.05811,-0.1183,0.1431,-0.4025,0.43144,0.48271,0.54489,0.53286,0.005066,-0.01675,0.00174,-854861327,68
6,0.08545,0.9834,-0.1113,1.295,0.4272,-0.01335,0.17618,0.25647,0.7014,0.64126,0.003677,-0.006531,0.004166,-854870003,52
7,0,0,0,0,0,0,0,0,0,0,0,0,0,0,0
8,-0.07227,0.9678,0.03174,-0.01717,-0.1011,-0.04768,0.44647,0.39125,0.57565,0.56234,0.00174,-0.02899,0.0006256,-854977472,126
9,-0.4033,0.9067,-0.04932,0.5856,1.326,0.6847,0.55544,0.35354,0.63008,0.4117,0.005524,-0.004807,-0.005325,-855399065,70
10,0.2466,0.9451,-0.2952,-0.1755,0.6256,-0.6542,0.0020868,-0.19532,-0.77729,-0.59805,0.00972,0.01617,-0.0105,-855416008,68
11,0,0,0,0,0,0,0,0,0,0,0,0,0,0,0
12,0.2852,0.9355,-0.04102,-0.9556,1.2,-0.3929,-5.0392,-32.162,22.934,0.037569,-0.1685,-0.697,-0.696,-855398550,98
13,0.1821,0.9927,0.01855,1.802,-20.37,15.38,0.055212,-0.045948,-0.68117,-0.7286,0.03996,0.005173,-0.04924,602493643,98
14,0,0,0,0,0,0,0,0,0,0,0,0,0,0,0
15,-0.03174,0.02979,1.037,0.2232,0.2651,0.09918,-36.45,27.6,36.45,0.89412,0.0197,0.002569,-0.4474,-1439293609,108
16,0,0,0,0,0,0,0,0,0,0,0,0,0,0,0
17,0,0,0,0,0,0,0,0,0,0,0,0,0,0,0
18,0,0,0,0,0,0,0,0,0,0,0,0,0,0,0
1,0,0,0,0,0,0,0,0,0,0,0,0,0,0,0
2,-0.2021,0.9585,-0.0249,-0.02289,-0.5054,0.1793,28.92,-20.961,6.2309,0.48491,0.3717,0.6083,0.5067,-855532297,66
3,0,0,0,0,0,0,0,0,0,0,0,0,0,0,0
4,0,0,0,0,0,0,0,0,0,0,0,0,0,0,0
5,0.04492,0.978,-0.06152,0.003815,0.02098,-0.09727,0.43146,0.4827,0.54488,0.53287,0.0006866,-0.0192,-0.001724,-854800825,68
6,0.07617,0.9858,-0.106,1.112,-0.4883,0.04768,0.17666,0.25686,0.70123,0.64117,-0.005432,-0.00412,0.009445,-854799451,52
7,0,0,0,0,0,0,0,0,0,0,0,0,0,0,0
8,-0.07031,0.9746,0.0332,-0.0782,0.1431,0.01335,0.44623,0.39109,0.57564,0.56264,0.003342,-0.02217,0.001846,-854897411,126
9,-0.4175,0.9155,-0.05713,0.4635,0.4101,0.7458,0.55537,0.35356,0.63014,0.41168,-0.008652,0.003998,-0.01295,-855390836,70
10,0.2505,0.9475,-0.2878,-1.03,0.2594,-0.8984,0.0019771,-0.19525,-0.77721,-0.59818,0.01384,0.01846,-0.003479,-855356589,68
11,0,0,0,0,0,0,0,0,0,0,0,0,0,0,0
12,0.2773,0.9385,-0.01953,-0.2842,0.2842,0.5226,-6.6892,-33.512,22.034,0.037597,-0.1684,-0.697,-0.696,-855258747,98
13,0.1821,0.9927,0.01855,1.802,-20.37,15.38,0.055212,-0.045948,-0.68117,-0.7286,0.03996,0.005173,-0.04924,602493643,98
14,0,0,0,0,0,0,0,0,0,0,0,0,0,0,0
15,-0.03174,0.02979,1.037,0.2232,0.2651,0.09918,-36.45,27.6,36.45,0.89412,0.0197,0.002569,-0.4474,-1439293609,108
16,0,0,0,0,0,0,0,0,0,0,0,0,0,0,0
17,0,0,0,0,0,0,0,0,0,0,0,0,0,0,0
18,0,0,0,0,0,0,0,0,0,0,0,0,0,0,0
1,0,0,0,0,0,0,0,0,0,0,0,0,0,0,0
2,-0.2031,0.9531,-0.01758,-0.7553,0.1659,0.1793,29.82,-20.811,6.6808,0.48497,0.3718,0.6083,0.5065,-855477266,66
3,0,0,0,0,0,0,0,0,0,0,0,0,0,0,0
4,0,0,0,0,0,0,0,0,0,0,0,0,0,0,0
5,0.04346,0.9819,-0.07227,0.37,0.2041,-0.09727,0.43146,0.4827,0.54481,0.53295,-0.0009155,-0.01529,-0.01263,-854710712,68
6,0.08594,0.9917,-0.1216,0.6237,-0.3662,-0.4406,0.1773,0.2574,0.70095,0.64108,0.004471,0.001709,-0.006409,-854719451,52
7,0,0,0,0,0,0,0,0,0,0,0,0,0,0,0
8,-0.06689,0.978,0.03076,0.04387,-0.04005,-0.1087,0.4467,0.39181,0.57507,0.56235,0.00621,-0.01878,-0.0007935,-854767450,126
9,-0.3823,0.9058,-0.03711,0.2804,-0.5054,0.9899,0.55548,0.35383,0.62988,0.41169,0.02612,-0.005951,0.00679,-855350959,70
10,0.2471,0.9631,-0.2903,-1.396,0.6256,-0.8373,0.00207,-0.19506,-0.77718,-0.59828,0.01045,0.03401,-0.006149,-855346133,68
11,0,0,0,0,0,0,0,0,0,0,0,0,0,0,0
12,0.2666,0.9375,-0.02344,-0.2842,0.2842,1.072,-4.4392,-32.762,22.034,0.037528,-0.1685,-0.6969,-0.6961,-855216814,98
13,0.1821,0.9927,0.01855,1.802,-20.37,15.38,0.055212,-0.045948,-0.68117,-0.7286,0.03996,0.005173,-0.04924,602493643,98
14,0,0,0,0,0,0,0,0,0,0,0,0,0,0,0
15,-0.03174,0.02979,1.037,0.2232,0.2651,0.09918,-36.45,27.6,36.45,0.89412,0.0197,0.002569,-0.4474,-1439293609,108
16,0,0,0,0,0,0,0,0,0,0,0,0,0,0,0
17,0,0,0,0,0,0,0,0,0,0,0,0,0,0,0
18,0,0,0,0,0,0,0,0,0,0,0,0,0,0,0
1,0,0,0,0,0,0,0,0,0,0,0,0,0,0,0
2,-0.2021,0.9619,-0.01367,0.3433,0.8373,0.4234,29.67,-22.011,6.5309,0.48536,0.3725,0.6078,0.5062,-855322326,66
3,0,0,0,0,0,0,0,0,0,0,0,0,0,0,0
4,0,0,0,0,0,0,0,0,0,0,0,0,0,0,0
5,0.05029,0.9863,-0.04736,0.4921,-0.2842,0.08583,0.43137,0.48278,0.54468,0.53308,0.005493,-0.01088,0.01213,-854630712,68
6,0.07813,0.9839,-0.1108,0.5016,-0.1221,-0.4406,0.17628,0.25622,0.70142,0.64132,-0.003204,-0.006104,0.00444,-854639418,52
7,0,0,0,0,0,0,0,0,0,0,0,0,0,0,0
8,-0.06836,0.9766,0.04199,0.8373,0.5703,-0.597,0.44715,0.39227,0.57458,0.56217,0.004456,-0.02026,0.01003,-854667951,126
9,-0.4131,0.9019,-0.03809,-0.8793,1.631,1.051,0.55477,0.35359,0.62988,0.41286,-0.006165,-0.01056,0.005463,-855250908,70
10,0.2378,0.9436,-0.2893,-0.7248,-0.7782,0.0782,0.0023002,-0.1947,-0.77709,-0.59851,0.00116,0.01431,-0.005737,-855296075,68
11,0,0,0,0,0,0,0,0,0,0,0,0,0,0,0
12,0.2788,0.9521,-0.0166,0.1431,0.6504,0.2174,-4.8892,-30.812,22.484,0.037671,-0.1682,-0.6969,-0.6961,-855146988,98
13,0.1821,0.9927,0.01855,1.802,-20.37,15.38,0.055212,-0.045948,-0.68117,-0.7286,0.03996,0.005173,-0.04924,602493643,98
14,0,0,0,0,0,0,0,0,0,0,0,0,0,0,0
15,-0.03174,0.02979,1.037,0.2232,0.2651,0.09918,-36.45,27.6,36.45,0.89412,0.0197,0.002569,-0.4474,-1439293609,108
16,0,0,0,0,0,0,0,0,0,0,0,0,0,0,0
17,0,0,0,0,0,0,0,0,0,0,0,0,0,0,0
18,0,0,0,0,0,0,0,0,0,0,0,0,0,0,0
1,0,0,0,0,0,0,0,0,0,0,0,0,0,0,0
2,-0.2109,0.9683,-0.007813,0.09918,1.448,0.5455,28.32,-21.561,5.9308,0.48534,0.3726,0.6078,0.5061,-855294343,66
3,0,0,0,0,0,0,0,0,0,0,0,0,0,0,0
4,0,0,0,0,0,0,0,0,0,0,0,0,0,0,0
5,0.03564,0.9824,-0.04932,0.003815,0.08202,-0.1583,0.43144,0.4827,0.54459,0.53318,-0.009171,-0.01482,0.009857,-854560769,68
6,0.08203,0.9819,-0.1113,0.6847,-0.4272,0.2918,0.17641,0.25627,0.70131,0.64138,0.0007477,-0.008087,0.003708,-854569513,52
7,0,0,0,0,0,0,0,0,0,0,0,0,0,0,0
8,-0.05811,0.9736,0.03076,-0.01717,-0.2232,-0.04768,0.44735,0.39247,0.57437,0.56209,0.01459,-0.02319,-0.001358,-854597374,126
9,-0.3999,0.9058,-0.04395,-0.2079,-0.6886,0.9289,0.55474,0.35384,0.62957,0.41316,0.00621,-0.007034,-0.000824,-855180848,70
10,0.2422,0.9539,-0.2805,0.3128,0.6866,1.055,0.0025271,-0.19481,-0.7771,-0.59846,0.005096,0.02472,0.003174,-855166115,68
11,0,0,0,0,0,0,0,0,0,0,0,0,0,0,0
12,0.2861,0.9409,-0.02197,0.2041,0.1621,-0.6371,-5.4892,-30.962,22.634,0.037081,-0.1684,-0.6967,-0.6963,-855006896,98
13,0.1821,0.9927,0.01855,1.802,-20.37,15.38,0.055212,-0.045948,-0.68117,-0.7286,0.03996,0.005173,-0.04924,602493643,98
14,0,0,0,0,0,0,0,0,0,0,0,0,0,0,0
15,-0.03174,0.02979,1.037,0.2232,0.2651,0.09918,-36.45,27.6,36.45,0.89412,0.0197,0.002569,-0.4474,-1439293609,108
16,0,0,0,0,0,0,0,0,0,0,0,0,0,0,0
17,0,0,0,0,0,0,0,0,0,0,0,0,0,0,0
18,0,0,0,0,0,0,0,0,0,0,0,0,0,0,0
1,0,0,0,0,0,0,0,0,0,0,0,0,0,0,0
2,-0.1963,0.9517,-0.01123,0.5264,-0.2003,1.156,29.22,-20.961,6.8309,0.48498,0.3723,0.608,0.5065,-855224440,66
3,0,0,0,0,0,0,0,0,0,0,0,0,0,0,0
4,0,0,0,0,0,0,0,0,0,0,0,0,0,0,0
5,0.04248,0.98,-0.07129,-0.1183,-0.04005,0.2079,0.43141,0.48273,0.54457,0.5332,-0.002426,-0.01724,-0.01212,-854540825,68
6,0.08496,0.9897,-0.1177,0.3185,0.1831,-0.2575,0.17722,0.25709,0.70094,0.64123,0.003693,-0.0003052,-0.002838,-854509414,52
7,0,0,0,0,0,0,0,0,0,0,0,0,0,0,0
8,-0.06396,0.9668,0.03516,0.04387,-0.04005,0.1354,0.44729,0.39245,0.57431,0.56222,0.00853,-0.03004,0.002853,-854537345,126
9,-0.4019,0.9097,-0.05322,-0.33,1.143,0.7458,0.55466,0.35382,0.62962,0.4132,0.004211,-0.003143,-0.009995,-855141006,70
10,0.2354,0.9529,-0.3025,-0.1144,-0.473,1.055,0.0024551,-0.19513,-0.77697,-0.59853,-0.002029,0.02377,-0.01897,-855124114,68
11,0,0,0,0,0,0,0,0,0,0,0,0,0,0,0
12,0.2681,0.9473,-0.02686,0.08202,0.5283,-1.308,-5.1892,-30.362,22.784,0.036939,-0.1684,-0.6967,-0.6963,-854978699,98
13,0.1821,0.9927,0.01855,1.802,-20.37,15.38,0.055212,-0.045948,-0.68117,-0.7286,0.03996,0.005173,-0.04924,602493643,98
14,0,0,0,0,0,0,0,0,0,0,0,0,0,0,0
15,-0.03174,0.02979,1.037,0.2232,0.2651,0.09918,-36.45,27.6,36.45,0.89412,0.0197,0.002569,-0.4474,-1439293609,108
16,0,0,0,0,0,0,0,0,0,0,0,0,0,0,0
17,0,0,0,0,0,0,0,0,0,0,0,0,0,0,0
18,0,0,0,0,0,0,0,0,0,0,0,0,0,0,0
1,0,0,0,0,0,0,0,0,0,0,0,0,0,0,0
2,-0.2012,0.9727,-0.01709,0.2213,0.1659,1.095,28.92,-22.011,7.5809,0.48487,0.3722,0.608,0.5066,-855211266,66
3,0,0,0,0,0,0,0,0,0,0,0,0,0,0,0
4,0,0,0,0,0,0,0,0,0,0,0,0,0,0,0
5,0.04102,0.979,-0.06543,0.06485,-0.04005,-0.03624,0.43137,0.48277,0.54456,0.53321,-0.003998,-0.01822,-0.00621,-854500729,68
6,0.06738,0.9775,-0.1045,0.01335,0.7935,0.1698,0.17764,0.25763,0.70082,0.64103,-0.01392,-0.01248,0.01054,-854418902,52
7,0,0,0,0,0,0,0,0,0,0,0,0,0,0,0
8,-0.06104,0.9722,0.03418,-0.1392,0.02098,-0.1087,0.44719,0.39234,0.57435,0.56233,0.01141,-0.02467,0.001801,-854507939,126
9,-0.3965,0.9126,-0.04053,0.09727,0.4711,-0.7191,0.55469,0.35355,0.62956,0.41349,0.009567,-0.0002441,0.002167,-855010950,70
10,0.2402,0.9548,-0.2991,0.007629,-1.816,0.8717,0.0023739,-0.19514,-0.77702,-0.59846,0.002975,0.02574,-0.0154,-855106618,68
11,0,0,0,0,0,0,0,0,0,0,0,0,0,0,0
12,0.27,0.9204,-0.02051,0.2651,-0.1431,-1.369,-3.9892,-32.462,22.634,0.036726,-0.1683,-0.6967,-0.6964,-854949257,98
13,0.1821,0.9927,0.01855,1.802,-20.37,15.38,0.055212,-0.045948,-0.68117,-0.7286,0.03996,0.005173,-0.04924,602493643,98
14,0,0,0,0,0,0,0,0,0,0,0,0,0,0,0
15,-0.03174,0.02979,1.037,0.2232,0.2651,0.09918,-36.45,27.6,36.45,0.89412,0.0197,0.002569,-0.4474,-1439293609,108
16,0,0,0,0,0,0,0,0,0,0,0,0,0,0,0
17,0,0,0,0,0,0,0,0,0,0,0,0,0,0,0
18,0,0,0,0,0,0,0,0,0,0,0,0,0,0,0
1,0,0,0,0,0,0,0,0,0,0,0,0,0,0,0
2,-0.1895,0.9712,-0.009277,-0.206,1.265,0.7286,27.72,-22.911,5.6308,0.48485,0.3724,0.6079,0.5066,-855195038,66
3,0,0,0,0,0,0,0,0,0,0,0,0,0,0,0
4,0,0,0,0,0,0,0,0,0,0,0,0,0,0,0
5,0.04492,0.9731,-0.06201,0.37,0.02098,0.08583,0.4314,0.48274,0.5445,0.53327,-0.0001526,-0.02408,-0.002975,-854430825,68
6,0.07861,0.9868,-0.1147,0.8068,0.2441,0.04768,0.17779,0.25785,0.70075,0.64098,-0.002762,-0.003189,0.0003204,-854348832,52
7,0,0,0,0,0,0,0,0,0,0,0,0,0,0,0
8,-0.06201,0.9634,0.04395,0.4101,0.5093,-0.04768,0.44715,0.39228,0.57426,0.56249,0.01025,-0.03346,0.01128,-854467350,126
9,-0.3965,0.9126,-0.04053,0.09727,0.4711,-0.7191,0.55469,0.35355,0.62956,0.41349,0.009567,-0.0002441,0.002167,-855010950,70
10,0.2388,0.9534,-0.2805,0.679,-0.04578,0.3223,0.0019044,-0.19581,-0.77684,-0.59848,0.00145,0.02428,0.003128,-855076016,68
11,0,0,0,0,0,0,0,0,0,0,0,0,0,0,0
12,0.2759,0.9556,-0.01855,0.5093,-0.2041,-1.247,-4.2892,-28.712,23.384,0.036282,-0.1685,-0.6967,-0.6964,-854928647,98
13,0.1821,0.9927,0.01855,1.802,-20.37,15.38,0.055212,-0.045948,-0.68117,-0.7286,0.03996,0.005173,-0.04924,602493643,98
14,0,0,0,0,0,0,0,0,0,0,0,0,0,0,0
15,-0.03174,0.02979,1.037,0.2232,0.2651,0.09918,-36.45,27.6,36.45,0.89412,0.0197,0.002569,-0.4474,-1439293609,108
16,0,0,0,0,0,0,0,0,0,0,0,0,0,0,0
17,0,0,0,0,0,0,0,0,0,0,0,0,0,0,0
18,0,0,0,0,0,0,0,0,0,0,0,0,0,0,0
1,0,0,0,0,0,0,0,0,0,0,0,0,0,0,0
2,-0.1895,0.9712,-0.009277,-0.206,1.265,0.7286,27.72,-22.911,5.6308,0.48485,0.3724,0.6079,0.5066,-855195038,66
3,0,0,0,0,0,0,0,0,0,0,0,0,0,0,0
4,0,0,0,0,0,0,0,0,0,0,0,0,0,0,0
5,0.04297,0.9761,-0.04199,0.4921,-0.1621,0.08583,0.43146,0.48268,0.5444,0.53338,-0.002151,-0.02118,0.01672,-854375296,68
6,0.07471,0.9863,-0.1162,2.821,1.099,0.1087,0.17755,0.25788,0.70135,0.64037,-0.0065,-0.003494,0.0005951,-854258953,52
7,0,0,0,0,0,0,0,0,0,0,0,0,0,0,0
8,-0.06348,0.9814,0.03174,0.227,0.3872,0.2575,0.44687,0.39212,0.57435,0.56273,0.008545,-0.01541,-0.0009766,-854356758,126
9,-0.4209,0.9111,-0.04932,0.3414,-1.177,-0.4749,0.55463,0.35343,0.62965,0.41354,-0.01476,-0.001678,-0.006577,-854979135,70
10,0.2437,0.9333,-0.2893,-0.05341,-0.7172,-0.4101,0.0019299,-0.19553,-0.77689,-0.5985,0.006607,0.004166,-0.005707,-854976632,68
11,0,0,0,0,0,0,0,0,0,0,0,0,0,0,0
12,0.2725,0.9473,-0.02197,0.3872,-0.6924,-1.186,-4.8892,-30.812,23.084,0.036208,-0.1684,-0.6967,-0.6964,-854908652,98
13,0.1821,0.9927,0.01855,1.802,-20.37,15.38,0.055212,-0.045948,-0.68117,-0.7286,0.03996,0.005173,-0.04924,602493643,98
14,0,0,0,0,0,0,0,0,0,0,0,0,0,0,0
15,-0.03174,0.02979,1.037,0.2232,0.2651,0.09918,-36.45,27.6,36.45,0.89412,0.0197,0.002569,-0.4474,-1439293609,108
16,0,0,0,0,0,0,0,0,0,0,0,0,0,0,0
17,0,0,0,0,0,0,0,0,0,0,0,0,0,0,0
18,0,0,0,0,0,0,0,0,0,0,0,0,0,0,0
1,0,0,0,0,0,0,0,0,0,0,0,0,0,0,0
2,-0.2075,0.9629,-0.01807,-0.02289,2.058,0.7286,29.37,-22.311,5.6308,0.48478,0.3725,0.6079,0.5067,-855182421,66
3,0,0,0,0,0,0,0,0,0,0,0,0,0,0,0
4,0,0,0,0,0,0,0,0,0,0,0,0,0,0,0
5,0.05322,0.9883,-0.05811,0.06485,-0.04005,-0.09727,0.43136,0.48277,0.54438,0.5334,0.007874,-0.008942,0.0007324,-854275296,68
6,0.08252,0.998,-0.1167,1.6,0.3662,0.04768,0.17523,0.25692,0.70362,0.63891,0.000824,0.008911,0.005493,-854138834,52
7,0,0,0,0,0,0,0,0,0,0,0,0,0,0,0
8,-0.06787,0.9775,0.03418,0.227,0.08202,-0.4139,0.44672,0.39191,0.5744,0.56296,0.004074,-0.01932,0.001236,-854306773,126
9,-0.397,0.9253,-0.04346,0.1583,0.1659,-0.1087,0.55463,0.35363,0.62955,0.41351,0.008911,0.01237,-0.0006714,-854941488,70
10,0.2578,0.9485,-0.2908,0.1297,-0.473,-1.204,0.0016417,-0.19585,-0.77679,-0.59853,0.02083,0.01927,-0.007248,-854936632,68
11,0,0,0,0,0,0,0,0,0,0,0,0,0,0,0
12,0.2832,0.9536,-0.03662,0.6924,0.04005,-0.8812,-4.2892,-30.212,22.634,0.035368,-0.1685,-0.6968,-0.6963,-854859139,98
13,0.1821,0.9927,0.01855,1.802,-20.37,15.38,0.055212,-0.045948,-0.68117,-0.7286,0.03996,0.005173,-0.04924,602493643,98
14,0,0,0,0,0,0,0,0,0,0,0,0,0,0,0
15,-0.03174,0.02979,1.037,0.2232,0.2651,0.09918,-36.45,27.6,36.45,0.89412,0.0197,0.002569,-0.4474,-1439293609,108
16,0,0,0,0,0,0,0,0,0,0,0,0,0,0,0
17,0,0,0,0,0,0,0,0,0,0,0,0,0,0,0
18,0,0,0,0,0,0,0,0,0,0,0,0,0,0,0
1,0,0,0,0,0,0,0,0,0,0,0,0,0,0,0
2,-0.2021,0.9888,-0.02344,-0.02289,0.4101,0.7896,27.42,-20.661,5.7809,0.48372,0.3718,0.6085,0.5075,-855112317,66
3,0,0,0,0,0,0,0,0,0,0,0,0,0,0,0
4,0,0,0,0,0,0,0,0,0,0,0,0,0,0,0
5,0.06104,0.9839,-0.05859,0.1259,0.2041,-0.3414,0.43137,0.48275,0.54423,0.53356,0.01543,-0.01335,-0.0001221,-854175202,68
6,0.06934,0.9844,-0.1274,1.478,0.5493,-0.01335,0.1763,0.2584,0.70408,0.63751,-0.01187,-0.00444,-0.002441,-854058823,52
7,0,0,0,0,0,0,0,0,0,0,0,0,0,0,0
8,-0.06348,0.9717,0.03662,-0.0782,0.5093,-0.2918,0.4463,0.39149,0.57454,0.56343,0.008209,-0.02519,0.003357,-854206743,126
9,-0.3975,0.9048,-0.03857,0.1583,-0.1392,0.2575,0.55462,0.35398,0.62946,0.41336,0.008133,-0.008255,0.004486,-854851018,70
10,0.2432,0.9397,-0.2849,0.679,-1.511,-1.448,0.0010974,-0.19476,-0.7773,-0.59822,0.008438,0.01013,-0.0006561,-854844204,68
11,0,0,0,0,0,0,0,0,0,0,0,0,0,0,0
12,0.2822,0.9385,-0.01855,0.5093,0.5894,-0.9422,-4.8892,-30.062,23.084,0.03568,-0.1682,-0.6969,-0.6963,-854796877,98
13,0.1821,0.9927,0.01855,1.802,-20.37,15.38,0.055212,-0.045948,-0.68117,-0.7286,0.03996,0.005173,-0.04924,602493643,98
14,0,0,0,0,0,0,0,0,0,0,0,0,0,0,0
15,-0.03174,0.02979,1.037,0.2232,0.2651,0.09918,-36.45,27.6,36.45,0.89412,0.0197,0.002569,-0.4474,-1439293609,108
16,0,0,0,0,0,0,0,0,0,0,0,0,0,0,0
17,0,0,0,0,0,0,0,0,0,0,0,0,0,0,0
18,0,0,0,0,0,0,0,0,0,0,0,0,0,0,0
1,0,0,0,0,0,0,0,0,0,0,0,0,0,0,0
2,-0.2021,0.9888,-0.02344,-0.02289,0.4101,0.7896,27.42,-20.661,5.7809,0.48372,0.3718,0.6085,0.5075,-855112317,66
3,0,0,0,0,0,0,0,0,0,0,0,0,0,0,0
4,0,0,0,0,0,0,0,0,0,0,0,0,0,0,0
5,0.05029,0.9785,-0.06055,0.7362,0.08202,-0.2193,0.43134,0.48278,0.54419,0.53359,0.004547,-0.01872,-0.00209,-854045190,68
6,0.07861,0.9775,-0.1172,0.3796,-0.4883,0.2918,0.17542,0.25749,0.70482,0.6373,-0.002304,-0.01115,0.008972,-853989418,52
7,0,0,0,0,0,0,0,0,0,0,0,0,0,0,0
8,-0.07178,0.978,0.03174,0.4101,0.5093,-0.658,0.44627,0.39157,0.57443,0.56352,-0.0003815,-0.01886,-0.001678,-854117353,126
9,-0.4014,0.8999,-0.04639,0.5245,-0.6886,0.07439,0.55456,0.35409,0.62949,0.41332,0.004105,-0.01317,-0.003113,-854710850,70
10,0.2554,0.9348,-0.2947,-0.4807,0.01526,-0.7153,0.0006776,-0.19483,-0.77746,-0.59799,0.02132,0.005264,-0.009842,-854746163,68
11,0,0,0,0,0,0,0,0,0,0,0,0,0,0,0
12,0.2803,0.938,-0.03564,-0.5283,-2.951,0.4005,-5.0392,-33.362,23.384,0.035082,-0.1686,-0.697,-0.6961,-854726996,98
13,0.1821,0.9927,0.01855,1.802,-20.37,15.38,0.055212,-0.045948,-0.68117,-0.7286,0.03996,0.005173,-0.04924,602493643,98
14,0,0,0,0,0,0,0,0,0,0,0,0,0,0,0
15,-0.03174,0.02979,1.037,0.2232,0.2651,0.09918,-36.45,27.6,36.45,0.89412,0.0197,0.002569,-0.4474,-1439293609,108
16,0,0,0,0,0,0,0,0,0,0,0,0,0,0,0
17,0,0,0,0,0,0,0,0,0,0,0,0,0,0,0
18,0,0,0,0,0,0,0,0,0,0,0,0,0,0,0
1,0,0,0,0,0,0,0,0,0,0,0,0,0,0,0
2,-0.2148,0.9644,-0.01367,-0.7553,1.02,1.095,27.27,-20.811,6.3808,0.48407,0.3723,0.6081,0.5072,-855071356,66
3,0,0,0,0,0,0,0,0,0,0,0,0,0,0,0
4,0,0,0,0,0,0,0,0,0,0,0,0,0,0,0
5,0.05908,0.9976,-0.05273,0.1869,0.2041,-0.09727,0.43124,0.48287,0.54412,0.53367,0.01299,0.0003357,0.005722,-853975813,68
6,0.07373,0.9834,-0.1294,-0.1316,-0.7343,0.2022,0.17477,0.25682,0.70518,0.63735,-0.007126,-0.005264,-0.002914,-853918909,52
7,0,0,0,0,0,0,0,0,0,0,0,0,0,0,0
8,-0.06885,0.9741,0.03613,0.349,0.3262,-0.4139,0.4464,0.39165,0.57432,0.56347,0.002548,-0.02275,0.002609,-854067353,126
9,-0.4028,0.9126,-0.04248,0.3414,-0.9937,-0.536,0.55514,0.35442,0.62901,0.41298,0.002823,-0.0004272,4.578e-05,-854611488,70
10,0.2446,0.9504,-0.3044,-0.05341,-0.5951,0.6275,0.00015259,-0.19538,-0.77738,-0.59792,0.01074,0.02089,-0.01945,-854675957,68
11,0,0,0,0,0,0,0,0,0,0,0,0,0,0,0
12,0.2817,0.9434,-0.03369,-0.5283,0.1011,0.03433,-5.0392,-32.462,22.634,0.033852,-0.17,-0.6967,-0.6961,-854628742,98
13,0.1821,0.9927,0.01855,1.802,-20.37,15.38,0.055212,-0.045948,-0.68117,-0.7286,0.03996,0.005173,-0.04924,602493643,98
14,0,0,0,0,0,0,0,0,0,0,0,0,0,0,0
15,-0.03174,0.02979,1.037,0.2232,0.2651,0.09918,-36.45,27.6,36.45,0.89412,0.0197,0.002569,-0.4474,-1439293609,108
16,0,0,0,0,0,0,0,0,0,0,0,0,0,0,0
17,0,0,0,0,0,0,0,0,0,0,0,0,0,0,0
18,0,0,0,0,0,0,0,0,0,0,0,0,0,0,0
1,0,0,0,0,0,0,0,0,0,0,0,0,0,0,0
2,-0.209,0.9688,-0.01514,-0.145,0.5932,0.7896,29.37,-21.861,5.6308,0.48413,0.3723,0.6081,0.5072,-855056323,66
3,0,0,0,0,0,0,0,0,0,0,0,0,0,0,0
4,0,0,0,0,0,0,0,0,0,0,0,0,0,0,0
5,0.04199,0.9868,-0.04346,0.4921,-0.04005,0.08583,0.4313,0.48281,0.54404,0.53375,-0.00412,-0.01042,0.01472,-853905316,68
6,0.08984,0.9937,-0.1284,-0.1316,-0.246,-0.164,0.17534,0.25751,0.70508,0.63703,0.009033,0.005035,-0.001526,-853829414,52
7,0,0,0,0,0,0,0,0,0,0,0,0,0,0,0
8,-0.06396,0.9697,0.02832,0.5322,0.3262,-0.2918,0.44608,0.39143,0.5744,0.5638,0.007111,-0.02716,-0.005386,-853965022,126
9,-0.4048,0.9014,-0.03857,0.4635,-1.055,-0.658,0.55589,0.35486,0.62843,0.41247,0.00116,-0.01157,0.003143,-854530918,70
10,0.2441,0.9597,-0.304,-0.1144,0.2594,0.7496,6.8239e-05,-0.1956,-0.77732,-0.59793,0.0101,0.0302,-0.01898,-854656016,68
11,0,0,0,0,0,0,0,0,0,0,0,0,0,0,0
12,0.2881,0.9297,-0.02197,0.2651,-0.5093,-0.6371,-3.5392,-31.712,23.384,0.034654,-0.1684,-0.6967,-0.6964,-854448751,98
13,0.1821,0.9927,0.01855,1.802,-20.37,15.38,0.055212,-0.045948,-0.68117,-0.7286,0.03996,0.005173,-0.04924,602493643,98
14,0,0,0,0,0,0,0,0,0,0,0,0,0,0,0
15,-0.03174,0.02979,1.037,0.2232,0.2651,0.09918,-36.45,27.6,36.45,0.89412,0.0197,0.002569,-0.4474,-1439293609,108
16,0,0,0,0,0,0,0,0,0,0,0,0,0,0,0
17,0,0,0,0,0,0,0,0,0,0,0,0,0,0,0
18,0,0,0,0,0,0,0,0,0,0,0,0,0,0,0
1,0,0,0,0,0,0,0,0,0,0,0,0,0,0,0
2,-0.2144,0.9717,-0.01465,-0.145,-0.1392,0.7286,29.82,-21.561,7.1308,0.48448,0.3726,0.6078,0.5069,-855014447,66
3,0,0,0,0,0,0,0,0,0,0,0,0,0,0,0
4,0,0,0,0,0,0,0,0,0,0,0,0,0,0,0
5,0.0459,0.9829,-0.06152,0.6752,-0.2232,0.0248,0.43131,0.4828,0.54401,0.53379,-0.0002594,-0.01433,-0.003433,-853775300,68
6,0.08203,0.9868,-0.1284,-0.3147,-0.001907,0.01907,0.17522,0.25733,0.70516,0.63705,0.001297,-0.001801,-0.001465,-853768839,52
7,0,0,0,0,0,0,0,0,0,0,0,0,0,0,0
8,-0.07275,0.98,0.03271,0.4101,0.08202,-0.2308,0.44644,0.39191,0.57403,0.56355,-0.001938,-0.01692,-0.001068,-853866741,126
9,-0.4087,0.9175,-0.03418,-0.5131,-0.1392,0.01335,0.55614,0.35519,0.6281,0.41235,-0.002991,0.00441,0.007172,-854441509,70
10,0.2349,0.9382,-0.2932,0.4959,-0.5341,0.3223,0,-0.19566,-0.77738,-0.59782,0.0008698,0.008789,-0.00798,-854605938,68
11,0,0,0,0,0,0,0,0,0,0,0,0,0,0,0
12,0.2598,0.9404,-0.03613,0.2041,-0.4482,-0.576,-5.4892,-32.912,23.684,0.035112,-0.1671,-0.6967,-0.6967,-854182279,98
13,0.1821,0.9927,0.01855,1.802,-20.37,15.38,0.055212,-0.045948,-0.68117,-0.7286,0.03996,0.005173,-0.04924,602493643,98
14,0,0,0,0,0,0,0,0,0,0,0,0,0,0,0
15,-0.03174,0.02979,1.037,0.2232,0.2651,0.09918,-36.45,27.6,36.45,0.89412,0.0197,0.002569,-0.4474,-1439293609,108
16,0,0,0,0,0,0,0,0,0,0,0,0,0,0,0
17,0,0,0,0,0,0,0,0,0,0,0,0,0,0,0
18,0,0,0,0,0,0,0,0,0,0,0,0,0,0,0
1,0,0,0,0,0,0,0,0,0,0,0,0,0,0,0
2,-0.2148,0.9673,-0.01416,-0.08392,-0.01717,0.7286,29.67,-21.261,7.8808,0.48438,0.3725,0.6079,0.507,-855001272,66
3,0,0,0,0,0,0,0,0,0,0,0,0,0,0,0
4,0,0,0,0,0,0,0,0,0,0,0,0,0,0,0
5,0.05664,0.9897,-0.07129,0.7973,-0.1011,0.08583,0.43127,0.48283,0.54401,0.53378,0.01044,-0.007477,-0.01312,-853745232,68
6,0.08545,0.9863,-0.1191,0.1125,-0.8564,0.2022,0.17602,0.25821,0.70491,0.63675,0.004791,-0.002258,0.007996,-853688871,52
7,0,0,0,0,0,0,0,0,0,0,0,0,0,0,0
8,-0.06104,0.9917,0.04834,0.4101,0.2041,-0.2308,0.44737,0.39286,0.57332,0.56287,0.009689,-0.005219,0.01442,-853737348,126
9,-0.4072,0.9175,-0.0415,0.3414,-2.337,0.5016,0.55645,0.35545,0.62754,0.41257,-0.002121,0.004105,-0.001205,-854309287,70
10,0.2363,0.947,-0.2947,-0.1144,0.3815,-1.081,0.00022632,-0.19483,-0.77741,-0.59806,0.002945,0.01724,-0.01001,-854365494,68
11,0,0,0,0,0,0,0,0,0,0,0,0,0,0,0
12,0.2734,0.9341,-0.03271,-0.8335,2.176,-0.6371,-5.4892,-31.412,23.384,0.035179,-0.1668,-0.6966,-0.697,-854073934,98
13,0.1821,0.9927,0.01855,1.802,-20.37,15.38,0.055212,-0.045948,-0.68117,-0.7286,0.03996,0.005173,-0.04924,602493643,98
14,0,0,0,0,0,0,0,0,0,0,0,0,0,0,0
15,-0.03174,0.02979,1.037,0.2232,0.2651,0.09918,-36.45,27.6,36.45,0.89412,0.0197,0.002569,-0.4474,-1439293609,108
16,0,0,0,0,0,0,0,0,0,0,0,0,0,0,0
17,0,0,0,0,0,0,0,0,0,0,0,0,0,0,0
18,0,0,0,0,0,0,0,0,0,0,0,0,0,0,0
1,0,0,0,0,0,0,0,0,0,0,0,0,0,0,0
2,-0.2007,0.9644,-0.01709,-0.145,0.1659,-0.003815,28.02,-21.561,6.6808,0.48432,0.3725,0.6079,0.5071,-854959266,66
3,0,0,0,0,0,0,0,0,0,0,0,0,0,0,0
4,0,0,0,0,0,0,0,0,0,0,0,0,0,0,0
5,0.04785,0.9824,-0.05371,0.1259,0.1431,-0.09727,0.43123,0.48288,0.54399,0.53381,0.001495,-0.0148,0.004486,-853645816,68
6,0.08301,0.9873,-0.1294,-0.2537,0.05913,0.1411,0.17623,0.25851,0.70481,0.63667,0.002274,-0.001282,-0.002213,-853608863,52
7,0,0,0,0,0,0,0,0,0,0,0,0,0,0,0
8,-0.06934,0.9683,0.03076,0.1049,0.08202,-0.597,0.44712,0.39269,0.57349,0.56302,0.001312,-0.02866,-0.003052,-853685095,126
9,-0.3901,0.9131,-0.02393,0.4025,-2.703,0.5016,0.55771,0.3571,0.626,0.41179,0.01402,-0.0007782,0.01488,-854218641,70
10,0.2241,0.95,-0.2957,0.4349,0.5646,-0.4711,0.00020472,0.19518,0.77719,0.59824,-0.009064,0.01999,-0.01143,-854245454,68
11,0,0,0,0,0,0,0,0,0,0,0,0,0,0,0
12,0.271,0.9399,-0.02832,-1.078,-1.425,-0.0267,-4.2892,-32.462,22.934,0.034466,-0.1668,-0.6961,-0.6974,-853944510,98
13,0.1821,0.9927,0.01855,1.802,-20.37,15.38,0.055212,-0.045948,-0.68117,-0.7286,0.03996,0.005173,-0.04924,602493643,98
14,0,0,0,0,0,0,0,0,0,0,0,0,0,0,0
15,-0.03174,0.02979,1.037,0.2232,0.2651,0.09918,-36.45,27.6,36.45,0.89412,0.0197,0.002569,-0.4474,-1439293609,108
16,0,0,0,0,0,0,0,0,0,0,0,0,0,0,0
17,0,0,0,0,0,0,0,0,0,0,0,0,0,0,0
18,0,0,0,0,0,0,0,0,0,0,0,0,0,0,0
1,0,0,0,0,0,0,0,0,0,0,0,0,0,0,0
2,-0.209,0.9736,-0.01123,-0.7553,0.288,-0.4921,29.67,-19.911,7.2809,0.48445,0.3728,0.6077,0.507,-854889436,66
3,0,0,0,0,0,0,0,0,0,0,0,0,0,0,0
4,0,0,0,0,0,0,0,0,0,0,0,0,0,0,0
5,0.05176,0.979,-0.06201,0.6142,0.02098,-0.09727,0.43124,0.48286,0.5439,0.5339,0.00528,-0.01822,-0.004028,-853535257,68
6,0.08398,0.9868,-0.1299,0.0515,-0.246,0.08011,0.1757,0.25802,0.70507,0.63673,0.003174,-0.001724,-0.002472,-853539437,52
7,0,0,0,0,0,0,0,0,0,0,0,0,0,0,0
8,-0.06689,0.9741,0.03516,0.349,0.2041,0.01335,0.4468,0.39261,0.5736,0.56321,0.003448,-0.02283,0.001495,-853576770,126
9,-0.4111,0.9097,-0.03125,-0.391,-2.52,0.01335,0.55849,0.35739,0.6253,0.41153,-0.006821,-0.004181,0.006226,-854139125,70
10,0.2324,0.9661,-0.2942,0.1907,-0.6561,-0.288,0.00030517,0.19509,0.77719,0.59826,-0.0005341,0.03603,-0.01001,-854215042,68
11,0,0,0,0,0,0,0,0,0,0,0,0,0,0,0
12,0.2642,0.9463,-0.02246,-1.566,-1.303,0.2785,-5.647,-32.002,23.532,0.034421,-0.1668,-0.6959,-0.6976,-853894474,98
13,0.1821,0.9927,0.01855,1.802,-20.37,15.38,0.055212,-0.045948,-0.68117,-0.7286,0.03996,0.005173,-0.04924,602493643,98
14,0,0,0,0,0,0,0,0,0,0,0,0,0,0,0
15,-0.03174,0.02979,1.037,0.2232,0.2651,0.09918,-36.45,27.6,36.45,0.89412,0.0197,0.002569,-0.4474,-1439293609,108
16,0,0,0,0,0,0,0,0,0,0,0,0,0,0,0
17,0,0,0,0,0,0,0,0,0,0,0,0,0,0,0
18,0,0,0,0,0,0,0,0,0,0,0,0,0,0,0
1,0,0,0,0,0,0,0,0,0,0,0,0,0,0,0
2,-0.2061,0.9639,-0.02393,0.5264,0.5932,-0.4311,28.77,-22.611,6.6808,0.48479,0.3733,0.6074,0.5067,-854734432,66
3,0,0,0,0,0,0,0,0,0,0,0,0,0,0,0
4,0,0,0,0,0,0,0,0,0,0,0,0,0,0,0
5,0.04932,0.98,-0.06689,0.06485,0.2651,0.08583,0.43121,0.48289,0.54383,0.53397,0.002625,-0.01724,-0.009018,-853455312,68
6,0.07959,0.9727,-0.1172,0.4177,-0.001907,-0.164,0.17547,0.25777,0.70517,0.63679,-0.001221,-0.01588,0.01024,-853459389,52
7,0,0,0,0,0,0,0,0,0,0,0,0,0,0,0
8,-0.06982,0.9678,0.0293,0.227,0.3872,0.07439,0.44657,0.39252,0.57363,0.56343,0.0002136,-0.02919,-0.00444,-853487343,126
9,-0.4141,0.9277,-0.03955,-0.8793,-1.848,-0.4749,0.55918,0.35764,0.62473,0.41124,-0.009537,0.01395,-0.003159,-854068628,70
10,0.2363,0.9451,-0.2966,0.007629,0.1984,-0.4711,0.00044224,0.19521,0.77715,0.59827,0.003448,0.01501,-0.01248,-854195517,68
11,0,0,0,0,0,0,0,0,0,0,0,0,0,0,0
12,0.2769,0.9517,-0.02197,-0.7725,-0.2041,-0.3929,-5.047,-32.902,24.132,0.034029,-0.1671,-0.6957,-0.6978,-853844034,98
13,0.1821,0.9927,0.01855,1.802,-20.37,15.38,0.055212,-0.045948,-0.68117,-0.7286,0.03996,0.005173,-0.04924,602493643,98
14,0,0,0,0,0,0,0,0,0,0,0,0,0,0,0
15,-0.03174,0.02979,1.037,0.2232,0.2651,0.09918,-36.45,27.6,36.45,0.89412,0.0197,0.002569,-0.4474,-1439293609,108
16,0,0,0,0,0,0,0,0,0,0,0,0,0,0,0
17,0,0,0,0,0,0,0,0,0,0,0,0,0,0,0
18,0,0,0,0,0,0,0,0,0,0,0,0,0,0,0
1,0,0,0,0,0,0,0,0,0,0,0,0,0,0,0
2,-0.1934,0.9604,-0.01074,0.3433,-1.909,-0.1869,28.32,-22.311,5.3309,0.48595,0.3747,0.6064,0.5057,-854581244,66
3,0,0,0,0,0,0,0,0,0,0,0,0,0,0,0
4,0,0,0,0,0,0,0,0,0,0,0,0,0,0,0
5,0.04736,0.9888,-0.05615,-0.6065,0.3872,-0.3414,0.43124,0.48286,0.54382,0.53399,0.0007324,-0.008469,0.001633,-853375258,68
6,0.08252,0.9927,-0.1235,0.7839,0.6695,-0.164,0.17444,0.25665,0.70554,0.63712,0.001648,0.00412,0.003784,-853378840,52
7,0,0,0,0,0,0,0,0,0,0,0,0,0,0,0
8,-0.06494,0.9849,0.04785,-0.5054,-0.2842,0.4406,0.4465,0.39242,0.57366,0.56351,0.005081,-0.0121,0.01404,-853416787,126
9,-0.3901,0.9111,-0.03711,-0.2079,-2.52,-0.1698,0.55953,0.35762,0.62443,0.41124,0.01451,-0.00264,-0.00148,-854038469,70
10,0.2412,0.9495,-0.2883,0.3738,1.358,-0.9594,0.00082057,0.19466,0.77733,0.59821,0.009598,0.01913,-0.004044,-854064830,68
11,0,0,0,0,0,0,0,0,0,0,0,0,0,0,0
12,0.269,0.9365,-0.01807,0.2041,0.5894,-0.6981,-6.5377,-32.906,22.935,0.033835,-0.1669,-0.6957,-0.6978,-853762273,98
13,0.1821,0.9927,0.01855,1.802,-20.37,15.38,0.055212,-0.045948,-0.68117,-0.7286,0.03996,0.005173,-0.04924,602493643,98
14,0,0,0,0,0,0,0,0,0,0,0,0,0,0,0
15,-0.03174,0.02979,1.037,0.2232,0.2651,0.09918,-36.45,27.6,36.45,0.89412,0.0197,0.002569,-0.4474,-1439293609,108
16,0,0,0,0,0,0,0,0,0,0,0,0,0,0,0
17,0,0,0,0,0,0,0,0,0,0,0,0,0,0,0
18,0,0,0,0,0,0,0,0,0,0,0,0,0,0,0
1,0,0,0,0,0,0,0,0,0,0,0,0,0,0,0
2,-0.2104,0.9541,-0.01514,-0.02289,-0.2003,-0.248,28.47,-20.661,6.5309,0.48577,0.3746,0.6064,0.5059,-854496485,66
3,0,0,0,0,0,0,0,0,0,0,0,0,0,0,0
4,0,0,0,0,0,0,0,0,0,0,0,0,0,0,0
5,0.03271,0.9902,-0.05762,-0.1183,0.08202,0.08583,0.43125,0.48285,0.54382,0.53399,-0.0139,-0.007004,0.0001526,-853295302,68
6,0.06836,0.9976,-0.127,0.6008,0.05913,0.08011,0.17368,0.25589,0.70592,0.6372,-0.01254,0.009048,0.0006714,-853308940,52
7,0,0,0,0,0,0,0,0,0,0,0,0,0,0,0
8,-0.06543,0.9692,0.0459,-0.2613,0.4482,-0.1698,0.44619,0.39198,0.57383,0.56391,0.004562,-0.02771,0.01175,-853335007,126
9,-0.4058,0.9126,-0.04834,-0.1469,-1.238,-0.2308,0.55981,0.35789,0.62415,0.41106,-0.001175,-0.001221,-0.01303,-854008661,70
10,0.2373,0.9431,-0.2825,-1.579,-1.877,0.5665,0.00073369,0.19443,0.77696,0.59877,0.005615,0.01239,0.000473,-853934950,68
11,0,0,0,0,0,0,0,0,0,0,0,0,0,0,0
12,0.2661,0.937,-0.006348,-0.4673,0.3452,-0.8202,-3.5377,-32.906,22.185,0.033165,-0.1673,-0.6956,-0.6979,-853663995,98
13,0.1821,0.9927,0.01855,1.802,-20.37,15.38,0.055212,-0.045948,-0.68117,-0.7286,0.03996,0.005173,-0.04924,602493643,98
14,0,0,0,0,0,0,0,0,0,0,0,0,0,0,0
15,-0.03174,0.02979,1.037,0.2232,0.2651,0.09918,-36.45,27.6,36.45,0.89412,0.0197,0.002569,-0.4474,-1439293609,108
16,0,0,0,0,0,0,0,0,0,0,0,0,0,0,0
17,0,0,0,0,0,0,0,0,0,0,0,0,0,0,0
18,0,0,0,0,0,0,0,0,0,0,0,0,0,0,0
1,0,0,0,0,0,0,0,0,0,0,0,0,0,0,0
2,-0.2119,0.9712,-0.01123,-0.145,-0.8106,-0.37,28.17,-20.961,5.7809,0.48577,0.3746,0.6064,0.5059,-854482284,66
3,0,0,0,0,0,0,0,0,0,0,0,0,0,0,0
4,0,0,0,0,0,0,0,0,0,0,0,0,0,0,0
5,0.04492,0.9858,-0.05713,0.248,0.08202,0.08583,0.43132,0.48278,0.54377,0.53404,-0.001648,-0.01141,0.0003967,-853225806,68
6,0.07568,0.9756,-0.1323,-0.07057,0.4253,-0.2251,0.1742,0.25647,0.7058,0.63696,-0.005127,-0.01289,-0.00444,-853238835,52
7,0,0,0,0,0,0,0,0,0,0,0,0,0,0,0
8,-0.07275,0.9727,0.04297,-0.2613,0.02098,-0.1698,0.44613,0.39188,0.57387,0.56399,-0.002747,-0.02429,0.008759,-853256758,126
9,-0.394,0.8877,-0.03125,0.7076,-2.275,0.07439,0.56016,0.3583,0.62391,0.41059,0.01071,-0.02605,0.004044,-853948727,70
10,0.2261,0.9451,-0.28,-0.4196,-0.9003,-0.4101,0.00099076,0.19378,0.77691,0.59905,-0.004547,0.01389,0.002258,-853775533,68
11,0,0,0,0,0,0,0,0,0,0,0,0,0,0,0
12,0.2559,0.9341,-0.0249,0.08202,0.2232,0.03433,-5.1877,-32.756,22.485,0.032964,-0.1673,-0.6955,-0.698,-853614021,98
13,0.1821,0.9927,0.01855,1.802,-20.37,15.38,0.055212,-0.045948,-0.68117,-0.7286,0.03996,0.005173,-0.04924,602493643,98
14,0,0,0,0,0,0,0,0,0,0,0,0,0,0,0
15,-0.03174,0.02979,1.037,0.2232,0.2651,0.09918,-36.45,27.6,36.45,0.89412,0.0197,0.002569,-0.4474,-1439293609,108
16,0,0,0,0,0,0,0,0,0,0,0,0,0,0,0
17,0,0,0,0,0,0,0,0,0,0,0,0,0,0,0
18,0,0,0,0,0,0,0,0,0,0,0,0,0,0,0
1,0,0,0,0,0,0,0,0,0,0,0,0,0,0,0
2,-0.1948,0.958,-0.01025,-0.4501,-1.787,-0.37,29.07,-20.361,7.4308,0.48659,0.3753,0.6057,0.5055,-854427458,66
3,0,0,0,0,0,0,0,0,0,0,0,0,0,0,0
4,0,0,0,0,0,0,0,0,0,0,0,0,0,0,0
5,0.04639,0.978,-0.05615,0.1869,-0.1011,0.2079,0.43137,0.48273,0.54371,0.53411,-0.0001831,-0.01924,0.001144,-853145817,68
6,0.08105,0.9829,-0.1367,-0.2537,-0.3681,0.2022,0.17476,0.25707,0.70564,0.63675,0.0003204,-0.005554,-0.008682,-853158854,52
7,0,0,0,0,0,0,0,0,0,0,0,0,0,0,0
8,-0.05469,0.9771,0.03174,-0.01717,-0.2842,-0.2308,0.44645,0.39217,0.57357,0.56383,0.01523,-0.0199,-0.002686,-853187342,126
9,-0.3862,0.9048,-0.03369,-0.08583,-0.6275,0.1354,0.5605,0.35873,0.62349,0.41038,0.0183,-0.009079,0.001175,-853906802,70
10,0.2246,0.9436,-0.2825,0.3128,-0.5341,-0.1049,0.0010824,0.19364,0.77693,0.59907,-0.005707,0.01233,-0.0002289,-853695501,68
11,0,0,0,0,0,0,0,0,0,0,0,0,0,0,0
12,0.2715,0.936,-0.01025,1.242,0.6504,0.5836,-5.0377,-33.356,22.935,0.03293,-0.1675,-0.6957,-0.6977,-853514541,98
13,0.1821,0.9927,0.01855,1.802,-20.37,15.38,0.055212,-0.045948,-0.68117,-0.7286,0.03996,0.005173,-0.04924,602493643,98
14,0,0,0,0,0,0,0,0,0,0,0,0,0,0,0
15,-0.03174,0.02979,1.037,0.2232,0.2651,0.09918,-36.45,27.6,36.45,0.89412,0.0197,0.002569,-0.4474,-1439293609,108
16,0,0,0,0,0,0,0,0,0,0,0,0,0,0,0
17,0,0,0,0,0,0,0,0,0,0,0,0,0,0,0
18,0,0,0,0,0,0,0,0,0,0,0,0,0,0,0
1,0,0,0,0,0,0,0,0,0,0,0,0,0,0,0
2,-0.2163,0.9648,-0.0127,-0.9384,-0.3223,-0.1259,29.07,-20.061,7.1308,0.48893,0.3784,0.6024,0.5049,-853979477,66
3,0,0,0,0,0,0,0,0,0,0,0,0,0,0,0
4,0,0,0,0,0,0,0,0,0,0,0,0,0,0,0
5,0.03662,0.9771,-0.05127,0.1259,0.2651,0.0248,0.4314,0.4827,0.54368,0.53414,-0.009933,-0.02022,0.00592,-853075212,68
6,0.06885,0.981,-0.1274,-0.009537,0.1812,0.1411,0.17539,0.25777,0.70549,0.63646,-0.0118,-0.007477,0.000885,-853078866,52
7,0,0,0,0,0,0,0,0,0,0,0,0,0,0,0
8,-0.06738,0.9795,0.03906,0.288,0.02098,0.07439,0.44688,0.39254,0.57319,0.56361,0.002441,-0.01746,0.004349,-853107343,126
9,-0.3936,0.9067,-0.02588,0.03624,-0.0782,0.3796,0.56051,0.35874,0.62348,0.41037,0.01096,-0.007126,0.008972,-853898723,70
10,0.2358,0.9387,-0.2854,0.1907,0.7477,0.1392,0.00054163,0.19304,0.77702,0.59915,0.005371,0.007416,-0.003357,-853565498,68
11,0,0,0,0,0,0,0,0,0,0,0,0,0,0,0
12,0.2705,0.9375,-0.01367,0.5093,-0.02098,0.3395,-4.4377,-32.306,21.285,0.032826,-0.1678,-0.6958,-0.6976,-853412122,98
13,0.1821,0.9927,0.01855,1.802,-20.37,15.38,0.055212,-0.045948,-0.68117,-0.7286,0.03996,0.005173,-0.04924,602493643,98
14,0,0,0,0,0,0,0,0,0,0,0,0,0,0,0
15,-0.03174,0.02979,1.037,0.2232,0.2651,0.09918,-36.45,27.6,36.45,0.89412,0.0197,0.002569,-0.4474,-1439293609,108
16,0,0,0,0,0,0,0,0,0,0,0,0,0,0,0
17,0,0,0,0,0,0,0,0,0,0,0,0,0,0,0
18,0,0,0,0,0,0,0,0,0,0,0,0,0,0,0
1,0,0,0,0,0,0,0,0,0,0,0,0,0,0,0
2,-0.2026,0.9668,-0.01563,-0.6332,-1.482,0.05722,28.17,-23.511,7.2809,0.48987,0.3785,0.6016,0.5048,-853868320,66
3,0,0,0,0,0,0,0,0,0,0,0,0,0,0,0
4,0,0,0,0,0,0,0,0,0,0,0,0,0,0,0
5,0.04736,0.9814,-0.05127,0.309,0.02098,-0.2804,0.43128,0.48282,0.54367,0.53415,0.0005188,-0.01579,0.006104,-852995199,68
6,0.09033,0.9795,-0.1211,-0.3147,0.6695,-0.164,0.17528,0.25761,0.70561,0.63642,0.009796,-0.008926,0.007416,-853018966,52
7,0,0,0,0,0,0,0,0,0,0,0,0,0,0,0
8,-0.07275,0.9746,0.03418,0.1659,0.5703,-0.04768,0.44727,0.39304,0.57282,0.56333,-0.003174,-0.02235,-0.0005951,-853046754,126
9,-0.4092,0.9229,-0.03857,-0.0248,-1.726,0.5016,0.56071,0.35896,0.62327,0.41022,-0.00473,0.008957,-0.003922,-853836882,70
10,0.2363,0.9558,-0.2786,1.228,0.4425,0.9327,0,-0.19371,-0.77753,-0.59826,0.004501,0.0255,0.0056,-853445555,68
11,0,0,0,0,0,0,0,0,0,0,0,0,0,0,0
12,0.2783,0.9302,-0.01807,-0.2232,-1.059,-0.2098,-5.1877,-32.006,23.535,0.032215,-0.1682,-0.6957,-0.6976,-853324034,98
13,0.1821,0.9927,0.01855,1.802,-20.37,15.38,0.055212,-0.045948,-0.68117,-0.7286,0.03996,0.005173,-0.04924,602493643,98
14,0,0,0,0,0,0,0,0,0,0,0,0,0,0,0
15,-0.03174,0.02979,1.037,0.2232,0.2651,0.09918,-36.45,27.6,36.45,0.89412,0.0197,0.002569,-0.4474,-1439293609,108
16,0,0,0,0,0,0,0,0,0,0,0,0,0,0,0
17,0,0,0,0,0,0,0,0,0,0,0,0,0,0,0
18,0,0,0,0,0,0,0,0,0,0,0,0,0,0,0
1,0,0,0,0,0,0,0,0,0,0,0,0,0,0,0
2,-0.1953,0.9604,0.0004883,-0.5112,-2.214,0.2403,29.07,-21.861,5.3309,0.49023,0.3786,0.6012,0.5049,-853811419,66
3,0,0,0,0,0,0,0,0,0,0,0,0,0,0,0
4,0,0,0,0,0,0,0,0,0,0,0,0,0,0,0
5,0.03857,0.9795,-0.06445,-0.1087,-0.1087,-0.1278,0.4313,0.48279,0.54364,0.53418,-0.00827,-0.01776,-0.007172,-852935799,68
6,0.07031,0.9917,-0.1299,0.4787,0.1202,-0.2861,0.17444,0.2568,0.70605,0.63649,-0.01025,0.003326,-0.0009766,-852938939,52
7,0,0,0,0,0,0,0,0,0,0,0,0,0,0,0
8,-0.06201,0.98,0.04443,0.1659,0.4482,0.01335,0.44708,0.39296,0.57285,0.56351,0.007339,-0.017,0.009583,-852956856,126
9,-0.3906,0.9097,-0.03223,-0.7572,-0.3834,0.9899,0.5614,0.35984,0.62229,0.41001,0.013,-0.004639,0.001236,-853658775,70
10,0.2388,0.9524,-0.2952,0.7401,-2.121,0.6886,0.00040943,-0.19345,-0.77776,-0.59805,0.006744,0.02228,-0.0105,-853374887,68
11,0,0,0,0,0,0,0,0,0,0,0,0,0,0,0
12,0.2778,0.9429,-0.01514,0.08202,0.7114,0.2785,-4.4377,-32.306,22.785,0.032186,-0.1683,-0.6957,-0.6976,-853294020,98
13,0.1821,0.9927,0.01855,1.802,-20.37,15.38,0.055212,-0.045948,-0.68117,-0.7286,0.03996,0.005173,-0.04924,602493643,98
14,0,0,0,0,0,0,0,0,0,0,0,0,0,0,0
15,-0.03174,0.02979,1.037,0.2232,0.2651,0.09918,-36.45,27.6,36.45,0.89412,0.0197,0.002569,-0.4474,-1439293609,108
16,0,0,0,0,0,0,0,0,0,0,0,0,0,0,0
17,0,0,0,0,0,0,0,0,0,0,0,0,0,0,0
18,0,0,0,0,0,0,0,0,0,0,0,0,0,0,0
1,0,0,0,0,0,0,0,0,0,0,0,0,0,0,0
2,-0.2031,0.9707,-0.01611,0.1602,-2.153,0.6065,28.47,-21.261,5.7809,0.49133,0.38,0.6001,0.5041,-853686305,66
3,0,0,0,0,0,0,0,0,0,0,0,0,0,0,0
4,0,0,0,0,0,0,0,0,0,0,0,0,0,0,0
5,0.04004,0.9854,-0.0625,-0.2308,-0.1087,0.1163,0.43128,0.48281,0.54362,0.5342,-0.006897,-0.0119,-0.005234,-852855780,68
6,0.09326,0.9956,-0.1465,0.4787,-0.246,-0.3471,0.17431,0.25676,0.70615,0.63643,0.01263,0.007278,-0.01733,-852858959,52
7,0,0,0,0,0,0,0,0,0,0,0,0,0,0,0
8,-0.06055,0.979,0.03857,-0.03433,-0.05531,0.2232,0.44732,0.39331,0.57261,0.56332,0.008636,-0.01799,0.003738,-852886773,126
9,-0.4038,0.9077,-0.02441,-0.08583,-0.0782,0.3796,0.56133,0.3597,0.62233,0.41015,-0.0001984,-0.006607,0.008972,-853626955,70
10,0.2295,0.9504,-0.283,0.1907,0.5035,-0.1659,0.00053905,-0.1933,-0.77776,-0.5981,-0.002563,0.02031,0.001602,-853295037,68
11,0,0,0,0,0,0,0,0,0,0,0,0,0,0,0
12,0.2598,0.9438,-0.021,-0.1011,-0.5093,-0.1488,-5.0377,-32.156,22.635,0.032417,-0.1679,-0.6956,-0.6977,-853214054,98
13,0.1821,0.9927,0.01855,1.802,-20.37,15.38,0.055212,-0.045948,-0.68117,-0.7286,0.03996,0.005173,-0.04924,602493643,98
14,0,0,0,0,0,0,0,0,0,0,0,0,0,0,0
15,-0.03174,0.02979,1.037,0.2232,0.2651,0.09918,-36.45,27.6,36.45,0.89412,0.0197,0.002569,-0.4474,-1439293609,108
16,0,0,0,0,0,0,0,0,0,0,0,0,0,0,0
17,0,0,0,0,0,0,0,0,0,0,0,0,0,0,0
18,0,0,0,0,0,0,0,0,0,0,0,0,0,0,0
1,0,0,0,0,0,0,0,0,0,0,0,0,0,0,0
2,-0.1953,0.9683,-0.003418,0.09918,1.936,-0.7973,28.32,-21.561,5.9308,0.49196,0.3808,0.5989,0.5042,-853406350,66
3,0,0,0,0,0,0,0,0,0,0,0,0,0,0,0
4,0,0,0,0,0,0,0,0,0,0,0,0,0,0,0
5,0.04492,0.9761,-0.0625,-0.2308,0.01335,0.2384,0.4313,0.48279,0.54361,0.53421,-0.001984,-0.02118,-0.005295,-852815797,68
6,0.07324,0.9878,-0.1299,0.2346,0.1812,-0.2251,0.17418,0.25682,0.70625,0.63634,-0.007568,-0.0004883,-0.0003967,-852778922,52
7,0,0,0,0,0,0,0,0,0,0,0,0,0,0,0
8,-0.06494,0.9771,0.0249,-0.3395,-0.1774,0.2842,0.44723,0.3933,0.57262,0.56338,0.004105,-0.01994,-0.009933,-852836758,126
9,-0.3809,0.9033,-0.03125,0.8297,1.753,-1.024,0.56114,0.35951,0.6225,0.41031,0.02275,-0.01099,0.002274,-853538625,70
10,0.2314,0.95,-0.2898,-0.4807,-1.083,0.1392,0.00056271,-0.19309,-0.77783,-0.59808,-0.0003967,0.01978,-0.005173,-853245005,68
11,0,0,0,0,0,0,0,0,0,0,0,0,0,0,0
12,0.2588,0.9424,-0.02002,-0.1011,-1.242,0.2174,-4.7377,-31.406,21.885,0.032137,-0.1679,-0.6956,-0.6978,-853153914,98
13,0.1821,0.9927,0.01855,1.802,-20.37,15.38,0.055212,-0.045948,-0.68117,-0.7286,0.03996,0.005173,-0.04924,602493643,98
14,0,0,0,0,0,0,0,0,0,0,0,0,0,0,0
15,-0.03174,0.02979,1.037,0.2232,0.2651,0.09918,-36.45,27.6,36.45,0.89412,0.0197,0.002569,-0.4474,-1439293609,108
16,0,0,0,0,0,0,0,0,0,0,0,0,0,0,0
17,0,0,0,0,0,0,0,0,0,0,0,0,0,0,0
18,0,0,0,0,0,0,0,0,0,0,0,0,0,0,0
1,0,0,0,0,0,0,0,0,0,0,0,0,0,0,0
2,-0.1968,0.9541,-0.004883,0.4654,2.79,-1.347,29.07,-21.561,6.3808,0.4918,0.3805,0.5992,0.5043,-853391205,66
3,0,0,0,0,0,0,0,0,0,0,0,0,0,0,0
4,0,0,0,0,0,0,0,0,0,0,0,0,0,0,0
5,0.05176,0.9829,-0.05664,0.07439,0.01335,0.2384,0.43131,0.48278,0.54355,0.53427,0.004761,-0.01434,0.0004272,-852725806,68
6,0.07227,0.9961,-0.1406,0.0515,-0.5512,0.08011,0.17422,0.25685,0.70637,0.63617,-0.008408,0.007858,-0.01076,-852719415,52
7,0,0,0,0,0,0,0,0,0,0,0,0,0,0,0
8,-0.06396,0.9727,0.03369,-0.2174,0.2499,-0.08202,0.44699,0.39307,0.5727,0.56365,0.004929,-0.02435,-0.001312,-852736779,126
9,-0.3945,0.9097,-0.03711,0.8907,1.448,-0.8411,0.5606,0.35889,0.62321,0.41053,0.009552,-0.00441,-0.002716,-853498737,70
10,0.2271,0.9529,-0.2751,0.007629,-1.022,0.4444,0.00056683,-0.19287,-0.77785,-0.59812,-0.004547,0.02261,0.009369,-853134939,68
11,0,0,0,0,0,0,0,0,0,0,0,0,0,0,0
12,0.2837,0.9341,-0.02148,0.2651,1.688,-0.8812,-4.2877,-30.956,21.885,0.032011,-0.168,-0.6956,-0.6977,-853054505,98
13,0.1821,0.9927,0.01855,1.802,-20.37,15.38,0.055212,-0.045948,-0.68117,-0.7286,0.03996,0.005173,-0.04924,602493643,98
14,0,0,0,0,0,0,0,0,0,0,0,0,0,0,0
15,-0.03174,0.02979,1.037,0.2232,0.2651,0.09918,-36.45,27.6,36.45,0.89412,0.0197,0.002569,-0.4474,-1439293609,108
16,0,0,0,0,0,0,0,0,0,0,0,0,0,0,0
17,0,0,0,0,0,0,0,0,0,0,0,0,0,0,0
18,0,0,0,0,0,0,0,0,0,0,0,0,0,0,0
1,0,0,0,0,0,0,0,0,0,0,0,0,0,0,0
2,-0.2085,0.98,-0.01563,0.9537,-0.2003,-0.5531,27.27,-21.861,5.3309,0.49129,0.3798,0.6,0.5044,-853336273,66
3,0,0,0,0,0,0,0,0,0,0,0,0,0,0,0
4,0,0,0,0,0,0,0,0,0,0,0,0,0,0,0
5,0.04346,0.9912,-0.06055,0.1965,0.07439,-0.005722,0.43124,0.48284,0.54344,0.53438,-0.003876,-0.006042,-0.003601,-852623409,68
6,0.07324,0.9785,-0.125,0.0515,-0.06294,-0.2251,0.17372,0.2564,0.70664,0.6362,-0.007477,-0.009674,0.005157,-852639429,52
7,0,0,0,0,0,0,0,0,0,0,0,0,0,0,0
8,-0.05762,0.9717,0.04004,0.1488,-0.1163,0.1011,0.44696,0.39311,0.57263,0.56372,0.01108,-0.02533,0.004929,-852687353,126
9,-0.3916,0.9126,-0.03711,0.2804,-0.1392,0.01335,0.56093,0.35978,0.62301,0.4096,0.01262,-0.001389,-0.001938,-853346859,70
10,0.2397,0.9543,-0.2815,-0.5417,-1.45,0.5054,0.00058463,-0.19273,-0.77785,-0.59817,0.00827,0.024,0.002899,-853085025,68
11,0,0,0,0,0,0,0,0,0,0,0,0,0,0,0
12,0.2612,0.936,-0.03125,0.02098,-2.584,0.1564,-4.1377,-31.556,23.835,0.031943,-0.1676,-0.6958,-0.6977,-852992180,98
13,0.1821,0.9927,0.01855,1.802,-20.37,15.38,0.055212,-0.045948,-0.68117,-0.7286,0.03996,0.005173,-0.04924,602493643,98
14,0,0,0,0,0,0,0,0,0,0,0,0,0,0,0
15,-0.03174,0.02979,1.037,0.2232,0.2651,0.09918,-36.45,27.6,36.45,0.89412,0.0197,0.002569,-0.4474,-1439293609,108
16,0,0,0,0,0,0,0,0,0,0,0,0,0,0,0
17,0,0,0,0,0,0,0,0,0,0,0,0,0,0,0
18,0,0,0,0,0,0,0,0,0,0,0,0,0,0,0
1,0,0,0,0,0,0,0,0,0,0,0,0,0,0,0
2,-0.1968,0.9668,-0.0127,1.381,-1.116,-0.1869,27.12,-22.461,6.2309,0.49137,0.3799,0.6,0.5042,-853278008,66
3,0,0,0,0,0,0,0,0,0,0,0,0,0,0,0
4,0,0,0,0,0,0,0,0,0,0,0,0,0,0,0
5,0.0459,0.9927,-0.04834,0.1965,0.07439,0.1163,0.43127,0.4828,0.54339,0.53445,-0.001465,-0.004578,0.008408,-852553465,68
6,0.08301,0.9834,-0.1382,0.1736,-0.185,0.2022,0.1743,0.25716,0.70651,0.63587,0.002258,-0.00473,-0.007599,-852568970,52
7,0,0,0,0,0,0,0,0,0,0,0,0,0,0,0
8,-0.0625,0.9741,0.02441,0.2098,-0.05531,-0.02098,0.44683,0.39307,0.57266,0.56383,0.006027,-0.0229,-0.0107,-852596777,126
9,-0.3989,0.9077,-0.03125,0.4635,0.1049,0.1965,0.56093,0.35982,0.62299,0.4096,0.005234,-0.006287,0.003922,-853339215,70
10,0.2319,0.949,-0.283,-0.4807,0.3815,-0.6542,0.00016148,0.19378,0.77756,0.5982,0.0003662,0.01865,0.001358,-853014795,68
11,0,0,0,0,0,0,0,0,0,0,0,0,0,0,0
12,0.2783,0.9419,-0.02051,0.8144,-0.8755,0.2174,-5.0377,-32.906,22.185,0.031619,-0.1681,-0.6959,-0.6975,-852954029,98
13,0.1821,0.9927,0.01855,1.802,-20.37,15.38,0.055212,-0.045948,-0.68117,-0.7286,0.03996,0.005173,-0.04924,602493643,98
14,0,0,0,0,0,0,0,0,0,0,0,0,0,0,0
15,-0.03174,0.02979,1.037,0.2232,0.2651,0.09918,-36.45,27.6,36.45,0.89412,0.0197,0.002569,-0.4474,-1439293609,108
16,0,0,0,0,0,0,0,0,0,0,0,0,0,0,0
17,0,0,0,0,0,0,0,0,0,0,0,0,0,0,0
18,0,0,0,0,0,0,0,0,0,0,0,0,0,0,0
1,0,0,0,0,0,0,0,0,0,0,0,0,0,0,0
2,-0.1978,0.9658,0.004395,0.03815,0.227,-0.4311,29.07,-21.861,5.9308,0.49138,0.3802,0.5999,0.5042,-853223358,66
3,0,0,0,0,0,0,0,0,0,0,0,0,0,0,0
4,0,0,0,0,0,0,0,0,0,0,0,0,0,0,0
5,0.04199,0.9971,-0.05273,-0.1087,0.07439,-0.1278,0.43121,0.48287,0.54337,0.53446,-0.005539,-0.0001678,0.004105,-852495216,68
6,0.07715,0.978,-0.1274,-0.07057,0.4253,0.08011,0.17403,0.257,0.70674,0.63576,-0.003632,-0.01004,0.003616,-852437714,52
7,0,0,0,0,0,0,0,0,0,0,0,0,0,0,0
8,-0.04785,0.9761,0.0415,0.0267,-0.05531,-0.2041,0.44687,0.39312,0.57255,0.56388,0.02052,-0.02095,0.00621,-852557348,126
9,-0.3989,0.9077,-0.03125,0.4635,0.1049,0.1965,0.56093,0.35982,0.62299,0.4096,0.005234,-0.006287,0.003922,-853339215,70
10,0.2271,0.9524,-0.2849,0.4959,0.3204,-0.04387,0.0002498,0.19378,0.77754,0.59823,-0.004395,0.022,-0.0006561,-852975548,68
11,0,0,0,0,0,0,0,0,0,0,0,0,0,0,0
12,0.2817,0.9531,-0.02344,0.2651,0.1621,-0.2708,-5.0377,-30.956,20.385,0.031644,-0.1681,-0.6959,-0.6975,-852934531,98
13,0.1821,0.9927,0.01855,1.802,-20.37,15.38,0.055212,-0.045948,-0.68117,-0.7286,0.03996,0.005173,-0.04924,602493643,98
14,0,0,0,0,0,0,0,0,0,0,0,0,0,0,0
15,-0.03174,0.02979,1.037,0.2232,0.2651,0.09918,-36.45,27.6,36.45,0.89412,0.0197,0.002569,-0.4474,-1439293609,108
16,0,0,0,0,0,0,0,0,0,0,0,0,0,0,0
17,0,0,0,0,0,0,0,0,0,0,0,0,0,0,0
18,0,0,0,0,0,0,0,0,0,0,0,0,0,0,0
1,0,0,0,0,0,0,0,0,0,0,0,0,0,0,0
2,-0.1938,0.9653,-0.01123,0.5875,0.349,-0.1869,29.37,-22.311,5.6308,0.49133,0.3801,0.5999,0.5042,-853196299,66
3,0,0,0,0,0,0,0,0,0,0,0,0,0,0,0
4,0,0,0,0,0,0,0,0,0,0,0,0,0,0,0
5,0.04785,0.9814,-0.06055,0.1354,0.01335,-0.1278,0.43121,0.48286,0.5433,0.53454,0.0001984,-0.01581,-0.003891,-852390487,68
6,0.08105,0.98,-0.1475,0.1125,-0.4292,-0.164,0.17447,0.25754,0.70675,0.63541,0.0003967,-0.008026,-0.01581,-852319851,52
7,0,0,0,0,0,0,0,0,0,0,0,0,0,0,0
8,-0.06982,0.9805,0.03662,0.08774,0.3109,0.1011,0.44678,0.39304,0.57251,0.56404,-0.001617,-0.01656,0.001114,-852494522,126
9,-0.4092,0.8994,-0.02881,0.5856,1.02,0.2575,0.56095,0.35977,0.623,0.4096,-0.004959,-0.01457,0.006332,-853318740,70
10,0.2485,0.9558,-0.2937,1.106,-2.487,0.3834,0.00059176,0.19414,0.77774,0.59785,0.01733,0.02565,-0.008545,-852925058,68
11,0,0,0,0,0,0,0,0,0,0,0,0,0,0,0
12,0.269,0.9365,-0.02002,0.6924,0.8335,0.4005,-4.8877,-32.756,22.035,0.031789,-0.1681,-0.6959,-0.6975,-852904034,98
13,0.1821,0.9927,0.01855,1.802,-20.37,15.38,0.055212,-0.045948,-0.68117,-0.7286,0.03996,0.005173,-0.04924,602493643,98
14,0,0,0,0,0,0,0,0,0,0,0,0,0,0,0
15,-0.03174,0.02979,1.037,0.2232,0.2651,0.09918,-36.45,27.6,36.45,0.89412,0.0197,0.002569,-0.4474,-1439293609,108
16,0,0,0,0,0,0,0,0,0,0,0,0,0,0,0
17,0,0,0,0,0,0,0,0,0,0,0,0,0,0,0
18,0,0,0,0,0,0,0,0,0,0,0,0,0,0,0
1,0,0,0,0,0,0,0,0,0,0,0,0,0,0,0
2,-0.1938,0.9653,-0.01123,0.5875,0.349,-0.1869,29.37,-22.311,5.6308,0.49133,0.3801,0.5999,0.5042,-853196299,66
3,0,0,0,0,0,0,0,0,0,0,0,0,0,0,0
4,0,0,0,0,0,0,0,0,0,0,0,0,0,0,0
5,0.04834,0.9814,-0.04834,0.3796,-0.1698,0.1774,0.43121,0.48286,0.54328,0.53456,0.0006409,-0.01581,0.00827,-852370327,68
6,0.08398,0.9839,-0.1382,-0.009537,-0.3071,-0.04196,0.17412,0.25723,0.70689,0.63547,0.003235,-0.004105,-0.006454,-852280448,52
7,0,0,0,0,0,0,0,0,0,0,0,0,0,0,0
8,-0.06738,0.9805,0.04736,0.2098,-0.05531,0.1621,0.44653,0.39282,0.57255,0.56435,0.0005646,-0.01657,0.01161,-852433323,126
9,-0.395,0.9063,-0.04102,0.2804,0.1049,0.1965,0.56068,0.35938,0.62318,0.41003,0.009079,-0.007782,-0.005981,-853276644,70
10,0.2319,0.9402,-0.2791,1.228,0.5035,-0.1049,0.00083464,0.19461,0.77769,0.59776,0.0005798,0.01012,0.006317,-852884919,68
11,0,0,0,0,0,0,0,0,0,0,0,0,0,0,0
12,0.2788,0.9478,-0.01904,0.5093,-0.7534,-0.08774,-5.6377,-31.556,24.285,0.031793,-0.1678,-0.696,-0.6974,-852844497,98
13,0.1821,0.9927,0.01855,1.802,-20.37,15.38,0.055212,-0.045948,-0.68117,-0.7286,0.03996,0.005173,-0.04924,602493643,98
14,0,0,0,0,0,0,0,0,0,0,0,0,0,0,0
15,-0.03174,0.02979,1.037,0.2232,0.2651,0.09918,-36.45,27.6,36.45,0.89412,0.0197,0.002569,-0.4474,-1439293609,108
16,0,0,0,0,0,0,0,0,0,0,0,0,0,0,0
17,0,0,0,0,0,0,0,0,0,0,0,0,0,0,0
18,0,0,0,0,0,0,0,0,0,0,0,0,0,0,0
1,0,0,0,0,0,0,0,0,0,0,0,0,0,0,0
2,-0.1953,0.9702,-0.002441,0.8316,-0.01717,-0.06485,28.17,-22.011,6.2309,0.49135,0.3801,0.5999,0.5042,-853181345,66
3,0,0,0,0,0,0,0,0,0,0,0,0,0,0,0
4,0,0,0,0,0,0,0,0,0,0,0,0,0,0,0
5,0.03369,0.9849,-0.05908,0.3796,-0.04768,0.1163,0.43121,0.48286,0.5433,0.53454,-0.01396,-0.01239,-0.002426,-852310497,68
6,0.0835,0.9805,-0.1484,0.7229,0.4864,-0.2861,0.17442,0.25772,0.70689,0.63519,0.002701,-0.007446,-0.01622,-852179973,52
7,0,0,0,0,0,0,0,0,0,0,0,0,0,0,0
8,-0.05518,0.9814,0.03125,0.2098,-0.05531,-0.3262,0.44675,0.39312,0.57224,0.56428,0.01248,-0.01561,-0.004745,-852353322,126
9,-0.4033,0.9268,-0.03516,0.2193,0.1659,0.2575,0.5607,0.35934,0.62321,0.41,0.0009003,0.01277,-0.0001221,-853238744,70
10,0.2285,0.9529,-0.2893,1.228,0.8087,-0.1659,0.00091857,0.19466,0.77772,0.59771,-0.002747,0.02283,-0.003815,-852864908,68
11,0,0,0,0,0,0,0,0,0,0,0,0,0,0,0
12,0.2817,0.9575,-0.03125,-0.2232,-0.8755,0.4005,-3.9877,-32.156,22.635,0.031658,-0.1682,-0.6959,-0.6974,-852753925,98
13,0.1821,0.9927,0.01855,1.802,-20.37,15.38,0.055212,-0.045948,-0.68117,-0.7286,0.03996,0.005173,-0.04924,602493643,98
14,0,0,0,0,0,0,0,0,0,0,0,0,0,0,0
15,-0.03174,0.02979,1.037,0.2232,0.2651,0.09918,-36.45,27.6,36.45,0.89412,0.0197,0.002569,-0.4474,-1439293609,108
16,0,0,0,0,0,0,0,0,0,0,0,0,0,0,0
17,0,0,0,0,0,0,0,0,0,0,0,0,0,0,0
18,0,0,0,0,0,0,0,0,0,0,0,0,0,0,0
1,0,0,0,0,0,0,0,0,0,0,0,0,0,0,0
2,-0.1943,0.979,-0.005371,-0.08392,0.8373,-0.06485,29.37,-21.111,5.6308,0.49104,0.3798,0.6001,0.5046,-853111494,66
3,0,0,0,0,0,0,0,0,0,0,0,0,0,0,0
4,0,0,0,0,0,0,0,0,0,0,0,0,0,0,0
5,0.05859,0.9868,-0.06104,-0.1698,0.01335,-0.06676,0.4312,0.48286,0.54321,0.53463,0.01077,-0.01044,-0.004562,-852178646,68
6,0.07861,0.9824,-0.126,-0.1926,0.5474,-0.04196,0.17522,0.25858,0.70673,0.6348,-0.001999,-0.005447,0.006699,-852080459,52
7,0,0,0,0,0,0,0,0,0,0,0,0,0,0,0
8,-0.06201,0.9746,0.04688,0.08774,-0.2995,-0.02098,0.44673,0.39307,0.57224,0.56433,0.00563,-0.02245,0.01082,-852293901,126
9,-0.3936,0.9087,-0.03271,0.4635,0.5932,0.2575,0.56066,0.35922,0.62325,0.41009,0.0107,-0.00528,0.002258,-853219114,70
10,0.2515,0.9514,-0.2869,0.4959,-1.938,0.6275,0.00091654,0.1946,0.77799,0.59737,0.0204,0.02156,-0.0005646,-852784916,68
11,0,0,0,0,0,0,0,0,0,0,0,0,0,0,0
12,0.2612,0.9414,-0.0249,0.2041,-0.02098,-0.0267,-4.4377,-32.306,22.785,0.0317,-0.1682,-0.6959,-0.6974,-852652198,98
13,0.1821,0.9927,0.01855,1.802,-20.37,15.38,0.055212,-0.045948,-0.68117,-0.7286,0.03996,0.005173,-0.04924,602493643,98
14,0,0,0,0,0,0,0,0,0,0,0,0,0,0,0
15,-0.03174,0.02979,1.037,0.2232,0.2651,0.09918,-36.45,27.6,36.45,0.89412,0.0197,0.002569,-0.4474,-1439293609,108
16,0,0,0,0,0,0,0,0,0,0,0,0,0,0,0
17,0,0,0,0,0,0,0,0,0,0,0,0,0,0,0
18,0,0,0,0,0,0,0,0,0,0,0,0,0,0,0
1,0,0,0,0,0,0,0,0,0,0,0,0,0,0,0
2,-0.2041,0.9604,-0.004883,0.3433,-0.3223,0.3624,27.42,-20.961,5.1808,0.4912,0.3799,0.6,0.5044,-853067932,66
3,0,0,0,0,0,0,0,0,0,0,0,0,0,0,0
4,0,0,0,0,0,0,0,0,0,0,0,0,0,0,0
5,0.03516,0.9941,-0.04932,0.01335,0.07439,0.1774,0.43127,0.4828,0.54323,0.53461,-0.0125,-0.003128,0.007095,-852108534,68
6,0.09375,0.9785,-0.1294,-0.1926,-0.6123,-0.04196,0.17394,0.25714,0.70732,0.63507,0.01323,-0.009338,0.003464,-852000441,52
7,0,0,0,0,0,0,0,0,0,0,0,0,0,0,0
8,-0.06152,0.9731,0.05078,0.08774,0.1888,-0.2651,0.44654,0.39282,0.57233,0.56457,0.006073,-0.0239,0.01453,-852203402,126
9,-0.4102,0.916,-0.04541,0.03624,-0.3834,0.1965,0.56116,0.35983,0.62283,0.40952,-0.005859,0.00206,-0.01062,-853098498,70
10,0.2168,0.9504,-0.2717,-0.6638,-1.755,0.2003,0.0014223,0.19498,0.77788,0.59739,-0.01395,0.02049,0.01451,-852674950,68
11,0,0,0,0,0,0,0,0,0,0,0,0,0,0,0
12,0.2671,0.9292,-0.02344,0.4482,-0.9975,0.09537,-4.2877,-30.956,21.885,0.032293,-0.1676,-0.696,-0.6974,-852603927,98
13,0.1821,0.9927,0.01855,1.802,-20.37,15.38,0.055212,-0.045948,-0.68117,-0.7286,0.03996,0.005173,-0.04924,602493643,98
14,0,0,0,0,0,0,0,0,0,0,0,0,0,0,0
15,-0.03174,0.02979,1.037,0.2232,0.2651,0.09918,-36.45,27.6,36.45,0.89412,0.0197,0.002569,-0.4474,-1439293609,108
16,0,0,0,0,0,0,0,0,0,0,0,0,0,0,0
17,0,0,0,0,0,0,0,0,0,0,0,0,0,0,0
18,0,0,0,0,0,0,0,0,0,0,0,0,0,0,0
1,0,0,0,0,0,0,0,0,0,0,0,0,0,0,0
2,-0.2129,0.9648,-0.01074,-0.02289,0.5932,-0.06485,29.67,-22.461,6.5309,0.49114,0.3797,0.6,0.5046,-852999332,66
3,0,0,0,0,0,0,0,0,0,0,0,0,0,0,0
4,0,0,0,0,0,0,0,0,0,0,0,0,0,0,0
5,0.05518,0.9912,-0.06006,-0.1698,-0.1087,0.2384,0.4312,0.48286,0.54317,0.53467,0.007278,-0.006042,-0.003662,-852038656,68
6,0.0752,0.9888,-0.1367,-1.413,-0.124,0.3242,0.17284,0.25592,0.70788,0.63525,-0.005249,0.0009613,-0.00354,-851929906,52
7,0,0,0,0,0,0,0,0,0,0,0,0,0,0,0
8,-0.07568,0.9751,0.03271,0.3319,0.2499,-0.02098,0.44678,0.39316,0.57207,0.5644,-0.008301,-0.02196,-0.003601,-852153419,126
9,-0.3999,0.9033,-0.021,0.2804,-0.3834,-0.8411,0.56141,0.36009,0.62265,0.40922,0.004517,-0.01059,0.01373,-852969127,70
10,0.2437,0.9446,-0.2913,0.1907,0.5646,-0.227,0.0020752,0.19585,0.77761,0.59747,0.01285,0.01459,-0.005188,-852614935,68
11,0,0,0,0,0,0,0,0,0,0,0,0,0,0,0
12,0.271,0.9502,-0.01709,0.5093,0.2842,-0.1488,-4.4377,-31.556,22.785,0.031484,-0.1684,-0.6961,-0.6972,-852335940,98
13,0.1821,0.9927,0.01855,1.802,-20.37,15.38,0.055212,-0.045948,-0.68117,-0.7286,0.03996,0.005173,-0.04924,602493643,98
14,0,0,0,0,0,0,0,0,0,0,0,0,0,0,0
15,-0.03174,0.02979,1.037,0.2232,0.2651,0.09918,-36.45,27.6,36.45,0.89412,0.0197,0.002569,-0.4474,-1439293609,108
16,0,0,0,0,0,0,0,0,0,0,0,0,0,0,0
17,0,0,0,0,0,0,0,0,0,0,0,0,0,0,0
18,0,0,0,0,0,0,0,0,0,0,0,0,0,0,0
1,0,0,0,0,0,0,0,0,0,0,0,0,0,0,0
2,-0.1973,0.9785,-0.01953,-0.02289,0.04387,-0.1869,28.17,-20.961,6.5309,0.491,0.3795,0.6002,0.5046,-852943372,66
3,0,0,0,0,0,0,0,0,0,0,0,0,0,0,0
4,0,0,0,0,0,0,0,0,0,0,0,0,0,0,0
5,0.04883,0.9819,-0.04834,-0.1087,0.07439,-0.2499,0.43117,0.4829,0.54319,0.53465,0.000885,-0.0153,0.008148,-851910504,68
6,0.07813,0.9829,-0.1392,-0.742,0.1202,0.1411,0.17213,0.25487,0.70815,0.63556,-0.002045,-0.004959,-0.006287,-851848115,52
7,0,0,0,0,0,0,0,0,0,0,0,0,0,0,0
8,-0.06055,0.9771,0.04541,0.08774,0.3109,-0.1431,0.44663,0.393,0.57218,0.56452,0.006851,-0.02,0.009109,-852121647,126
9,-0.4038,0.9092,-0.02686,0.8297,-0.8106,0.1354,0.56184,0.36081,0.62232,0.40849,0.0007172,-0.004669,0.008087,-852839224,70
10,0.2329,0.9407,-0.2971,-0.1755,0.2594,0.01717,0.0020777,0.1958,0.77759,0.5975,0.002167,0.01065,-0.01114,-852594886,68
11,0,0,0,0,0,0,0,0,0,0,0,0,0,0,0
12,0.2881,0.9502,-0.02588,0.5093,-0.2041,0.03433,-4.7377,-32.456,24.135,0.031781,-0.168,-0.6963,-0.6971,-852265884,98
13,0.1821,0.9927,0.01855,1.802,-20.37,15.38,0.055212,-0.045948,-0.68117,-0.7286,0.03996,0.005173,-0.04924,602493643,98
14,0,0,0,0,0,0,0,0,0,0,0,0,0,0,0
15,-0.03174,0.02979,1.037,0.2232,0.2651,0.09918,-36.45,27.6,36.45,0.89412,0.0197,0.002569,-0.4474,-1439293609,108
16,0,0,0,0,0,0,0,0,0,0,0,0,0,0,0
17,0,0,0,0,0,0,0,0,0,0,0,0,0,0,0
18,0,0,0,0,0,0,0,0,0,0,0,0,0,0,0
1,0,0,0,0,0,0,0,0,0,0,0,0,0,0,0
2,-0.2153,0.979,-0.005859,0.3433,-0.8106,0.1793,29.67,-22.011,5.1808,0.49127,0.3798,0.6,0.5044,-852901438,66
3,0,0,0,0,0,0,0,0,0,0,0,0,0,0,0
4,0,0,0,0,0,0,0,0,0,0,0,0,0,0,0
5,0.04639,0.9761,-0.05859,0.4406,-0.1698,-0.2499,0.43117,0.48289,0.54319,0.53465,-0.001541,-0.02116,-0.00209,-851800969,68
6,0.08545,0.9858,-0.1499,-1.047,1.219,-0.103,0.17286,0.25585,0.70786,0.63529,0.005112,-0.001999,-0.01683,-851779969,52
7,0,0,0,0,0,0,0,0,0,0,0,0,0,0,0
8,-0.06006,0.9736,0.03467,-0.03433,-0.3605,0.1011,0.44664,0.39303,0.5721,0.56457,0.007202,-0.02342,-0.001785,-852033261,126
9,-0.4141,0.9102,-0.04443,0.2193,0.349,0.07439,0.56211,0.36111,0.62206,0.40825,-0.009567,-0.003723,-0.009705,-852728638,70
10,0.2339,0.9436,-0.2883,0.3738,-0.7172,-0.04387,0.0023729,0.19606,0.77759,0.59742,0.003326,0.0136,-0.002151,-852515487,68
11,0,0,0,0,0,0,0,0,0,0,0,0,0,0,0
12,0.2759,0.9351,-0.02734,0.2041,-0.7534,0.3395,-5.045,-32.448,23.384,0.031409,-0.1684,-0.6962,-0.6971,-852205933,98
13,0.1821,0.9927,0.01855,1.802,-20.37,15.38,0.055212,-0.045948,-0.68117,-0.7286,0.03996,0.005173,-0.04924,602493643,98
14,0,0,0,0,0,0,0,0,0,0,0,0,0,0,0
15,-0.03174,0.02979,1.037,0.2232,0.2651,0.09918,-36.45,27.6,36.45,0.89412,0.0197,0.002569,-0.4474,-1439293609,108
16,0,0,0,0,0,0,0,0,0,0,0,0,0,0,0
17,0,0,0,0,0,0,0,0,0,0,0,0,0,0,0
18,0,0,0,0,0,0,0,0,0,0,0,0,0,0,0
1,0,0,0,0,0,0,0,0,0,0,0,0,0,0,0
2,-0.2119,0.9678,-0.009277,-0.08392,-0.0782,-0.4311,29.82,-20.811,6.3808,0.49152,0.3803,0.5998,0.504,-852748424,66
3,0,0,0,0,0,0,0,0,0,0,0,0,0,0,0
4,0,0,0,0,0,0,0,0,0,0,0,0,0,0,0
5,0.04102,0.9854,-0.06641,0.3185,0.4406,-0.06676,0.43122,0.48285,0.5432,0.53464,-0.006805,-0.0119,-0.009979,-851720941,68
6,0.07324,0.9897,-0.1245,-0.864,0.3643,0.3853,0.17307,0.2561,0.70784,0.63515,-0.007065,0.001938,0.008759,-851710463,52
7,0,0,0,0,0,0,0,0,0,0,0,0,0,0,0
8,-0.06738,0.9766,0.04883,0.1488,0.005722,0.2232,0.44653,0.39285,0.57219,0.56469,-6.104e-05,-0.02049,0.01231,-851981555,126
9,-0.4102,0.9063,-0.0293,-0.0248,-0.6275,0.01335,0.56212,0.36079,0.62211,0.40845,-0.005478,-0.007568,0.005081,-852669292,70
10,0.2388,0.9534,-0.2844,1.045,-1.022,0.5054,0.0024954,0.1964,0.77776,0.59708,0.008118,0.02362,0.002563,-852334965,68
11,0,0,0,0,0,0,0,0,0,0,0,0,0,0,0
12,0.2744,0.9468,-0.01855,0.2041,0.9556,0.5836,-4.145,-31.998,22.034,0.031024,-0.1689,-0.6961,-0.6971,-852086516,98
13,0.1821,0.9927,0.01855,1.802,-20.37,15.38,0.055212,-0.045948,-0.68117,-0.7286,0.03996,0.005173,-0.04924,602493643,98
14,0,0,0,0,0,0,0,0,0,0,0,0,0,0,0
15,-0.03174,0.02979,1.037,0.2232,0.2651,0.09918,-36.45,27.6,36.45,0.89412,0.0197,0.002569,-0.4474,-1439293609,108
16,0,0,0,0,0,0,0,0,0,0,0,0,0,0,0
17,0,0,0,0,0,0,0,0,0,0,0,0,0,0,0
18,0,0,0,0,0,0,0,0,0,0,0,0,0,0,0
1,0,0,0,0,0,0,0,0,0,0,0,0,0,0,0
2,-0.2007,0.96,-0.004395,-0.02289,0.227,-0.1259,28.32,-21.561,5.6308,0.49206,0.3812,0.5993,0.5034,-852663495,66
3,0,0,0,0,0,0,0,0,0,0,0,0,0,0,0
4,0,0,0,0,0,0,0,0,0,0,0,0,0,0,0
5,0.04785,0.9873,-0.06201,-0.04768,0.2575,0.1163,0.43119,0.48287,0.54322,0.53462,1.526e-05,-0.009949,-0.005493,-851640380,68
6,0.06348,0.9897,-0.1235,-0.3853,1.072,-0.1087,0.1739,0.25694,0.70753,0.63493,-0.01672,0.001923,0.009705,-851630447,52
7,0,0,0,0,0,0,0,0,0,0,0,0,0,0,0
8,-0.05811,0.9805,0.04297,0.2098,-0.05531,-0.02098,0.4462,0.39262,0.57227,0.56503,0.008911,-0.0166,0.006271,-851873891,126
9,-0.4033,0.9136,-0.0332,0.1583,-0.9327,-0.4139,0.56239,0.36078,0.62211,0.40809,0.001968,3.052e-05,0.00116,-852365791,70
10,0.2446,0.9397,-0.2976,-0.05341,0.9308,-0.1049,0.0021194,0.19643,0.77774,0.5971,0.01337,0.0101,-0.01067,-852124879,68
11,0,0,0,0,0,0,0,0,0,0,0,0,0,0,0
12,0.2769,0.9448,-0.02979,0.2651,0.1011,0.4005,-4.4372,-31.552,24.287,0.031098,-0.1688,-0.6962,-0.6971,-852046518,98
13,0.1821,0.9927,0.01855,1.802,-20.37,15.38,0.055212,-0.045948,-0.68117,-0.7286,0.03996,0.005173,-0.04924,602493643,98
14,0,0,0,0,0,0,0,0,0,0,0,0,0,0,0
15,-0.03174,0.02979,1.037,0.2232,0.2651,0.09918,-36.45,27.6,36.45,0.89412,0.0197,0.002569,-0.4474,-1439293609,108
16,0,0,0,0,0,0,0,0,0,0,0,0,0,0,0
17,0,0,0,0,0,0,0,0,0,0,0,0,0,0,0
18,0,0,0,0,0,0,0,0,0,0,0,0,0,0,0
1,0,0,0,0,0,0,0,0,0,0,0,0,0,0,0
2,-0.2007,0.96,-0.004395,-0.02289,0.227,-0.1259,28.32,-21.561,5.6308,0.49206,0.3812,0.5993,0.5034,-852663495,66
3,0,0,0,0,0,0,0,0,0,0,0,0,0,0,0
4,0,0,0,0,0,0,0,0,0,0,0,0,0,0,0
5,0.04688,0.9893,-0.05615,-0.04768,0.3796,0.05531,0.4312,0.48287,0.54327,0.53457,-0.0008545,-0.007996,0.0004578,-851550997,68
6,0.0874,0.9878,-0.1338,-0.08011,0.3395,-0.1087,0.17405,0.25708,0.70754,0.63482,0.007294,-1.526e-05,-0.0003662,-851559889,52
7,0,0,0,0,0,0,0,0,0,0,0,0,0,0,0
8,-0.06348,0.9746,0.03955,0.515,0.3109,-0.6313,0.4462,0.39274,0.57218,0.56504,0.003311,-0.02248,0.002838,-851803327,126
9,-0.3931,0.9077,-0.04199,0.7687,-0.0782,0.3185,0.5623,0.36066,0.62218,0.40821,0.01219,-0.005829,-0.007629,-852255730,70
10,0.2461,0.9436,-0.2898,0.2518,-0.7172,0.2613,0.0022618,0.19662,0.77777,0.59699,0.01485,0.01407,-0.002609,-852054891,68
11,0,0,0,0,0,0,0,0,0,0,0,0,0,0,0
12,0.2813,0.9409,-0.0332,-0.2232,1.505,0.09537,-4.7372,-31.402,21.587,0.031272,-0.1688,-0.6962,-0.697,-851975927,98
13,0.1821,0.9927,0.01855,1.802,-20.37,15.38,0.055212,-0.045948,-0.68117,-0.7286,0.03996,0.005173,-0.04924,602493643,98
14,0,0,0,0,0,0,0,0,0,0,0,0,0,0,0
15,-0.03174,0.02979,1.037,0.2232,0.2651,0.09918,-36.45,27.6,36.45,0.89412,0.0197,0.002569,-0.4474,-1439293609,108
16,0,0,0,0,0,0,0,0,0,0,0,0,0,0,0
17,0,0,0,0,0,0,0,0,0,0,0,0,0,0,0
18,0,0,0,0,0,0,0,0,0,0,0,0,0,0,0
1,0,0,0,0,0,0,0,0,0,0,0,0,0,0,0
2,-0.2109,0.9639,-0.02246,0.2213,-0.5054,-0.309,29.82,-21.861,5.6308,0.49221,0.3814,0.5992,0.5032,-852565455,66
3,0,0,0,0,0,0,0,0,0,0,0,0,0,0,0
4,0,0,0,0,0,0,0,0,0,0,0,0,0,0,0
5,0.05811,0.9785,-0.05469,-0.2918,-0.2308,0.6657,0.43116,0.48291,0.54323,0.53461,0.01021,-0.01872,0.001923,-851480372,68
6,0.08594,0.9927,-0.1279,-0.6905,0.5836,-0.1087,0.17471,0.25788,0.70735,0.63453,0.005844,0.004898,0.005768,-851490003,52
7,0,0,0,0,0,0,0,0,0,0,0,0,0,0,0
8,-0.06006,0.9795,0.03906,-0.1564,0.1888,-0.2041,0.44655,0.3931,0.5719,0.5648,0.006668,-0.01759,0.002274,-851693321,126
9,-0.4219,0.9131,-0.03223,0.2193,0.5932,-0.1698,0.56248,0.36104,0.62204,0.40785,-0.0166,-0.0004578,0.002335,-852095841,70
10,0.2358,0.9333,-0.2971,0.4349,-0.1068,0.1392,0.0023649,0.19677,0.77774,0.59699,0.004578,0.00383,-0.009918,-852046781,68
11,0,0,0,0,0,0,0,0,0,0,0,0,0,0,0
12,0.2744,0.9453,-0.02393,-0.4063,1.688,-0.2708,-5.7872,-32.902,24.137,0.031838,-0.1681,-0.6962,-0.6972,-851906033,98
13,0.1821,0.9927,0.01855,1.802,-20.37,15.38,0.055212,-0.045948,-0.68117,-0.7286,0.03996,0.005173,-0.04924,602493643,98
14,0,0,0,0,0,0,0,0,0,0,0,0,0,0,0
15,-0.03174,0.02979,1.037,0.2232,0.2651,0.09918,-36.45,27.6,36.45,0.89412,0.0197,0.002569,-0.4474,-1439293609,108
16,0,0,0,0,0,0,0,0,0,0,0,0,0,0,0
17,0,0,0,0,0,0,0,0,0,0,0,0,0,0,0
18,0,0,0,0,0,0,0,0,0,0,0,0,0,0,0
1,0,0,0,0,0,0,0,0,0,0,0,0,0,0,0
2,-0.2051,0.9766,-0.01758,0.03815,-0.9937,-0.248,28.77,-20.361,5.3309,0.49278,0.3817,0.599,0.5026,-852410047,66
3,0,0,0,0,0,0,0,0,0,0,0,0,0,0,0
4,0,0,0,0,0,0,0,0,0,0,0,0,0,0,0
5,0.04541,0.98,-0.0498,-0.1087,-0.04768,0.1774,0.43118,0.48289,0.54319,0.53465,-0.002518,-0.01726,0.006668,-851400393,68
6,0.07813,0.98,-0.1343,-0.2632,-0.08774,0.1354,0.1744,0.25766,0.70742,0.63462,-0.002136,-0.007782,-0.0005951,-851398151,52
7,0,0,0,0,0,0,0,0,0,0,0,0,0,0,0
8,-0.06689,0.9785,0.04346,-0.1564,0.555,-0.08202,0.44663,0.39323,0.57173,0.56482,-0.0003967,-0.01857,0.006485,-851561562,126
9,-0.4219,0.9131,-0.03223,0.2193,0.5932,-0.1698,0.56248,0.36104,0.62204,0.40785,-0.0166,-0.0004578,0.002335,-852095841,70
10,0.2383,0.9534,-0.2898,0.2518,0.8698,-0.4101,0.002256,0.19667,0.77776,0.597,0.006973,0.02385,-0.002609,-851966811,68
11,0,0,0,0,0,0,0,0,0,0,0,0,0,0,0
12,0.2686,0.9424,-0.02686,-0.1011,-0.8755,0.09537,-5.1872,-32.002,22.487,0.03197,-0.1676,-0.6962,-0.6973,-851845937,98
13,0.1821,0.9927,0.01855,1.802,-20.37,15.38,0.055212,-0.045948,-0.68117,-0.7286,0.03996,0.005173,-0.04924,602493643,98
14,0,0,0,0,0,0,0,0,0,0,0,0,0,0,0
15,-0.03174,0.02979,1.037,0.2232,0.2651,0.09918,-36.45,27.6,36.45,0.89412,0.0197,0.002569,-0.4474,-1439293609,108
16,0,0,0,0,0,0,0,0,0,0,0,0,0,0,0
17,0,0,0,0,0,0,0,0,0,0,0,0,0,0,0
18,0,0,0,0,0,0,0,0,0,0,0,0,0,0,0
1,0,0,0,0,0,0,0,0,0,0,0,0,0,0,0
2,-0.1953,0.96,-0.01123,-0.02289,-0.6275,-0.1259,29.82,-21.561,5.9308,0.49297,0.382,0.5988,0.5025,-852384182,66
3,0,0,0,0,0,0,0,0,0,0,0,0,0,0,0
4,0,0,0,0,0,0,0,0,0,0,0,0,0,0,0
5,0.0332,0.9829,-0.06836,0.1965,0.01335,-0.1278,0.43117,0.48289,0.5432,0.53464,-0.01471,-0.01433,-0.01186,-851330477,68
6,0.0791,0.9834,-0.1201,0.164,0.2785,0.1965,0.17465,0.25794,0.70728,0.6346,-0.001205,-0.004379,0.01346,-851340459,52
7,0,0,0,0,0,0,0,0,0,0,0,0,0,0,0
8,-0.06934,0.9712,0.02588,0.08774,-0.1774,-0.08202,0.44679,0.39329,0.57158,0.5648,-0.002838,-0.02589,-0.01135,-851421584,126
9,-0.4102,0.9131,-0.04053,0.09727,-0.8106,0.1965,0.56228,0.36067,0.6223,0.40805,-0.004684,-0.0003662,-0.005844,-852045856,70
10,0.2261,0.9524,-0.2947,0.2518,-0.7172,-0.1659,0.0014835,0.19517,0.77788,0.59734,-0.004776,0.02251,-0.008301,-851756789,68
11,0,0,0,0,0,0,0,0,0,0,0,0,0,0,0
12,0.2822,0.9243,-0.02295,0.02098,0.5283,-0.1488,-3.6872,-31.552,23.537,0.031547,-0.1681,-0.696,-0.6973,-851776070,98
13,0.1821,0.9927,0.01855,1.802,-20.37,15.38,0.055212,-0.045948,-0.68117,-0.7286,0.03996,0.005173,-0.04924,602493643,98
14,0,0,0,0,0,0,0,0,0,0,0,0,0,0,0
15,-0.03174,0.02979,1.037,0.2232,0.2651,0.09918,-36.45,27.6,36.45,0.89412,0.0197,0.002569,-0.4474,-1439293609,108
16,0,0,0,0,0,0,0,0,0,0,0,0,0,0,0
17,0,0,0,0,0,0,0,0,0,0,0,0,0,0,0
18,0,0,0,0,0,0,0,0,0,0,0,0,0,0,0
1,0,0,0,0,0,0,0,0,0,0,0,0,0,0,0
2,-0.2012,0.9648,-0.006836,0.2823,-0.1392,-0.06485,29.37,-20.811,5.6308,0.49309,0.3821,0.5987,0.5024,-852076370,66
3,0,0,0,0,0,0,0,0,0,0,0,0,0,0,0
4,0,0,0,0,0,0,0,0,0,0,0,0,0,0,0
5,0.04541,0.9888,-0.04541,0.01335,-0.1698,0.1163,0.43115,0.4829,0.54309,0.53476,-0.002747,-0.008469,0.01088,-851248674,68
6,0.06787,0.9736,-0.1235,0.04196,-0.4539,0.3796,0.1741,0.25737,0.70743,0.63481,-0.01256,-0.01414,0.009872,-851258213,52
7,0,0,0,0,0,0,0,0,0,0,0,0,0,0,0
8,-0.06104,0.9707,0.04346,-0.09537,0.1888,-0.02098,0.44668,0.39325,0.57156,0.56494,0.005264,-0.02638,0.006104,-851333901,126
9,-0.4058,0.9106,-0.04395,-0.0248,0.7763,-0.2308,0.56188,0.36029,0.62262,0.40844,-0.0003967,-0.002838,-0.009003,-851993973,70
10,0.2314,0.9426,-0.2966,0.1907,1.236,-0.6542,0.0011254,0.19484,0.77792,0.59739,0.000412,0.01276,-0.01038,-851716608,68
11,0,0,0,0,0,0,0,0,0,0,0,0,0,0,0
12,0.2632,0.938,-0.03857,-0.7114,0.8945,-0.1488,-4.4372,-32.002,21.287,0.0317,-0.168,-0.696,-0.6974,-851706526,98
13,0.1821,0.9927,0.01855,1.802,-20.37,15.38,0.055212,-0.045948,-0.68117,-0.7286,0.03996,0.005173,-0.04924,602493643,98
14,0,0,0,0,0,0,0,0,0,0,0,0,0,0,0
15,-0.03174,0.02979,1.037,0.2232,0.2651,0.09918,-36.45,27.6,36.45,0.89412,0.0197,0.002569,-0.4474,-1439293609,108
16,0,0,0,0,0,0,0,0,0,0,0,0,0,0,0
17,0,0,0,0,0,0,0,0,0,0,0,0,0,0,0
18,0,0,0,0,0,0,0,0,0,0,0,0,0,0,0
1,0,0,0,0,0,0,0,0,0,0,0,0,0,0,0
2,-0.2041,0.9634,-0.01807,0.2213,0.227,0.05722,29.37,-21.111,6.3808,0.49358,0.3825,0.5986,0.5018,-851894142,66
3,0,0,0,0,0,0,0,0,0,0,0,0,0,0,0
4,0,0,0,0,0,0,0,0,0,0,0,0,0,0,0
5,0.05566,0.9849,-0.05957,-0.1698,0.01335,-0.1278,0.43108,0.48297,0.54316,0.53468,0.007492,-0.01236,-0.002991,-851168689,68
6,0.0918,0.9927,-0.1465,-0.3242,0.09537,-0.3529,0.17428,0.25761,0.70741,0.63469,0.01137,0.004913,-0.01288,-851178255,52
7,0,0,0,0,0,0,0,0,0,0,0,0,0,0,0
8,-0.05615,0.9814,0.04785,0.0267,0.3719,0.3452,0.44669,0.39329,0.5715,0.56497,0.01003,-0.01566,0.01042,-851252822,126
9,-0.3921,0.9092,-0.04004,0.3414,-0.3834,0.01335,0.56179,0.36023,0.62268,0.40852,0.01323,-0.004318,-0.005035,-851976344,70
10,0.2314,0.9407,-0.2771,-0.4196,-1.022,-0.1659,0.00059018,0.19424,0.77785,0.59768,0.0001831,0.01065,0.008469,-851617278,68
11,0,0,0,0,0,0,0,0,0,0,0,0,0,0,0
12,0.2813,0.9321,-0.01221,-0.4673,0.6504,-0.1488,-4.2872,-31.702,22.937,0.031274,-0.1683,-0.6959,-0.6974,-851645996,98
13,0.1821,0.9927,0.01855,1.802,-20.37,15.38,0.055212,-0.045948,-0.68117,-0.7286,0.03996,0.005173,-0.04924,602493643,98
14,0,0,0,0,0,0,0,0,0,0,0,0,0,0,0
15,-0.03174,0.02979,1.037,0.2232,0.2651,0.09918,-36.45,27.6,36.45,0.89412,0.0197,0.002569,-0.4474,-1439293609,108
16,0,0,0,0,0,0,0,0,0,0,0,0,0,0,0
17,0,0,0,0,0,0,0,0,0,0,0,0,0,0,0
18,0,0,0,0,0,0,0,0,0,0,0,0,0,0,0
1,0,0,0,0,0,0,0,0,0,0,0,0,0,0,0
2,-0.2051,0.9624,-0.01318,0.4654,-0.01717,-0.1259,28.77,-21.111,4.8808,0.49365,0.3826,0.5985,0.5017,-851879274,66
3,0,0,0,0,0,0,0,0,0,0,0,0,0,0,0
4,0,0,0,0,0,0,0,0,0,0,0,0,0,0,0
5,0.04834,0.9839,-0.05273,0.07439,-0.1698,0.05531,0.43106,0.48299,0.54313,0.53471,7.629e-05,-0.01334,0.003815,-851098646,68
6,0.08057,0.9805,-0.1289,0.2861,0.09537,0.07439,0.17389,0.25714,0.70766,0.63471,0.0002594,-0.007263,0.004913,-851099966,52
7,0,0,0,0,0,0,0,0,0,0,0,0,0,0,0
8,-0.06641,0.9731,0.05469,0.1488,0.005722,0.04005,0.44658,0.39321,0.57155,0.56505,-0.0002747,-0.02396,0.01726,-851173323,126
9,-0.4004,0.9077,-0.02686,0.7076,2.363,0.2575,0.56133,0.36017,0.62297,0.40877,0.004547,-0.005936,0.008789,-851905934,70
10,0.2227,0.9421,-0.2922,-0.4196,1.297,-0.227,0.00044329,0.19404,0.77786,0.59773,-0.008606,0.01207,-0.00679,-851556686,68
11,0,0,0,0,0,0,0,0,0,0,0,0,0,0,0
12,0.2661,0.9434,-0.03564,-0.4063,0.4063,-0.08774,-4.8872,-31.552,22.487,0.031176,-0.1683,-0.6959,-0.6974,-851586515,98
13,0.1821,0.9927,0.01855,1.802,-20.37,15.38,0.055212,-0.045948,-0.68117,-0.7286,0.03996,0.005173,-0.04924,602493643,98
14,0,0,0,0,0,0,0,0,0,0,0,0,0,0,0
15,-0.03174,0.02979,1.037,0.2232,0.2651,0.09918,-36.45,27.6,36.45,0.89412,0.0197,0.002569,-0.4474,-1439293609,108
16,0,0,0,0,0,0,0,0,0,0,0,0,0,0,0
17,0,0,0,0,0,0,0,0,0,0,0,0,0,0,0
18,0,0,0,0,0,0,0,0,0,0,0,0,0,0,0
1,0,0,0,0,0,0,0,0,0,0,0,0,0,0,0
2,-0.2104,0.9668,-0.01074,0.2823,1.265,0.7286,28.17,-22.011,6.8309,0.49287,0.3823,0.5991,0.5021,-851726239,66
3,0,0,0,0,0,0,0,0,0,0,0,0,0,0,0
4,0,0,0,0,0,0,0,0,0,0,0,0,0,0,0
5,0.05273,0.981,-0.0625,-0.1087,-0.1087,-0.005722,0.43104,0.48301,0.5431,0.53474,0.004379,-0.01627,-0.005981,-851040489,68
6,0.07764,0.9878,-0.1367,-0.01907,-0.3319,0.01335,0.17332,0.25637,0.70794,0.63487,-0.002487,3.052e-05,-0.002914,-851029875,52
7,0,0,0,0,0,0,0,0,0,0,0,0,0,0,0
8,-0.04736,0.9814,0.03369,-0.1564,0.433,0.04005,0.44639,0.3932,0.57158,0.56518,0.01848,-0.01567,-0.003677,-851093248,126
9,-0.4072,0.9087,-0.04004,-0.0248,1.326,0.8068,0.56087,0.35991,0.6233,0.40913,-0.002533,-0.005051,-0.003952,-851875880,70
10,0.2222,0.9451,-0.2927,0.1907,-1.45,0.1392,0.00074565,0.19414,0.7779,0.59764,-0.008713,0.01497,-0.007065,-851476668,68
11,0,0,0,0,0,0,0,0,0,0,0,0,0,0,0
12,0.2729,0.9473,-0.02783,0.1431,-0.5703,-0.2098,-3.9872,-31.402,24.737,0.03144,-0.1679,-0.696,-0.6974,-851525884,98
13,0.1821,0.9927,0.01855,1.802,-20.37,15.38,0.055212,-0.045948,-0.68117,-0.7286,0.03996,0.005173,-0.04924,602493643,98
14,0,0,0,0,0,0,0,0,0,0,0,0,0,0,0
15,-0.03174,0.02979,1.037,0.2232,0.2651,0.09918,-36.45,27.6,36.45,0.89412,0.0197,0.002569,-0.4474,-1439293609,108
16,0,0,0,0,0,0,0,0,0,0,0,0,0,0,0
17,0,0,0,0,0,0,0,0,0,0,0,0,0,0,0
18,0,0,0,0,0,0,0,0,0,0,0,0,0,0,0
1,0,0,0,0,0,0,0,0,0,0,0,0,0,0,0
2,-0.2144,0.9883,-0.01758,-0.5112,2.241,0.6676,28.77,-21.111,5.6308,0.49204,0.3816,0.5995,0.5029,-851626935,66
3,0,0,0,0,0,0,0,0,0,0,0,0,0,0,0
4,0,0,0,0,0,0,0,0,0,0,0,0,0,0,0
5,0.04395,0.9844,-0.05273,-0.2918,0.07439,-0.06676,0.431,0.48305,0.54307,0.53477,-0.004562,-0.01283,0.003799,-850950381,68
6,0.07568,0.9771,-0.1455,-0.2022,-0.3929,0.07439,0.17324,0.25621,0.70801,0.63488,-0.004303,-0.01071,-0.01166,-850958255,52
7,0,0,0,0,0,0,0,0,0,0,0,0,0,0,0
8,-0.05811,0.9814,0.04102,-0.5226,-0.05531,0.2232,0.44608,0.39305,0.57167,0.56544,0.007431,-0.0157,0.003601,-851001639,126
9,-0.4146,0.9102,-0.03613,-0.08583,0.8373,0.6847,0.56083,0.35982,0.62335,0.40918,-0.009827,-0.003571,-4.578e-05,-851865740,70
10,0.2344,0.947,-0.2893,0.3128,-1.083,0.0782,9.1552e-05,-0.19275,-0.77827,-0.59761,0.003845,0.01686,-0.003586,-851376680,68
11,0,0,0,0,0,0,0,0,0,0,0,0,0,0,0
12,0.2661,0.9492,-0.02979,0.08202,-0.3872,-0.6981,-4.8872,-31.102,25.037,0.032449,-0.1667,-0.6964,-0.6973,-851394172,98
13,0.1821,0.9927,0.01855,1.802,-20.37,15.38,0.055212,-0.045948,-0.68117,-0.7286,0.03996,0.005173,-0.04924,602493643,98
14,0,0,0,0,0,0,0,0,0,0,0,0,0,0,0
15,-0.03174,0.02979,1.037,0.2232,0.2651,0.09918,-36.45,27.6,36.45,0.89412,0.0197,0.002569,-0.4474,-1439293609,108
16,0,0,0,0,0,0,0,0,0,0,0,0,0,0,0
17,0,0,0,0,0,0,0,0,0,0,0,0,0,0,0
18,0,0,0,0,0,0,0,0,0,0,0,0,0,0,0
1,0,0,0,0,0,0,0,0,0,0,0,0,0,0,0
2,-0.2007,0.9614,-0.01416,-0.5112,0.6542,0.4845,29.07,-21.861,4.5809,0.49175,0.3814,0.5997,0.5031,-851541936,66
3,0,0,0,0,0,0,0,0,0,0,0,0,0,0,0
4,0,0,0,0,0,0,0,0,0,0,0,0,0,0,0
5,0.05469,0.9922,-0.05957,0.01335,-0.04768,-0.005722,0.43101,0.48304,0.54304,0.5348,0.006149,-0.005035,-0.003128,-850880980,68
6,0.08008,0.9819,-0.1357,-0.5074,0.2174,0.01335,0.17272,0.25562,0.70833,0.6349,0.0001984,-0.005798,-0.001587,-850880440,52
7,0,0,0,0,0,0,0,0,0,0,0,0,0,0,0
8,-0.05615,0.9878,0.03467,0.2098,0.1278,-0.1431,0.44594,0.39293,0.57167,0.56563,0.009201,-0.009354,-0.00293,-850931570,126
9,-0.4053,0.9248,-0.02783,-0.33,0.9594,0.8068,0.56082,0.35991,0.62334,0.40914,-0.0006104,0.01106,0.008347,-851835804,70
10,0.2368,0.9431,-0.2981,0.2518,-1.816,0.2003,7.4752e-05,0.19274,0.77839,0.59746,0.006668,0.01297,-0.01202,-851346726,68
11,0,0,0,0,0,0,0,0,0,0,0,0,0,0,0
12,0.2783,0.9497,-0.03711,-0.1621,-1.059,-0.1488,-5.6372,-32.002,23.537,0.032766,-0.1663,-0.6965,-0.6972,-851306111,98
13,0.1821,0.9927,0.01855,1.802,-20.37,15.38,0.055212,-0.045948,-0.68117,-0.7286,0.03996,0.005173,-0.04924,602493643,98
14,0,0,0,0,0,0,0,0,0,0,0,0,0,0,0
15,-0.03174,0.02979,1.037,0.2232,0.2651,0.09918,-36.45,27.6,36.45,0.89412,0.0197,0.002569,-0.4474,-1439293609,108
16,0,0,0,0,0,0,0,0,0,0,0,0,0,0,0
17,0,0,0,0,0,0,0,0,0,0,0,0,0,0,0
18,0,0,0,0,0,0,0,0,0,0,0,0,0,0,0
1,0,0,0,0,0,0,0,0,0,0,0,0,0,0,0
2,-0.2075,0.9668,-0.0166,-0.02289,0.04387,0.3014,28.47,-21.261,6.5309,0.49165,0.381,0.5999,0.5032,-851389385,66
3,0,0,0,0,0,0,0,0,0,0,0,0,0,0,0
4,0,0,0,0,0,0,0,0,0,0,0,0,0,0,0
5,0.0459,0.9907,-0.05518,-0.2918,-0.1698,0.4826,0.43091,0.48313,0.54304,0.5348,-0.002838,-0.00647,0.00145,-850800994,68
6,0.08301,0.9824,-0.1387,-0.5684,0.5836,-0.1087,0.17284,0.25578,0.70832,0.63481,0.003128,-0.00528,-0.004379,-850800448,52
7,0,0,0,0,0,0,0,0,0,0,0,0,0,0,0
8,-0.06348,0.9761,0.03271,0.1488,0.1888,-0.08202,0.44631,0.39338,0.57133,0.56537,0.001709,-0.02109,-0.004944,-850833870,126
9,-0.4072,0.9077,-0.03174,-0.8793,1.509,0.6847,0.56089,0.36016,0.62318,0.40906,-0.002808,-0.006134,0.00441,-851766394,70
10,0.23,0.949,-0.2903,-0.1755,0.2594,-0.4101,0.00013302,-0.19257,-0.77842,-0.59748,-0.0003357,0.01886,-0.004242,-851296734,68
11,0,0,0,0,0,0,0,0,0,0,0,0,0,0,0
12,0.2734,0.9438,-0.01367,-0.1621,-0.08202,-0.515,-5.9372,-33.052,20.987,0.033139,-0.1661,-0.6966,-0.6972,-851254293,98
13,0.1821,0.9927,0.01855,1.802,-20.37,15.38,0.055212,-0.045948,-0.68117,-0.7286,0.03996,0.005173,-0.04924,602493643,98
14,0,0,0,0,0,0,0,0,0,0,0,0,0,0,0
15,-0.03174,0.02979,1.037,0.2232,0.2651,0.09918,-36.45,27.6,36.45,0.89412,0.0197,0.002569,-0.4474,-1439293609,108
16,0,0,0,0,0,0,0,0,0,0,0,0,0,0,0
17,0,0,0,0,0,0,0,0,0,0,0,0,0,0,0
18,0,0,0,0,0,0,0,0,0,0,0,0,0,0,0
1,0,0,0,0,0,0,0,0,0,0,0,0,0,0,0
2,-0.2119,0.9668,-0.008789,-0.4501,-0.6886,0.3014,28.77,-22.911,5.3309,0.4915,0.3808,0.6002,0.5032,-851331955,66
3,0,0,0,0,0,0,0,0,0,0,0,0,0,0,0
4,0,0,0,0,0,0,0,0,0,0,0,0,0,0,0
5,0.06201,0.9858,-0.05273,-1.146,-0.04768,0.1774,0.43097,0.48307,0.54297,0.53488,0.01326,-0.01137,0.003616,-850720987,68
6,0.08789,0.9751,-0.1504,-0.4463,0.2785,-0.2918,0.17359,0.25666,0.70805,0.63455,0.007996,-0.01259,-0.01598,-850729973,52
7,0,0,0,0,0,0,0,0,0,0,0,0,0,0,0
8,-0.06152,0.9668,0.03906,-0.03433,0.06676,-0.1431,0.44635,0.39338,0.57129,0.56538,0.003662,-0.03035,0.001312,-850763421,126
9,-0.3994,0.9092,-0.04004,-0.6351,0.4101,0.1965,0.56053,0.35984,0.62346,0.40941,0.004883,-0.004715,-0.003662,-851535883,70
10,0.2456,0.9563,-0.2986,-0.2365,-2.121,-0.1049,0.00030821,-0.19212,-0.77856,-0.59744,0.01556,0.02614,-0.01244,-851246729,68
11,0,0,0,0,0,0,0,0,0,0,0,0,0,0,0
12,0.2749,0.9414,-0.0293,-0.2232,-2.157,0.03433,-3.6872,-32.002,22.037,0.033073,-0.1659,-0.6967,-0.6971,-851196099,98
13,0.1821,0.9927,0.01855,1.802,-20.37,15.38,0.055212,-0.045948,-0.68117,-0.7286,0.03996,0.005173,-0.04924,602493643,98
14,0,0,0,0,0,0,0,0,0,0,0,0,0,0,0
15,-0.03174,0.02979,1.037,0.2232,0.2651,0.09918,-36.45,27.6,36.45,0.89412,0.0197,0.002569,-0.4474,-1439293609,108
16,0,0,0,0,0,0,0,0,0,0,0,0,0,0,0
17,0,0,0,0,0,0,0,0,0,0,0,0,0,0,0
18,0,0,0,0,0,0,0,0,0,0,0,0,0,0,0
1,0,0,0,0,0,0,0,0,0,0,0,0,0,0,0
2,-0.2114,0.9692,-0.0249,0.2823,-0.9327,-0.248,29.22,-20.211,6.2309,0.4912,0.3803,0.6005,0.5035,-851179378,66
3,0,0,0,0,0,0,0,0,0,0,0,0,0,0,0
4,0,0,0,0,0,0,0,0,0,0,0,0,0,0,0
5,0.05078,0.9814,-0.05469,-0.3757,-0.06294,0.009537,0.43097,0.48307,0.54297,0.53487,0.002045,-0.01576,0.001678,-850650497,68
6,0.07422,0.9917,-0.1387,-0.8125,-0.3319,0.07439,0.17353,0.25663,0.70809,0.63453,-0.005707,0.004028,-0.00415,-850659871,52
7,0,0,0,0,0,0,0,0,0,0,0,0,0,0,0
8,-0.05908,0.9888,0.04102,0.2098,0.005722,-0.2651,0.44667,0.39377,0.57102,0.56512,0.005981,-0.008392,0.00325,-850703896,126
9,-0.4272,0.9297,-0.03809,0.7076,-0.8717,-0.2308,0.56157,0.36082,0.62262,0.4084,-0.02266,0.01588,-0.00238,-851266455,70
10,0.2432,0.9524,-0.2883,-1.091,0.1373,-0.288,0.00012207,-0.19224,-0.77847,-0.59752,0.01323,0.02216,-0.00238,-851214812,68
11,0,0,0,0,0,0,0,0,0,0,0,0,0,0,0
12,0.292,0.9595,-0.02295,0.02098,-1.791,-0.08774,-4.2872,-31.402,22.937,0.032565,-0.1666,-0.6967,-0.697,-851155932,98
13,0.1821,0.9927,0.01855,1.802,-20.37,15.38,0.055212,-0.045948,-0.68117,-0.7286,0.03996,0.005173,-0.04924,602493643,98
14,0,0,0,0,0,0,0,0,0,0,0,0,0,0,0
15,-0.03174,0.02979,1.037,0.2232,0.2651,0.09918,-36.45,27.6,36.45,0.89412,0.0197,0.002569,-0.4474,-1439293609,108
16,0,0,0,0,0,0,0,0,0,0,0,0,0,0,0
17,0,0,0,0,0,0,0,0,0,0,0,0,0,0,0
18,0,0,0,0,0,0,0,0,0,0,0,0,0,0,0
1,0,0,0,0,0,0,0,0,0,0,0,0,0,0,0
2,-0.208,0.9458,-0.01904,0.2213,-0.6275,-0.37,28.47,-22.011,6.5309,0.49169,0.3806,0.6002,0.5031,-851081345,66
3,0,0,0,0,0,0,0,0,0,0,0,0,0,0,0
4,0,0,0,0,0,0,0,0,0,0,0,0,0,0,0
5,0.03564,0.9937,-0.05029,0.2346,-0.246,-0.3567,0.43101,0.48303,0.5429,0.53495,-0.01317,-0.003571,0.005829,-850570493,68
6,0.0918,0.98,-0.1406,-2.277,0.3395,-0.1087,0.1743,0.25745,0.70743,0.63473,0.0116,-0.007813,-0.007141,-850579868,52
7,0,0,0,0,0,0,0,0,0,0,0,0,0,0,0
8,-0.06299,0.9663,0.04346,-0.2174,-0.2995,-0.3262,0.44671,0.39383,0.57096,0.56512,0.002014,-0.03085,0.005661,-850683423,126
9,-0.3906,0.8896,-0.02734,0.2193,-1.299,-0.536,0.56278,0.3617,0.62177,0.40725,0.01462,-0.0239,0.007523,-851136359,70
10,0.2427,0.9475,-0.3059,-0.1144,-0.5951,0.3223,0.00016434,0.19235,0.77836,0.59763,0.01305,0.01711,-0.02023,-851144984,68
11,0,0,0,0,0,0,0,0,0,0,0,0,0,0,0
12,0.271,0.9321,-0.03223,0.02098,-0.5093,0.09537,-5.1872,-32.002,22.787,0.032364,-0.167,-0.6967,-0.6969,-851044176,98
13,0.1821,0.9927,0.01855,1.802,-20.37,15.38,0.055212,-0.045948,-0.68117,-0.7286,0.03996,0.005173,-0.04924,602493643,98
14,0,0,0,0,0,0,0,0,0,0,0,0,0,0,0
15,-0.03174,0.02979,1.037,0.2232,0.2651,0.09918,-36.45,27.6,36.45,0.89412,0.0197,0.002569,-0.4474,-1439293609,108
16,0,0,0,0,0,0,0,0,0,0,0,0,0,0,0
17,0,0,0,0,0,0,0,0,0,0,0,0,0,0,0
18,0,0,0,0,0,0,0,0,0,0,0,0,0,0,0
1,0,0,0,0,0,0,0,0,0,0,0,0,0,0,0
2,-0.208,0.9634,-0.007324,-0.02289,0.1659,-0.8583,27.27,-21.861,5.9308,0.49193,0.3806,0.6,0.5032,-851011341,66
3,0,0,0,0,0,0,0,0,0,0,0,0,0,0,0
4,0,0,0,0,0,0,0,0,0,0,0,0,0,0,0
5,0.05957,0.9888,-0.05762,0.1736,0.2422,0.009537,0.43098,0.48306,0.54287,0.53498,0.01065,-0.008453,-0.001511,-850550995,68
6,0.06494,0.9829,-0.1299,-2.155,0.4616,0.07439,0.17405,0.25635,0.70673,0.63602,-0.01511,-0.00531,0.0005035,-850499871,52
7,0,0,0,0,0,0,0,0,0,0,0,0,0,0,0
8,-0.07666,0.9722,0.04248,-0.08965,0.227,-0.2556,0.44671,0.3938,0.57092,0.56518,-0.01172,-0.02499,0.004547,-850633420,126
9,-0.3906,0.8896,-0.02734,0.2193,-1.299,-0.536,0.56278,0.3617,0.62177,0.40725,0.01462,-0.0239,0.007523,-851136359,70
10,0.2339,0.9392,-0.3059,-0.3586,0.2594,-0.1049,0.00067553,0.19324,0.77843,0.59724,0.00412,0.009125,-0.0193,-851046807,68
11,0,0,0,0,0,0,0,0,0,0,0,0,0,0,0
12,0.2808,0.9395,-0.03857,0.1431,-0.3262,0.4616,-5.9372,-32.752,23.837,0.032558,-0.1669,-0.6967,-0.6969,-851025911,98
13,0.1821,0.9927,0.01855,1.802,-20.37,15.38,0.055212,-0.045948,-0.68117,-0.7286,0.03996,0.005173,-0.04924,602493643,98
14,0,0,0,0,0,0,0,0,0,0,0,0,0,0,0
15,-0.03174,0.02979,1.037,0.2232,0.2651,0.09918,-36.45,27.6,36.45,0.89412,0.0197,0.002569,-0.4474,-1439293609,108
16,0,0,0,0,0,0,0,0,0,0,0,0,0,0,0
17,0,0,0,0,0,0,0,0,0,0,0,0,0,0,0
18,0,0,0,0,0,0,0,0,0,0,0,0,0,0,0
1,0,0,0,0,0,0,0,0,0,0,0,0,0,0,0
2,-0.208,0.9634,-0.007324,-0.02289,0.1659,-0.8583,27.27,-21.861,5.9308,0.49193,0.3806,0.6,0.5032,-851011341,66
3,0,0,0,0,0,0,0,0,0,0,0,0,0,0,0
4,0,0,0,0,0,0,0,0,0,0,0,0,0,0,0
5,0.04834,0.9829,-0.05322,0.1125,0.05913,-0.2346,0.43107,0.48297,0.54282,0.53504,-0.000473,-0.01433,0.002594,-850458349,68
6,0.08008,0.9839,-0.1265,-1.057,0.03433,0.07439,0.17461,0.25622,0.7056,0.63718,-1.526e-05,-0.004761,0.0005646,-850369640,52
7,0,0,0,0,0,0,0,0,0,0,0,0,0,0,0
8,-0.07471,0.9741,0.03711,-0.2728,0.288,-0.2556,0.4466,0.39371,0.57101,0.56523,-0.009735,-0.02304,-0.0007477,-850581658,126
9,-0.4072,0.915,-0.03809,0.5856,0.5932,-0.7191,0.56285,0.36187,0.62167,0.40716,-0.002075,0.001465,-0.00322,-851115898,70
10,0.2344,0.9446,-0.2971,-0.5417,0.4425,0.2003,0.00072152,0.19335,0.7784,0.59724,0.004547,0.01451,-0.01051,-851036660,68
11,0,0,0,0,0,0,0,0,0,0,0,0,0,0,0
12,0.2866,0.9468,-0.04395,-0.04005,-1.059,0.4616,-4.8872,-32.752,22.787,0.0325,-0.1669,-0.6967,-0.6969,-850966036,98
13,0.1821,0.9927,0.01855,1.802,-20.37,15.38,0.055212,-0.045948,-0.68117,-0.7286,0.03996,0.005173,-0.04924,602493643,98
14,0,0,0,0,0,0,0,0,0,0,0,0,0,0,0
15,-0.03174,0.02979,1.037,0.2232,0.2651,0.09918,-36.45,27.6,36.45,0.89412,0.0197,0.002569,-0.4474,-1439293609,108
16,0,0,0,0,0,0,0,0,0,0,0,0,0,0,0
17,0,0,0,0,0,0,0,0,0,0,0,0,0,0,0
18,0,0,0,0,0,0,0,0,0,0,0,0,0,0,0
1,0,0,0,0,0,0,0,0,0,0,0,0,0,0,0
2,-0.208,0.9634,-0.007324,-0.02289,0.1659,-0.8583,27.27,-21.861,5.9308,0.49193,0.3806,0.6,0.5032,-851011341,66
3,0,0,0,0,0,0,0,0,0,0,0,0,0,0,0
4,0,0,0,0,0,0,0,0,0,0,0,0,0,0,0
5,0.04248,0.9868,-0.04932,0.2346,-0.001907,-0.4177,0.43107,0.48297,0.54281,0.53505,-0.006348,-0.01042,0.0065,-850423003,68
6,0.06641,0.9722,-0.1138,-0.9956,-0.08774,0.01335,0.17422,0.25572,0.70564,0.63744,-0.01373,-0.01653,0.01286,-850311968,52
7,0,0,0,0,0,0,0,0,0,0,0,0,0,0,0
8,-0.07275,0.9663,0.03516,0.09346,0.349,-0.1335,0.44638,0.3935,0.57119,0.56537,-0.007751,-0.03085,-0.002625,-850543305,126
9,-0.4014,0.9048,-0.04346,0.2193,-1.848,-0.3529,0.56313,0.3622,0.62147,0.40678,0.003906,-0.008743,-0.008621,-851075740,70
10,0.2285,0.9475,-0.3025,-0.6638,0.4425,0.6886,0.00083241,0.19354,0.77838,0.59721,-0.001358,0.01747,-0.01581,-851004836,68
11,0,0,0,0,0,0,0,0,0,0,0,0,0,0,0
12,0.2729,0.9365,-0.02441,0.2651,-0.2041,-0.0267,-6.3872,-32.002,23.537,0.033167,-0.1662,-0.697,-0.6968,-850906453,98
13,0.1821,0.9927,0.01855,1.802,-20.37,15.38,0.055212,-0.045948,-0.68117,-0.7286,0.03996,0.005173,-0.04924,602493643,98
14,0,0,0,0,0,0,0,0,0,0,0,0,0,0,0
15,-0.03174,0.02979,1.037,0.2232,0.2651,0.09918,-36.45,27.6,36.45,0.89412,0.0197,0.002569,-0.4474,-1439293609,108
16,0,0,0,0,0,0,0,0,0,0,0,0,0,0,0
17,0,0,0,0,0,0,0,0,0,0,0,0,0,0,0
18,0,0,0,0,0,0,0,0,0,0,0,0,0,0,0
1,0,0,0,0,0,0,0,0,0,0,0,0,0,0,0
2,-0.208,0.9634,-0.007324,-0.02289,0.1659,-0.8583,27.27,-21.861,5.9308,0.49193,0.3806,0.6,0.5032,-851011341,66
3,0,0,0,0,0,0,0,0,0,0,0,0,0,0,0
4,0,0,0,0,0,0,0,0,0,0,0,0,0,0,0
5,0.04883,0.9961,-0.05469,-0.1316,-0.001907,-0.3567,0.43108,0.48296,0.54275,0.53511,-0.0001068,-0.001144,0.0009766,-850373001,68
6,0.07324,0.9868,-0.124,-1.179,1.743,-0.7801,0.17467,0.25567,0.70472,0.63835,-0.006958,-0.002213,-1.526e-05,-850191368,52
7,0,0,0,0,0,0,0,0,0,0,0,0,0,0,0
8,-0.06299,0.9761,0.05859,0.2766,0.1659,-0.4997,0.44656,0.39367,0.571,0.56531,0.001892,-0.02109,0.02063,-850503404,126
9,-0.3911,0.8999,-0.03955,0.5856,-0.5665,-0.1087,0.56336,0.36258,0.62116,0.40661,0.0139,-0.01375,-0.004944,-850955890,70
10,0.2446,0.9421,-0.2913,0.3128,0.01526,0.3834,0.00061111,0.19351,0.77842,0.59717,0.01447,0.01221,-0.004486,-850935020,68
11,0,0,0,0,0,0,0,0,0,0,0,0,0,0,0
12,0.2744,0.9316,-0.007813,0.08202,0.8335,-0.1488,-3.5372,-32.902,22.187,0.03285,-0.1666,-0.6968,-0.6968,-850844201,98
13,0.1821,0.9927,0.01855,1.802,-20.37,15.38,0.055212,-0.045948,-0.68117,-0.7286,0.03996,0.005173,-0.04924,602493643,98
14,0,0,0,0,0,0,0,0,0,0,0,0,0,0,0
15,-0.03174,0.02979,1.037,0.2232,0.2651,0.09918,-36.45,27.6,36.45,0.89412,0.0197,0.002569,-0.4474,-1439293609,108
16,0,0,0,0,0,0,0,0,0,0,0,0,0,0,0
17,0,0,0,0,0,0,0,0,0,0,0,0,0,0,0
18,0,0,0,0,0,0,0,0,0,0,0,0,0,0,0
1,0,0,0,0,0,0,0,0,0,0,0,0,0,0,0
2,-0.2031,0.9634,-0.01904,0.03815,-0.9937,-0.06485,28.47,-21.711,6.5309,0.49205,0.3806,0.5999,0.5031,-850928273,66
3,0,0,0,0,0,0,0,0,0,0,0,0,0,0,0
4,0,0,0,0,0,0,0,0,0,0,0,0,0,0,0
5,0.04395,0.981,-0.06396,-0.1316,0.3033,-0.2346,0.43106,0.48298,0.54275,0.53511,-0.00502,-0.01628,-0.008255,-850273021,68
6,0.08838,0.9839,-0.1172,-1.972,0.9499,-0.04768,0.17451,0.25528,0.70449,0.6388,0.008118,-0.005264,0.005783,-850121453,52
7,0,0,0,0,0,0,0,0,0,0,0,0,0,0,0
8,-0.08252,0.9624,0.03662,-0.08965,-0.1392,0.04959,0.44646,0.39353,0.57101,0.56547,-0.01772,-0.03476,-0.001541,-850413207,126
9,-0.4131,0.915,-0.03613,0.5856,-1.543,0.1965,0.56338,0.36262,0.62113,0.40657,-0.008072,0.001389,-0.001526,-850846327,70
10,0.2383,0.9456,-0.2864,0.06866,-0.7782,0.0782,0.00090375,0.19391,0.77827,0.59724,0.008072,0.01559,0.0002289,-850817378,68
11,0,0,0,0,0,0,0,0,0,0,0,0,0,0,0
12,0.2725,0.9458,-0.02637,-0.2232,0.7114,-0.1488,-5.4872,-32.902,22.637,0.033068,-0.1663,-0.6969,-0.6968,-850774364,98
13,0.1821,0.9927,0.01855,1.802,-20.37,15.38,0.055212,-0.045948,-0.68117,-0.7286,0.03996,0.005173,-0.04924,602493643,98
14,0,0,0,0,0,0,0,0,0,0,0,0,0,0,0
15,-0.03174,0.02979,1.037,0.2232,0.2651,0.09918,-36.45,27.6,36.45,0.89412,0.0197,0.002569,-0.4474,-1439293609,108
16,0,0,0,0,0,0,0,0,0,0,0,0,0,0,0
17,0,0,0,0,0,0,0,0,0,0,0,0,0,0,0
18,0,0,0,0,0,0,0,0,0,0,0,0,0,0,0
1,0,0,0,0,0,0,0,0,0,0,0,0,0,0,0
2,-0.2173,0.9692,-0.01123,0.6485,0.227,-0.4311,27.27,-19.311,6.6808,0.49225,0.3813,0.5996,0.5028,-850788299,66
3,0,0,0,0,0,0,0,0,0,0,0,0,0,0,0
4,0,0,0,0,0,0,0,0,0,0,0,0,0,0,0
5,0.04492,0.979,-0.05029,0.5398,0.2422,-0.1125,0.4311,0.48293,0.54269,0.53518,-0.004074,-0.01825,0.005188,-850163000,68
6,0.07715,0.9805,-0.1187,-0.01907,0.5836,0.07439,0.17512,0.25566,0.70395,0.63908,-0.003067,-0.008835,0.003159,-850041486,52
7,0,0,0,0,0,0,0,0,0,0,0,0,0,0,0
8,-0.06543,0.9849,0.03809,-0.639,-0.01717,0.2937,0.44674,0.39378,0.57081,0.56528,-0.0006104,-0.0123,-0.0001373,-850370973,126
9,-0.3911,0.8979,-0.02295,0.1583,-1.421,0.1965,0.56343,0.36267,0.62105,0.40658,0.01382,-0.01573,0.01152,-850835828,70
10,0.2251,0.9631,-0.2888,-0.1755,1.297,-0.227,0.0003142,0.19315,0.77834,0.59739,-0.005173,0.03307,-0.002563,-850756834,68
11,0,0,0,0,0,0,0,0,0,0,0,0,0,0,0
12,0.2842,0.9414,-0.01855,-0.1011,0.1621,-0.3929,-6.3872,-32.002,22.787,0.033397,-0.1659,-0.6969,-0.6969,-850696552,98
13,0.1821,0.9927,0.01855,1.802,-20.37,15.38,0.055212,-0.045948,-0.68117,-0.7286,0.03996,0.005173,-0.04924,602493643,98
14,0,0,0,0,0,0,0,0,0,0,0,0,0,0,0
15,-0.03174,0.02979,1.037,0.2232,0.2651,0.09918,-36.45,27.6,36.45,0.89412,0.0197,0.002569,-0.4474,-1439293609,108
16,0,0,0,0,0,0,0,0,0,0,0,0,0,0,0
17,0,0,0,0,0,0,0,0,0,0,0,0,0,0,0
18,0,0,0,0,0,0,0,0,0,0,0,0,0,0,0
1,0,0,0,0,0,0,0,0,0,0,0,0,0,0,0
2,-0.1978,0.9692,-0.01416,0.4044,0.227,-0.06485,29.37,-23.661,5.9308,0.49222,0.3813,0.5996,0.5028,-850773276,66
3,0,0,0,0,0,0,0,0,0,0,0,0,0,0,0
4,0,0,0,0,0,0,0,0,0,0,0,0,0,0,0
5,0.05322,0.9834,-0.05273,-0.1316,0.4253,-0.2956,0.43115,0.48289,0.54265,0.53522,0.004257,-0.01385,0.002579,-850032971,68
6,0.08203,0.9814,-0.1274,-0.8125,0.4005,0.01335,0.17526,0.25565,0.70393,0.63907,0.002029,-0.007874,-0.005692,-849971368,52
7,0,0,0,0,0,0,0,0,0,0,0,0,0,0,0
8,-0.05664,0.9653,0.05273,-0.7,0.04387,0.04959,0.44669,0.3936,0.57077,0.56548,0.008133,-0.03181,0.01414,-850292704,126
9,-0.4053,0.9175,-0.04004,0.6466,-0.3223,-0.2918,0.56348,0.36276,0.62093,0.40661,-0.0005035,0.003708,-0.005722,-850765794,70
10,0.2241,0.9651,-0.2952,0.1297,0.3204,-0.288,0.00022837,0.19286,0.77834,0.59749,-0.005981,0.03491,-0.009155,-850654990,68
11,0,0,0,0,0,0,0,0,0,0,0,0,0,0,0
12,0.2759,0.9478,-0.03125,-0.1621,1.261,-0.3929,-4.4372,-33.052,24.287,0.033147,-0.1662,-0.6968,-0.697,-850646070,98
13,0.1821,0.9927,0.01855,1.802,-20.37,15.38,0.055212,-0.045948,-0.68117,-0.7286,0.03996,0.005173,-0.04924,602493643,98
14,0,0,0,0,0,0,0,0,0,0,0,0,0,0,0
15,-0.03174,0.02979,1.037,0.2232,0.2651,0.09918,-36.45,27.6,36.45,0.89412,0.0197,0.002569,-0.4474,-1439293609,108
16,0,0,0,0,0,0,0,0,0,0,0,0,0,0,0
17,0,0,0,0,0,0,0,0,0,0,0,0,0,0,0
18,0,0,0,0,0,0,0,0,0,0,0,0,0,0,0
1,0,0,0,0,0,0,0,0,0,0,0,0,0,0,0
2,-0.2041,0.9673,-0.004883,0.1602,0.04387,0.05722,28.17,-21.711,6.5309,0.49217,0.3813,0.5996,0.5028,-850746200,66
3,0,0,0,0,0,0,0,0,0,0,0,0,0,0,0
4,0,0,0,0,0,0,0,0,0,0,0,0,0,0,0
5,0.04346,0.9922,-0.05322,-0.009537,-0.001907,-0.4787,0.43119,0.48284,0.54262,0.53525,-0.005478,-0.005081,0.001953,-849922970,68
6,0.08252,0.978,-0.1211,0.2861,-0.0267,-0.04768,0.17507,0.25541,0.70403,0.6391,0.002579,-0.01129,0.0007019,-849891283,52
7,0,0,0,0,0,0,0,0,0,0,0,0,0,0,0
8,-0.06152,0.9849,0.04297,0.09346,0.4101,0.04959,0.44659,0.39335,0.57081,0.5657,0.003281,-0.01227,0.004074,-850182721,126
9,-0.4072,0.9165,-0.0376,0.6466,-0.3223,-0.2918,0.56337,0.3626,0.62104,0.40675,-0.002457,0.002731,-0.00325,-850756402,70
10,0.2524,0.9495,-0.2917,0.1907,-0.6561,-0.227,0.00027466,0.19305,0.77828,0.5975,0.02219,0.01932,-0.005753,-850626834,68
11,0,0,0,0,0,0,0,0,0,0,0,0,0,0,0
12,0.2856,0.936,-0.02588,-0.7114,-0.3262,0.8888,-5.6372,-30.802,21.287,0.033178,-0.1665,-0.6968,-0.6969,-850494277,98
13,0.1821,0.9927,0.01855,1.802,-20.37,15.38,0.055212,-0.045948,-0.68117,-0.7286,0.03996,0.005173,-0.04924,602493643,98
14,0,0,0,0,0,0,0,0,0,0,0,0,0,0,0
15,-0.03174,0.02979,1.037,0.2232,0.2651,0.09918,-36.45,27.6,36.45,0.89412,0.0197,0.002569,-0.4474,-1439293609,108
16,0,0,0,0,0,0,0,0,0,0,0,0,0,0,0
17,0,0,0,0,0,0,0,0,0,0,0,0,0,0,0
18,0,0,0,0,0,0,0,0,0,0,0,0,0,0,0
1,0,0,0,0,0,0,0,0,0,0,0,0,0,0,0
2,-0.2144,0.9771,-0.02197,0.6485,-0.0782,0.1183,29.82,-22.911,5.6308,0.49218,0.3812,0.5997,0.5028,-850731206,66
3,0,0,0,0,0,0,0,0,0,0,0,0,0,0,0
4,0,0,0,0,0,0,0,0,0,0,0,0,0,0,0
5,0.04541,0.9829,-0.05811,0.1736,-0.124,-0.1736,0.43119,0.48284,0.54253,0.53535,-0.003677,-0.01436,-0.003143,-849811274,68
6,0.07275,0.9878,-0.1128,-0.6294,-0.2098,0.3796,0.17489,0.25509,0.70409,0.63922,-0.00708,-0.001556,0.00885,-849821397,52
7,0,0,0,0,0,0,0,0,0,0,0,0,0,0,0
8,-0.05566,0.9712,0.04199,-0.3338,-0.2003,-0.3166,0.44639,0.3933,0.57087,0.56583,0.008926,-0.02596,0.003143,-850122554,126
9,-0.3926,0.9126,-0.04199,0.03624,0.9594,-0.2308,0.56352,0.36291,0.62084,0.40657,0.01204,-0.001236,-0.00769,-850705696,70
10,0.2393,0.9353,-0.2834,-0.7858,0.5035,-0.288,0,0.19285,0.77826,0.5976,0.008774,0.005142,0.002319,-850556711,68
11,0,0,0,0,0,0,0,0,0,0,0,0,0,0,0
12,0.269,0.9492,-0.0332,-0.1011,-0.5703,1.072,-5.1872,-29.602,22.787,0.034381,-0.1663,-0.6968,-0.6968,-850369131,98
13,0.1821,0.9927,0.01855,1.802,-20.37,15.38,0.055212,-0.045948,-0.68117,-0.7286,0.03996,0.005173,-0.04924,602493643,98
14,0,0,0,0,0,0,0,0,0,0,0,0,0,0,0
15,-0.03174,0.02979,1.037,0.2232,0.2651,0.09918,-36.45,27.6,36.45,0.89412,0.0197,0.002569,-0.4474,-1439293609,108
16,0,0,0,0,0,0,0,0,0,0,0,0,0,0,0
17,0,0,0,0,0,0,0,0,0,0,0,0,0,0,0
18,0,0,0,0,0,0,0,0,0,0,0,0,0,0,0
1,0,0,0,0,0,0,0,0,0,0,0,0,0,0,0
2,-0.2144,0.9668,-0.006348,0.1602,-1.177,0.1793,28.77,-22.611,5.3309,0.49229,0.3814,0.5996,0.5027,-850703381,66
3,0,0,0,0,0,0,0,0,0,0,0,0,0,0,0
4,0,0,0,0,0,0,0,0,0,0,0,0,0,0,0
5,0.04248,0.9849,-0.05518,0.2956,-0.3071,-0.3567,0.43121,0.48283,0.54254,0.53534,-0.006577,-0.01241,-0.0002289,-849763569,68
6,0.06885,0.9922,-0.1113,-0.3853,-0.0267,-0.2308,0.17508,0.25511,0.70403,0.63923,-0.01077,0.002808,0.01015,-849741346,52
7,0,0,0,0,0,0,0,0,0,0,0,0,0,0,0
8,-0.05518,0.9824,0.03418,0.03242,-0.0782,0.04959,0.44664,0.3936,0.5707,0.5656,0.009384,-0.01472,-0.004578,-850073208,126
9,-0.4009,0.9038,-0.0376,0.4025,0.8373,0.07439,0.56353,0.3629,0.62082,0.4066,0.003723,-0.01004,-0.003357,-850685802,70
10,0.2466,0.9495,-0.2874,0.06866,-0.6561,0.8717,0.00043907,-0.19263,-0.77827,-0.59766,0.01566,0.01936,-0.00174,-850476778,68
11,0,0,0,0,0,0,0,0,0,0,0,0,0,0,0
12,0.2798,0.936,-0.02295,0.9365,0.8945,-1.431,-5.6372,-30.052,21.737,0.035419,-0.165,-0.6974,-0.6966,-850169204,98
13,0.1821,0.9927,0.01855,1.802,-20.37,15.38,0.055212,-0.045948,-0.68117,-0.7286,0.03996,0.005173,-0.04924,602493643,98
14,0,0,0,0,0,0,0,0,0,0,0,0,0,0,0
15,-0.03174,0.02979,1.037,0.2232,0.2651,0.09918,-36.45,27.6,36.45,0.89412,0.0197,0.002569,-0.4474,-1439293609,108
16,0,0,0,0,0,0,0,0,0,0,0,0,0,0,0
17,0,0,0,0,0,0,0,0,0,0,0,0,0,0,0
18,0,0,0,0,0,0,0,0,0,0,0,0,0,0,0
1,0,0,0,0,0,0,0,0,0,0,0,0,0,0,0
2,-0.1982,0.9697,-0.004883,0.03815,-0.6275,0.05722,29.37,-22.311,5.6308,0.49238,0.3814,0.5995,0.5027,-850661363,66
3,0,0,0,0,0,0,0,0,0,0,0,0,0,0,0
4,0,0,0,0,0,0,0,0,0,0,0,0,0,0,0
5,0.05078,0.9766,-0.04736,-0.009537,-0.06294,-0.0515,0.43129,0.48275,0.54251,0.53537,0.001862,-0.02074,0.00737,-849673104,68
6,0.08252,0.9883,-0.1128,-0.1411,0.4616,-0.3529,0.17581,0.25586,0.70369,0.63909,0.00293,-0.001129,0.008514,-849671484,52
7,0,0,0,0,0,0,0,0,0,0,0,0,0,0,0
8,-0.06543,0.9854,0.04736,-0.639,0.04387,0.04959,0.44638,0.39332,0.57083,0.56586,-0.0009308,-0.0118,0.008453,-849972678,126
9,-0.4033,0.9224,-0.04883,0.1583,0.1049,0.2575,0.5639,0.36332,0.62051,0.40618,0.001343,0.008545,-0.01476,-850645894,70
10,0.2197,0.9485,-0.2947,0.2518,1.968,-0.288,0.002237,-0.19336,-0.77821,-0.59749,-0.0148,0.01941,-0.008667,-850230142,68
11,0,0,0,0,0,0,0,0,0,0,0,0,0,0,0
12,0.2759,0.9419,-0.0249,0.4482,1.2,-1.186,-5.4999,-32.442,22.182,0.035687,-0.164,-0.6978,-0.6964,-850108662,98
13,0.1821,0.9927,0.01855,1.802,-20.37,15.38,0.055212,-0.045948,-0.68117,-0.7286,0.03996,0.005173,-0.04924,602493643,98
14,0,0,0,0,0,0,0,0,0,0,0,0,0,0,0
15,-0.03174,0.02979,1.037,0.2232,0.2651,0.09918,-36.45,27.6,36.45,0.89412,0.0197,0.002569,-0.4474,-1439293609,108
16,0,0,0,0,0,0,0,0,0,0,0,0,0,0,0
17,0,0,0,0,0,0,0,0,0,0,0,0,0,0,0
18,0,0,0,0,0,0,0,0,0,0,0,0,0,0,0
1,0,0,0,0,0,0,0,0,0,0,0,0,0,0,0
2,-0.2002,0.9712,-0.01025,0.09918,0.5932,-0.003815,28.92,-21.261,5.1808,0.49241,0.3815,0.5995,0.5027,-850648178,66
3,0,0,0,0,0,0,0,0,0,0,0,0,0,0,0
4,0,0,0,0,0,0,0,0,0,0,0,0,0,0,0
5,0.03711,0.998,-0.05859,-0.2537,0.1812,0.1926,0.43137,0.48267,0.54245,0.53544,-0.01178,0.0007324,-0.004135,-849591276,68
6,0.08008,0.9775,-0.1162,-0.08011,0.4616,0.07439,0.17701,0.25719,0.70316,0.63882,0.0004272,-0.01189,0.004959,-849591470,52
7,0,0,0,0,0,0,0,0,0,0,0,0,0,0,0
8,-0.06494,0.9717,0.04834,-0.2728,0.04387,-0.3166,0.44665,0.3934,0.57062,0.5658,-0.0003815,-0.02545,0.009109,-849922749,126
9,-0.416,0.9248,-0.04004,-0.0248,0.227,0.6237,0.56361,0.36295,0.62074,0.40656,-0.01143,0.01094,-0.005936,-850615862,70
10,0.2222,0.9363,-0.3069,1.411,-1.877,0.0782,0.0021553,-0.19316,-0.77842,-0.59728,-0.01192,0.007248,-0.02037,-850201942,68
11,0,0,0,0,0,0,0,0,0,0,0,0,0,0,0
12,0.2773,0.9575,-0.01953,-0.5283,-1.059,0.2174,-5.7999,-32.142,22.632,0.03502,-0.1642,-0.6977,-0.6964,-849989222,98
13,0.1821,0.9927,0.01855,1.802,-20.37,15.38,0.055212,-0.045948,-0.68117,-0.7286,0.03996,0.005173,-0.04924,602493643,98
14,0,0,0,0,0,0,0,0,0,0,0,0,0,0,0
15,-0.03174,0.02979,1.037,0.2232,0.2651,0.09918,-36.45,27.6,36.45,0.89412,0.0197,0.002569,-0.4474,-1439293609,108
16,0,0,0,0,0,0,0,0,0,0,0,0,0,0,0
17,0,0,0,0,0,0,0,0,0,0,0,0,0,0,0
18,0,0,0,0,0,0,0,0,0,0,0,0,0,0,0
1,0,0,0,0,0,0,0,0,0,0,0,0,0,0,0
2,-0.2017,0.96,-0.01074,0.4044,0.04387,0.1183,27.72,-22.611,4.5809,0.4927,0.3818,0.5992,0.5024,-850606223,66
3,0,0,0,0,0,0,0,0,0,0,0,0,0,0,0
4,0,0,0,0,0,0,0,0,0,0,0,0,0,0,0
5,0.05176,1.001,-0.05762,0.1736,-0.124,-0.1125,0.43141,0.48263,0.54242,0.53547,0.002899,0.00415,-0.003296,-849533001,68
6,0.07617,0.9741,-0.123,0.164,-0.3319,0.3796,0.17717,0.25734,0.7032,0.63866,-0.003357,-0.01527,-0.001602,-849521973,52
7,0,0,0,0,0,0,0,0,0,0,0,0,0,0,0
8,-0.05713,0.9746,0.04248,-0.3338,0.1049,-0.1945,0.44699,0.39368,0.57031,0.56565,0.007355,-0.02252,0.002975,-849832618,126
9,-0.418,0.9233,-0.02344,-0.8183,2.18,-0.4749,0.56355,0.36268,0.62077,0.40684,-0.0134,0.00946,0.01036,-850466450,70
10,0.2354,0.9348,-0.2854,0.4349,0.6866,-1.265,0.0017805,-0.19309,-0.77874,-0.59689,0.002075,0.005859,0.002029,-850142474,68
11,0,0,0,0,0,0,0,0,0,0,0,0,0,0,0
12,0.2886,0.9312,-0.021,-0.8945,-1.059,0.5836,-3.994,-31.694,22.635,0.035571,-0.1642,-0.6977,-0.6965,-849857479,98
13,0.1821,0.9927,0.01855,1.802,-20.37,15.38,0.055212,-0.045948,-0.68117,-0.7286,0.03996,0.005173,-0.04924,602493643,98
14,0,0,0,0,0,0,0,0,0,0,0,0,0,0,0
15,-0.03174,0.02979,1.037,0.2232,0.2651,0.09918,-36.45,27.6,36.45,0.89412,0.0197,0.002569,-0.4474,-1439293609,108
16,0,0,0,0,0,0,0,0,0,0,0,0,0,0,0
17,0,0,0,0,0,0,0,0,0,0,0,0,0,0,0
18,0,0,0,0,0,0,0,0,0,0,0,0,0,0,0
1,0,0,0,0,0,0,0,0,0,0,0,0,0,0,0
2,-0.2017,0.96,-0.01074,0.4044,0.04387,0.1183,27.72,-22.611,4.5809,0.4927,0.3818,0.5992,0.5024,-850606223,66
3,0,0,0,0,0,0,0,0,0,0,0,0,0,0,0
4,0,0,0,0,0,0,0,0,0,0,0,0,0,0,0
5,0.04883,0.9893,-0.0459,-0.1316,0.3643,-0.3567,0.4315,0.48253,0.54236,0.53555,6.104e-05,-0.008087,0.008102,-849451172,68
6,0.08252,0.9883,-0.1274,0.9155,-0.8049,0.08202,0.1764,0.25663,0.70343,0.63891,0.002777,-0.001114,-0.006088,-849441365,52
7,0,0,0,0,0,0,0,0,0,0,0,0,0,0,0
8,-0.05566,0.9731,0.04004,0.09346,0.1049,-0.1945,0.44729,0.39412,0.57001,0.56541,0.008591,-0.024,0.0005341,-849772628,126
9,-0.3999,0.8979,-0.0376,-0.6962,3.157,-1.635,0.56342,0.36144,0.62139,0.40719,0.005951,-0.01537,-0.004074,-850373969,70
10,0.2402,0.9504,-0.2844,0.3128,-0.473,-0.9594,0.0012441,-0.19199,-0.77937,-0.59642,0.009277,0.02126,0.00415,-850012481,68
11,0,0,0,0,0,0,0,0,0,0,0,0,0,0,0
12,0.2783,0.9478,-0.04443,-0.1011,-0.5703,0.6447,-3.994,-32.144,24.135,0.034882,-0.1648,-0.6975,-0.6965,-849779209,98
13,0.1821,0.9927,0.01855,1.802,-20.37,15.38,0.055212,-0.045948,-0.68117,-0.7286,0.03996,0.005173,-0.04924,602493643,98
14,0,0,0,0,0,0,0,0,0,0,0,0,0,0,0
15,-0.03174,0.02979,1.037,0.2232,0.2651,0.09918,-36.45,27.6,36.45,0.89412,0.0197,0.002569,-0.4474,-1439293609,108
16,0,0,0,0,0,0,0,0,0,0,0,0,0,0,0
17,0,0,0,0,0,0,0,0,0,0,0,0,0,0,0
18,0,0,0,0,0,0,0,0,0,0,0,0,0,0,0
1,0,0,0,0,0,0,0,0,0,0,0,0,0,0,0
2,-0.2075,0.9683,-0.0127,-0.145,0.7763,-0.248,28.77,-20.811,5.6308,0.49285,0.382,0.599,0.5023,-850549305,66
3,0,0,0,0,0,0,0,0,0,0,0,0,0,0,0
4,0,0,0,0,0,0,0,0,0,0,0,0,0,0,0
5,0.05273,0.9917,-0.04736,0.2346,0.1812,-0.1736,0.43156,0.48249,0.54234,0.53556,0.004044,-0.005646,0.0065,-849372961,68
6,0.07568,0.9829,-0.123,1.16,-0.1335,-0.1011,0.17589,0.25598,0.70368,0.63905,-0.003937,-0.006485,-0.001663,-849371387,52
7,0,0,0,0,0,0,0,0,0,0,0,0,0,0,0
8,-0.06445,0.9727,0.03809,-0.5169,0.04387,0.2937,0.44745,0.39419,0.56987,0.56537,-0.0001984,-0.02448,-0.001617,-849682720,126
9,-0.3931,0.9141,-0.04297,-0.5131,1.692,-0.536,0.5631,0.36087,0.62203,0.40713,0.01363,0.001144,-0.008652,-850273404,70
10,0.2344,0.9451,-0.3054,-1.396,1.48,-0.1659,0.0013487,-0.19219,-0.77892,-0.59694,0.002823,0.01566,-0.0181,-849892479,68
11,0,0,0,0,0,0,0,0,0,0,0,0,0,0,0
12,0.2808,0.9399,-0.0332,0.3872,0.2232,0.5836,-5.194,-32.744,23.835,0.035435,-0.1644,-0.6976,-0.6964,-849679752,98
13,0.1821,0.9927,0.01855,1.802,-20.37,15.38,0.055212,-0.045948,-0.68117,-0.7286,0.03996,0.005173,-0.04924,602493643,98
14,0,0,0,0,0,0,0,0,0,0,0,0,0,0,0
15,-0.03174,0.02979,1.037,0.2232,0.2651,0.09918,-36.45,27.6,36.45,0.89412,0.0197,0.002569,-0.4474,-1439293609,108
16,0,0,0,0,0,0,0,0,0,0,0,0,0,0,0
17,0,0,0,0,0,0,0,0,0,0,0,0,0,0,0
18,0,0,0,0,0,0,0,0,0,0,0,0,0,0,0
1,0,0,0,0,0,0,0,0,0,0,0,0,0,0,0
2,-0.1978,0.9697,-0.004883,0.3433,0.6542,-0.1259,30.12,-21.861,5.9308,0.49288,0.382,0.599,0.5023,-850536170,66
3,0,0,0,0,0,0,0,0,0,0,0,0,0,0,0
4,0,0,0,0,0,0,0,0,0,0,0,0,0,0,0
5,0.04883,0.9863,-0.0542,0.2956,-0.001907,-0.2346,0.43155,0.48249,0.5423,0.53561,4.578e-05,-0.01102,-0.000412,-849293001,68
6,0.09229,0.9795,-0.1138,0.4883,0.1106,0.1431,0.17549,0.25569,0.70382,0.63911,0.0125,-0.009888,0.007721,-849291371,52
7,0,0,0,0,0,0,0,0,0,0,0,0,0,0,0
8,-0.0498,0.9888,0.03857,-0.1507,-0.01717,0.04959,0.44738,0.39399,0.56988,0.56555,0.01447,-0.008347,-0.001419,-849622644,126
9,-0.4111,0.8989,-0.04932,0.8907,2.607,-0.2918,0.56255,0.36041,0.62261,0.40742,-0.004288,-0.01389,-0.01422,-850183393,70
10,0.2275,0.9329,-0.2834,0.618,-0.5341,0.8717,0.0014382,-0.19252,-0.77871,-0.59712,-0.004608,0.003464,0.003448,-849752011,68
11,0,0,0,0,0,0,0,0,0,0,0,0,0,0,0
12,0.2603,0.9375,-0.02637,0.9365,1.627,0.03433,-5.194,-31.544,23.535,0.035344,-0.1644,-0.6977,-0.6963,-849619230,98
13,0.1821,0.9927,0.01855,1.802,-20.37,15.38,0.055212,-0.045948,-0.68117,-0.7286,0.03996,0.005173,-0.04924,602493643,98
14,0,0,0,0,0,0,0,0,0,0,0,0,0,0,0
15,-0.03174,0.02979,1.037,0.2232,0.2651,0.09918,-36.45,27.6,36.45,0.89412,0.0197,0.002569,-0.4474,-1439293609,108
16,0,0,0,0,0,0,0,0,0,0,0,0,0,0,0
17,0,0,0,0,0,0,0,0,0,0,0,0,0,0,0
18,0,0,0,0,0,0,0,0,0,0,0,0,0,0,0
1,0,0,0,0,0,0,0,0,0,0,0,0,0,0,0
2,-0.2061,0.9727,-0.0166,0.1602,-0.3223,0.5455,29.37,-19.611,5.3309,0.493,0.3823,0.5988,0.5022,-850477972,66
3,0,0,0,0,0,0,0,0,0,0,0,0,0,0,0
4,0,0,0,0,0,0,0,0,0,0,0,0,0,0,0
5,0.04834,0.9868,-0.05127,-0.1926,-0.06294,-0.2346,0.43152,0.48252,0.54225,0.53566,-0.0006104,-0.01053,0.002457,-849223598,68
6,0.06982,0.9961,-0.1221,0.1831,-0.4387,0.2651,0.17648,0.25674,0.70338,0.6389,-0.009964,0.006699,-0.0007324,-849221463,52
7,0,0,0,0,0,0,0,0,0,0,0,0,0,0,0
8,-0.06738,0.9741,0.05029,0.09346,-0.1392,-0.07248,0.4474,0.39393,0.56978,0.56569,-0.00322,-0.02299,0.009964,-849520970,126
9,-0.4063,0.9082,-0.03369,0.2804,1.631,0.3185,0.56195,0.36016,0.62319,0.40759,0.0005646,-0.004593,0.002472,-850113473,70
10,0.2212,0.95,-0.3162,-0.2975,1.053,0.5054,0.001636,-0.19219,-0.77886,-0.59703,-0.01083,0.02058,-0.02905,-849691872,68
11,0,0,0,0,0,0,0,0,0,0,0,0,0,0,0
12,0.2803,0.9326,-0.02197,0.3262,0.2842,-0.1488,-5.0441,-31.694,22.185,0.03582,-0.164,-0.6979,-0.6963,-849549130,98
13,0.1821,0.9927,0.01855,1.802,-20.37,15.38,0.055212,-0.045948,-0.68117,-0.7286,0.03996,0.005173,-0.04924,602493643,98
14,0,0,0,0,0,0,0,0,0,0,0,0,0,0,0
15,-0.03174,0.02979,1.037,0.2232,0.2651,0.09918,-36.45,27.6,36.45,0.89412,0.0197,0.002569,-0.4474,-1439293609,108
16,0,0,0,0,0,0,0,0,0,0,0,0,0,0,0
17,0,0,0,0,0,0,0,0,0,0,0,0,0,0,0
18,0,0,0,0,0,0,0,0,0,0,0,0,0,0,0
1,0,0,0,0,0,0,0,0,0,0,0,0,0,0,0
2,-0.1948,0.9629,-0.0127,0.09918,0.1049,0.7896,29.97,-20.961,5.7809,0.49304,0.3824,0.5988,0.5022,-850466187,66
3,0,0,0,0,0,0,0,0,0,0,0,0,0,0,0
4,0,0,0,0,0,0,0,0,0,0,0,0,0,0,0
5,0.04492,0.9844,-0.04785,0.3567,-0.06294,-0.1125,0.43163,0.48241,0.54218,0.53574,-0.003922,-0.013,0.005524,-849143614,68
6,0.08154,0.9912,-0.1235,0.6714,-0.7439,-0.2842,0.17502,0.25524,0.70404,0.63917,0.001709,0.001862,-0.001877,-849141467,52
7,0,0,0,0,0,0,0,0,0,0,0,0,0,0,0
8,-0.05176,0.9741,0.04395,0.1545,0.4101,0.1106,0.44794,0.39435,0.56936,0.56539,0.01241,-0.02298,0.003326,-849422656,126
9,-0.415,0.9199,-0.02686,-0.2689,2.119,0.4406,0.56202,0.36046,0.62312,0.40734,-0.008286,0.007111,0.009583,-850031658,70
10,0.2324,0.9475,-0.2991,1.656,-0.8392,0.5665,0.0023349,-0.19141,-0.77972,-0.59615,0.0005646,0.01875,-0.009872,-849561851,68
11,0,0,0,0,0,0,0,0,0,0,0,0,0,0,0
12,0.2568,0.9404,-0.01855,-0.3452,0.3452,0.2785,-6.5441,-32.144,22.185,0.035648,-0.1641,-0.6977,-0.6964,-849479131,98
13,0.1821,0.9927,0.01855,1.802,-20.37,15.38,0.055212,-0.045948,-0.68117,-0.7286,0.03996,0.005173,-0.04924,602493643,98
14,0,0,0,0,0,0,0,0,0,0,0,0,0,0,0
15,-0.03174,0.02979,1.037,0.2232,0.2651,0.09918,-36.45,27.6,36.45,0.89412,0.0197,0.002569,-0.4474,-1439293609,108
16,0,0,0,0,0,0,0,0,0,0,0,0,0,0,0
17,0,0,0,0,0,0,0,0,0,0,0,0,0,0,0
18,0,0,0,0,0,0,0,0,0,0,0,0,0,0,0
1,0,0,0,0,0,0,0,0,0,0,0,0,0,0,0
2,-0.2036,0.9722,-0.006348,-0.08392,0.5322,0.7896,28.32,-21.861,5.6308,0.49305,0.3824,0.5988,0.5021,-850451367,66
3,0,0,0,0,0,0,0,0,0,0,0,0,0,0,0
4,0,0,0,0,0,0,0,0,0,0,0,0,0,0,0
5,0.05225,0.9888,-0.04297,0.3567,-0.185,-0.1125,0.43164,0.48239,0.54219,0.53573,0.003464,-0.008606,0.01039,-849083000,68
6,0.1025,0.9761,-0.1172,0.3662,0.2937,0.2651,0.17429,0.25459,0.70431,0.63934,0.02252,-0.01324,0.004562,-849071941,52
7,0,0,0,0,0,0,0,0,0,0,0,0,0,0,0
8,-0.06934,0.9771,0.03857,-0.3338,-0.01717,0.3548,0.44809,0.39439,0.56916,0.56544,-0.005264,-0.02005,-0.002441,-849302599,126
9,-0.4053,0.8989,-0.03418,-0.452,0.8373,-0.1698,0.56161,0.35977,0.62348,0.40796,0.001511,-0.01387,0.002151,-849903541,70
10,0.2422,0.9465,-0.2834,-0.1144,0.5646,-0.1659,0.0024238,-0.19138,-0.77969,-0.59619,0.01022,0.01778,0.005661,-849432464,68
11,0,0,0,0,0,0,0,0,0,0,0,0,0,0,0
12,0.2876,0.9438,-0.02686,-0.7725,-1.242,0.7668,-4.2941,-31.394,23.385,0.035806,-0.164,-0.6977,-0.6965,-849437458,98
13,0.1821,0.9927,0.01855,1.802,-20.37,15.38,0.055212,-0.045948,-0.68117,-0.7286,0.03996,0.005173,-0.04924,602493643,98
14,0,0,0,0,0,0,0,0,0,0,0,0,0,0,0
15,-0.03174,0.02979,1.037,0.2232,0.2651,0.09918,-36.45,27.6,36.45,0.89412,0.0197,0.002569,-0.4474,-1439293609,108
16,0,0,0,0,0,0,0,0,0,0,0,0,0,0,0
17,0,0,0,0,0,0,0,0,0,0,0,0,0,0,0
18,0,0,0,0,0,0,0,0,0,0,0,0,0,0,0
1,0,0,0,0,0,0,0,0,0,0,0,0,0,0,0
2,-0.2036,0.957,0.007324,0.2213,0.8373,0.5455,27.72,-21.561,4.5809,0.49311,0.3824,0.5987,0.5021,-850438187,66
3,0,0,0,0,0,0,0,0,0,0,0,0,0,0,0
4,0,0,0,0,0,0,0,0,0,0,0,0,0,0,0
5,0.04932,0.9863,-0.0498,0.1736,-0.001907,-0.1736,0.43167,0.48236,0.54218,0.53574,0.0005798,-0.01105,0.003479,-848993106,68
6,0.0791,0.9883,-0.1289,0.9155,0.1717,0.1431,0.17462,0.25507,0.70419,0.63918,-0.001022,-0.001007,-0.006989,-848991957,52
7,0,0,0,0,0,0,0,0,0,0,0,0,0,0,0
8,-0.06055,0.9707,0.0498,0.2766,-0.2003,0.2327,0.44825,0.39456,0.56889,0.56547,0.003235,-0.0264,0.008438,-849182722,126
9,-0.3989,0.9087,-0.02344,-0.33,0.1659,-0.04768,0.56162,0.35961,0.6235,0.40805,0.00795,-0.004074,0.01273,-849813302,70
10,0.2378,0.9509,-0.2981,-0.2975,0.4425,0.0782,0.0024638,-0.19135,-0.77968,-0.59623,0.005783,0.02216,-0.009064,-849401868,68
11,0,0,0,0,0,0,0,0,0,0,0,0,0,0,0
12,0.27,0.937,-0.021,-0.8945,-1.242,0.7668,-5.644,-31.094,22.785,0.035286,-0.1647,-0.6975,-0.6965,-849409225,98
13,0.1821,0.9927,0.01855,1.802,-20.37,15.38,0.055212,-0.045948,-0.68117,-0.7286,0.03996,0.005173,-0.04924,602493643,98
14,0,0,0,0,0,0,0,0,0,0,0,0,0,0,0
15,-0.03174,0.02979,1.037,0.2232,0.2651,0.09918,-36.45,27.6,36.45,0.89412,0.0197,0.002569,-0.4474,-1439293609,108
16,0,0,0,0,0,0,0,0,0,0,0,0,0,0,0
17,0,0,0,0,0,0,0,0,0,0,0,0,0,0,0
18,0,0,0,0,0,0,0,0,0,0,0,0,0,0,0
1,0,0,0,0,0,0,0,0,0,0,0,0,0,0,0
2,-0.2046,0.9658,-0.01367,-0.4501,0.1659,0.6065,27.72,-21.561,4.5809,0.49323,0.3825,0.5986,0.502,-850435503,66
3,0,0,0,0,0,0,0,0,0,0,0,0,0,0,0
4,0,0,0,0,0,0,0,0,0,0,0,0,0,0,0
5,0.04199,0.9873,-0.04688,0.4787,0.2422,-0.2346,0.43168,0.48236,0.54218,0.53574,-0.006744,-0.01007,0.006409,-848913107,68
6,0.07373,0.9795,-0.1235,0.4272,-0.5608,0.08202,0.1753,0.2559,0.70395,0.63894,-0.00647,-0.009781,-0.00148,-848921366,52
7,0,0,0,0,0,0,0,0,0,0,0,0,0,0,0
8,-0.06152,0.9766,0.04248,0.3986,0.1049,0.04959,0.44856,0.39478,0.56852,0.56544,0.00206,-0.02052,0.0006256,-849082740,126
9,-0.4087,0.9136,-0.03955,0.4635,-0.4444,0.3185,0.56073,0.3587,0.62432,0.40883,-0.001831,0.0008392,-0.00267,-849681493,70
10,0.2495,0.9543,-0.3015,-0.8469,-0.473,1.177,0.0025136,-0.19176,-0.77932,-0.59656,0.0168,0.0255,-0.01328,-849331973,68
11,0,0,0,0,0,0,0,0,0,0,0,0,0,0,0
12,0.2739,0.9414,-0.04199,-1.444,-1.791,0.8278,-6.5441,-32.144,22.635,0.035062,-0.166,-0.697,-0.6967,-849339131,98
13,0.1821,0.9927,0.01855,1.802,-20.37,15.38,0.055212,-0.045948,-0.68117,-0.7286,0.03996,0.005173,-0.04924,602493643,98
14,0,0,0,0,0,0,0,0,0,0,0,0,0,0,0
15,-0.03174,0.02979,1.037,0.2232,0.2651,0.09918,-36.45,27.6,36.45,0.89412,0.0197,0.002569,-0.4474,-1439293609,108
16,0,0,0,0,0,0,0,0,0,0,0,0,0,0,0
17,0,0,0,0,0,0,0,0,0,0,0,0,0,0,0
18,0,0,0,0,0,0,0,0,0,0,0,0,0,0,0
1,0,0,0,0,0,0,0,0,0,0,0,0,0,0,0
2,-0.2134,0.9619,-0.01563,0.3433,1.326,-0.248,29.82,-20.361,6.3808,0.49144,0.378,0.6016,0.5037,-850043549,66
3,0,0,0,0,0,0,0,0,0,0,0,0,0,0,0
4,0,0,0,0,0,0,0,0,0,0,0,0,0,0,0
5,0.05713,0.979,-0.05225,0.2346,0.3033,-0.1736,0.43163,0.48241,0.54225,0.53567,0.008423,-0.01837,0.001266,-848843000,68
6,0.09033,0.9844,-0.1245,0.7324,0.1717,-0.04005,0.17471,0.25533,0.70426,0.63898,0.01013,-0.004852,-0.002151,-848841331,52
7,0,0,0,0,0,0,0,0,0,0,0,0,0,0,0
8,-0.06543,0.9736,0.04883,0.03242,0.1049,-0.1945,0.44882,0.39504,0.56831,0.56526,-0.001892,-0.02345,0.006912,-849012645,126
9,-0.4014,0.9038,-0.04297,0.2804,-1.177,0.3185,0.56058,0.35857,0.62441,0.40901,0.005402,-0.008972,-0.006042,-849623991,70
10,0.2451,0.9465,-0.301,-2.434,0.2594,0.3834,0.0028028,-0.19248,-0.77841,-0.59751,0.01074,0.0174,-0.01508,-849250119,68
11,0,0,0,0,0,0,0,0,0,0,0,0,0,0,0
12,0.2808,0.9341,-0.01953,-1.383,1.871,-0.2098,-5.7941,-30.644,23.385,0.035764,-0.1657,-0.6965,-0.6973,-849269127,98
13,0.1821,0.9927,0.01855,1.802,-20.37,15.38,0.055212,-0.045948,-0.68117,-0.7286,0.03996,0.005173,-0.04924,602493643,98
14,0,0,0,0,0,0,0,0,0,0,0,0,0,0,0
15,-0.03174,0.02979,1.037,0.2232,0.2651,0.09918,-36.45,27.6,36.45,0.89412,0.0197,0.002569,-0.4474,-1439293609,108
16,0,0,0,0,0,0,0,0,0,0,0,0,0,0,0
17,0,0,0,0,0,0,0,0,0,0,0,0,0,0,0
18,0,0,0,0,0,0,0,0,0,0,0,0,0,0,0
1,0,0,0,0,0,0,0,0,0,0,0,0,0,0,0
2,-0.2188,0.9707,-0.01465,0.5875,0.5322,0.3014,28.02,-21.111,4.5809,0.49171,0.3783,0.6014,0.5034,-849973493,66
3,0,0,0,0,0,0,0,0,0,0,0,0,0,0,0
4,0,0,0,0,0,0,0,0,0,0,0,0,0,0,0
5,0.05371,0.9849,-0.05811,-0.07057,-0.06294,0.07057,0.43158,0.48246,0.54231,0.5356,0.005005,-0.0125,-0.004364,-848793001,68
6,0.08203,0.9849,-0.1216,0.6714,0.1717,0.02098,0.17475,0.25533,0.70427,0.63896,0.001892,-0.004364,0.000824,-848771489,52
7,0,0,0,0,0,0,0,0,0,0,0,0,0,0,0
8,-0.07373,0.9751,0.04785,-0.4559,0.1659,-0.01144,0.44885,0.39501,0.56826,0.56532,-0.01021,-0.02199,0.005753,-848912640,126
9,-0.4189,0.9106,-0.03906,1.135,-0.01717,-0.1087,0.56014,0.35905,0.62482,0.40857,-0.01234,-0.002136,-0.0004272,-849523383,70
10,0.2246,0.9387,-0.2874,-1.213,1.602,-0.5322,0.0029987,-0.1921,-0.77794,-0.59824,-0.009903,0.009079,-0.003159,-849191872,68
11,0,0,0,0,0,0,0,0,0,0,0,0,0,0,0
12,0.2764,0.9277,-0.03906,-0.5894,-1.303,-0.2708,-5.0441,-32.144,23.385,0.035779,-0.1653,-0.6964,-0.6974,-849189135,98
13,0.1821,0.9927,0.01855,1.802,-20.37,15.38,0.055212,-0.045948,-0.68117,-0.7286,0.03996,0.005173,-0.04924,602493643,98
14,0,0,0,0,0,0,0,0,0,0,0,0,0,0,0
15,-0.03174,0.02979,1.037,0.2232,0.2651,0.09918,-36.45,27.6,36.45,0.89412,0.0197,0.002569,-0.4474,-1439293609,108
16,0,0,0,0,0,0,0,0,0,0,0,0,0,0,0
17,0,0,0,0,0,0,0,0,0,0,0,0,0,0,0
18,0,0,0,0,0,0,0,0,0,0,0,0,0,0,0
1,0,0,0,0,0,0,0,0,0,0,0,0,0,0,0
2,-0.1899,0.9634,-0.01318,0.4654,0.4711,0.3014,29.67,-22.461,5.1808,0.49179,0.3784,0.6014,0.5033,-849960539,66
3,0,0,0,0,0,0,0,0,0,0,0,0,0,0,0
4,0,0,0,0,0,0,0,0,0,0,0,0,0,0,0
5,0.05615,0.9912,-0.05859,-0.1926,0.1202,0.1926,0.43165,0.48239,0.54232,0.53559,0.007629,-0.006165,-0.004959,-848693021,68
6,0.0791,0.9844,-0.1284,0.9155,-0.01144,-0.04005,0.17458,0.25502,0.70438,0.63901,-0.0008698,-0.004868,-0.006042,-848691475,52
7,0,0,0,0,0,0,0,0,0,0,0,0,0,0,0
8,-0.05762,0.9722,0.04102,-0.2117,-0.01717,0.1106,0.44878,0.39494,0.56837,0.56531,0.005997,-0.02492,-0.0009308,-848813207,126
9,-0.4053,0.9219,-0.04736,-0.2689,0.6542,1.295,0.56011,0.35975,0.62434,0.40873,4.578e-05,0.008514,-0.008911,-849373377,70
10,0.2363,0.9353,-0.2834,-0.1144,-1.144,-0.349,0.0026321,-0.19232,-0.77801,-0.59809,0.002182,0.005692,0.001129,-849132464,68
11,0,0,0,0,0,0,0,0,0,0,0,0,0,0,0
12,0.2764,0.9395,-0.03076,-0.1621,1.871,-0.6981,-7.2941,-31.694,22.185,0.035965,-0.1653,-0.6964,-0.6974,-849139725,98
13,0.1821,0.9927,0.01855,1.802,-20.37,15.38,0.055212,-0.045948,-0.68117,-0.7286,0.03996,0.005173,-0.04924,602493643,98
14,0,0,0,0,0,0,0,0,0,0,0,0,0,0,0
15,-0.03174,0.02979,1.037,0.2232,0.2651,0.09918,-36.45,27.6,36.45,0.89412,0.0197,0.002569,-0.4474,-1439293609,108
16,0,0,0,0,0,0,0,0,0,0,0,0,0,0,0
17,0,0,0,0,0,0,0,0,0,0,0,0,0,0,0
18,0,0,0,0,0,0,0,0,0,0,0,0,0,0,0
1,0,0,0,0,0,0,0,0,0,0,0,0,0,0,0
2,-0.209,0.9634,0.001465,0.7095,0.8373,0.3624,30.27,-20.661,6.2309,0.49191,0.3786,0.6013,0.5032,-849903635,66
3,0,0,0,0,0,0,0,0,0,0,0,0,0,0,0
4,0,0,0,0,0,0,0,0,0,0,0,0,0,0,0
5,0.05566,0.9873,-0.05127,-0.1316,0.1202,-0.1736,0.43163,0.48242,0.54231,0.5356,0.007065,-0.01006,0.002396,-848633015,68
6,0.08301,0.9766,-0.1143,0.8545,-0.8659,0.08202,0.17426,0.25478,0.70448,0.63909,0.002884,-0.01266,0.008148,-848621957,52
7,0,0,0,0,0,0,0,0,0,0,0,0,0,0,0
8,-0.05664,0.9639,0.05469,-0.2728,0.288,-0.1945,0.44868,0.39471,0.56841,0.56551,0.007004,-0.0332,0.01248,-848712702,126
9,-0.4023,0.9023,-0.03223,-0.1469,-1.177,1.417,0.55991,0.3604,0.62385,0.40918,0.001328,-0.01176,0.00592,-849273458,70
10,0.2256,0.9666,-0.2913,0.06866,-0.1068,-0.9594,0.0026935,-0.19224,-0.7781,-0.59799,-0.008514,0.037,-0.006439,-849071968,68
11,0,0,0,0,0,0,0,0,0,0,0,0,0,0,0
12,0.2666,0.9395,-0.02588,0.7534,0.2842,-1.003,-6.394,-32.744,23.535,0.036708,-0.1639,-0.6968,-0.6973,-849027351,98
13,0.1821,0.9927,0.01855,1.802,-20.37,15.38,0.055212,-0.045948,-0.68117,-0.7286,0.03996,0.005173,-0.04924,602493643,98
14,0,0,0,0,0,0,0,0,0,0,0,0,0,0,0
15,-0.03174,0.02979,1.037,0.2232,0.2651,0.09918,-36.45,27.6,36.45,0.89412,0.0197,0.002569,-0.4474,-1439293609,108
16,0,0,0,0,0,0,0,0,0,0,0,0,0,0,0
17,0,0,0,0,0,0,0,0,0,0,0,0,0,0,0
18,0,0,0,0,0,0,0,0,0,0,0,0,0,0,0
1,0,0,0,0,0,0,0,0,0,0,0,0,0,0,0
2,-0.209,0.9648,-0.01074,-0.145,1.02,0.4234,26.82,-22.011,5.7809,0.49196,0.3785,0.6012,0.5033,-849833585,66
3,0,0,0,0,0,0,0,0,0,0,0,0,0,0,0
4,0,0,0,0,0,0,0,0,0,0,0,0,0,0,0
5,0.05566,0.9897,-0.04883,-0.1316,0.3033,0.07057,0.43162,0.48243,0.54228,0.53564,0.006973,-0.007614,0.004776,-848573107,68
6,0.07959,0.9956,-0.1226,0.3662,0.4158,-0.1011,0.17457,0.25498,0.70441,0.639,-0.0003357,0.006363,-0.0001373,-848551371,52
7,0,0,0,0,0,0,0,0,0,0,0,0,0,0,0
8,-0.06494,0.9756,0.04004,-0.4559,0.227,-0.01144,0.44852,0.39455,0.56846,0.56569,-0.001389,-0.02148,-0.002319,-848632709,126
9,-0.4023,0.9023,-0.03223,-0.1469,-1.177,1.417,0.55991,0.3604,0.62385,0.40918,0.001328,-0.01176,0.00592,-849273458,70
10,0.231,0.9417,-0.2888,0.1907,0.2594,-1.081,0.0022349,-0.19252,-0.77809,-0.59791,-0.002747,0.01205,-0.003815,-849001818,68
11,0,0,0,0,0,0,0,0,0,0,0,0,0,0,0
12,0.2881,0.9497,-0.03076,0.6313,-0.02098,-0.1488,-4.2941,-32.144,21.585,0.036699,-0.1639,-0.6969,-0.6973,-848909225,98
13,0.1821,0.9927,0.01855,1.802,-20.37,15.38,0.055212,-0.045948,-0.68117,-0.7286,0.03996,0.005173,-0.04924,602493643,98
14,0,0,0,0,0,0,0,0,0,0,0,0,0,0,0
15,-0.03174,0.02979,1.037,0.2232,0.2651,0.09918,-36.45,27.6,36.45,0.89412,0.0197,0.002569,-0.4474,-1439293609,108
16,0,0,0,0,0,0,0,0,0,0,0,0,0,0,0
17,0,0,0,0,0,0,0,0,0,0,0,0,0,0,0
18,0,0,0,0,0,0,0,0,0,0,0,0,0,0,0
1,0,0,0,0,0,0,0,0,0,0,0,0,0,0,0
2,-0.2061,0.9697,-0.01611,0.09918,0.4101,-0.003815,29.67,-22.461,5.1808,0.49155,0.378,0.6015,0.5037,-849707462,66
3,0,0,0,0,0,0,0,0,0,0,0,0,0,0,0
4,0,0,0,0,0,0,0,0,0,0,0,0,0,0,0
5,0.05078,0.9722,-0.05957,-0.009537,0.05913,0.009537,0.43162,0.48242,0.54228,0.53564,0.002106,-0.02519,-0.005981,-848543109,68
6,0.0752,0.9717,-0.1294,-0.06104,0.2327,0.2041,0.17446,0.2548,0.70457,0.63892,-0.004562,-0.01755,-0.006683,-848481467,52
7,0,0,0,0,0,0,0,0,0,0,0,0,0,0,0
8,-0.07373,0.9814,0.05127,0.03242,0.1659,-0.3777,0.44847,0.39444,0.56849,0.56578,-0.01015,-0.01563,0.00882,-848572648,126
9,-0.4028,0.9106,-0.04443,-0.5741,-1.177,1.112,0.55989,0.3604,0.62371,0.40941,0.0005035,-0.003616,-0.006622,-849261556,70
10,0.2158,0.9568,-0.2976,0.06866,-0.9003,-0.9594,0.0023835,-0.19225,-0.77818,-0.59789,-0.01778,0.02718,-0.01256,-848981847,68
11,0,0,0,0,0,0,0,0,0,0,0,0,0,0,0
12,0.2646,0.9346,-0.02441,0.3262,-0.5093,0.5836,-4.444,-31.994,22.785,0.036467,-0.164,-0.6968,-0.6973,-848829238,98
13,0.1821,0.9927,0.01855,1.802,-20.37,15.38,0.055212,-0.045948,-0.68117,-0.7286,0.03996,0.005173,-0.04924,602493643,98
14,0,0,0,0,0,0,0,0,0,0,0,0,0,0,0
15,-0.03174,0.02979,1.037,0.2232,0.2651,0.09918,-36.45,27.6,36.45,0.89412,0.0197,0.002569,-0.4474,-1439293609,108
16,0,0,0,0,0,0,0,0,0,0,0,0,0,0,0
17,0,0,0,0,0,0,0,0,0,0,0,0,0,0,0
18,0,0,0,0,0,0,0,0,0,0,0,0,0,0,0
1,0,0,0,0,0,0,0,0,0,0,0,0,0,0,0
2,-0.2124,0.9658,-0.02197,-0.206,1.081,-0.37,29.22,-20.961,6.8309,0.49169,0.3782,0.6014,0.5036,-849665671,66
3,0,0,0,0,0,0,0,0,0,0,0,0,0,0,0
4,0,0,0,0,0,0,0,0,0,0,0,0,0,0,0
5,0.03809,0.9771,-0.05469,0.2956,0.3033,-0.1736,0.43164,0.4824,0.5423,0.53562,-0.01051,-0.02032,-0.001083,-848502991,68
6,0.08203,0.9854,-0.1191,0.7935,-0.2556,0.1431,0.17472,0.25502,0.70451,0.63882,0.002396,-0.003876,0.003616,-848336880,52
7,0,0,0,0,0,0,0,0,0,0,0,0,0,0,0
8,-0.06689,0.9688,0.03955,0.1545,0.1049,-0.3166,0.44862,0.39453,0.56834,0.56575,-0.003357,-0.02831,-0.003098,-848532717,126
9,-0.3984,0.9102,-0.03125,-0.452,0.1049,-0.3529,0.55963,0.35992,0.62387,0.40995,0.00473,-0.004196,0.006271,-849113973,70
10,0.2515,0.9309,-0.2888,0.8621,-1.633,-0.7153,0.0022234,-0.19215,-0.77833,-0.59773,0.0183,0.001312,-0.003372,-848962479,68
11,0,0,0,0,0,0,0,0,0,0,0,0,0,0,0
12,0.2754,0.9302,-0.02002,0.5703,0.6504,0.7057,-6.244,-32.444,22.635,0.036314,-0.1644,-0.6968,-0.6972,-848759718,98
13,0.1821,0.9927,0.01855,1.802,-20.37,15.38,0.055212,-0.045948,-0.68117,-0.7286,0.03996,0.005173,-0.04924,602493643,98
14,0,0,0,0,0,0,0,0,0,0,0,0,0,0,0
15,-0.03174,0.02979,1.037,0.2232,0.2651,0.09918,-36.45,27.6,36.45,0.89412,0.0197,0.002569,-0.4474,-1439293609,108
16,0,0,0,0,0,0,0,0,0,0,0,0,0,0,0
17,0,0,0,0,0,0,0,0,0,0,0,0,0,0,0
18,0,0,0,0,0,0,0,0,0,0,0,0,0,0,0
1,0,0,0,0,0,0,0,0,0,0,0,0,0,0,0
2,-0.2124,0.9658,-0.02197,-0.206,1.081,-0.37,29.22,-20.961,6.8309,0.49169,0.3782,0.6014,0.5036,-849665671,66
3,0,0,0,0,0,0,0,0,0,0,0,0,0,0,0
4,0,0,0,0,0,0,0,0,0,0,0,0,0,0,0
5,0.04834,0.9893,-0.04932,0.1736,0.1202,0.009537,0.43165,0.4824,0.5423,0.53561,-0.0002441,-0.008118,0.004288,-848473623,68
6,0.08398,0.9922,-0.1279,0.5493,-0.07248,0.08202,0.17461,0.25492,0.70465,0.63875,0.004425,0.002991,-0.004898,-848287451,52
7,0,0,0,0,0,0,0,0,0,0,0,0,0,0,0
8,-0.06396,0.9741,0.04785,0.2766,0.1659,-0.6218,0.44854,0.39445,0.56836,0.56584,-0.0004883,-0.02293,0.005112,-848470959,126
9,-0.4082,0.9199,-0.03369,-0.6962,-0.5054,0.01335,0.55963,0.3599,0.62387,0.40996,-0.005005,0.005585,0.003799,-849103379,70
10,0.2397,0.9377,-0.2761,0.4349,-0.5341,-0.9594,0.0020199,-0.19244,-0.77825,-0.59773,0.006546,0.008163,0.009308,-848941874,68
11,0,0,0,0,0,0,0,0,0,0,0,0,0,0,0
12,0.2593,0.9438,-0.02979,0.6924,-1.059,0.5836,-5.494,-30.644,23.385,0.036552,-0.1642,-0.6971,-0.697,-848699227,98
13,0.1821,0.9927,0.01855,1.802,-20.37,15.38,0.055212,-0.045948,-0.68117,-0.7286,0.03996,0.005173,-0.04924,602493643,98
14,0,0,0,0,0,0,0,0,0,0,0,0,0,0,0
15,-0.03174,0.02979,1.037,0.2232,0.2651,0.09918,-36.45,27.6,36.45,0.89412,0.0197,0.002569,-0.4474,-1439293609,108
16,0,0,0,0,0,0,0,0,0,0,0,0,0,0,0
17,0,0,0,0,0,0,0,0,0,0,0,0,0,0,0
18,0,0,0,0,0,0,0,0,0,0,0,0,0,0,0
1,0,0,0,0,0,0,0,0,0,0,0,0,0,0,0
2,-0.1963,0.978,-0.009277,0.09918,0.4711,-0.309,28.92,-20.961,5.1808,0.49172,0.3782,0.6014,0.5035,-849637652,66
3,0,0,0,0,0,0,0,0,0,0,0,0,0,0,0
4,0,0,0,0,0,0,0,0,0,0,0,0,0,0,0
5,0.05322,0.9707,-0.04932,0.1812,-0.2403,-0.09346,0.43163,0.48241,0.54229,0.53563,0.004593,-0.02667,0.004288,-848396148,68
6,0.07959,1.001,-0.123,-0.1831,0.04959,0.3262,0.17589,0.25633,0.70422,0.63831,0.0001068,0.0118,0.0002136,-848167407,52
7,0,0,0,0,0,0,0,0,0,0,0,0,0,0,0
8,-0.06836,0.9824,0.04834,0.08774,-0.01335,0.1831,0.44865,0.39445,0.56837,0.56576,-0.004684,-0.01463,0.005615,-848399880,126
9,-0.396,0.9111,-0.03662,-0.2079,-1.421,0.3796,0.55979,0.36007,0.62371,0.40984,0.007172,-0.003235,0.0007172,-849073973,70
10,0.2383,0.9456,-0.2864,0.3128,0.8087,-0.7763,0.002022,-0.19255,-0.77823,-0.59773,0.004959,0.01601,-0.0009308,-848911842,68
11,0,0,0,0,0,0,0,0,0,0,0,0,0,0,0
12,0.2842,0.9482,-0.03027,0.1431,0.5894,0.2174,-3.5441,-30.194,22.935,0.036184,-0.1646,-0.697,-0.6969,-848629717,98
13,0.1821,0.9927,0.01855,1.802,-20.37,15.38,0.055212,-0.045948,-0.68117,-0.7286,0.03996,0.005173,-0.04924,602493643,98
14,0,0,0,0,0,0,0,0,0,0,0,0,0,0,0
15,-0.03174,0.02979,1.037,0.2232,0.2651,0.09918,-36.45,27.6,36.45,0.89412,0.0197,0.002569,-0.4474,-1439293609,108
16,0,0,0,0,0,0,0,0,0,0,0,0,0,0,0
17,0,0,0,0,0,0,0,0,0,0,0,0,0,0,0
18,0,0,0,0,0,0,0,0,0,0,0,0,0,0,0
1,0,0,0,0,0,0,0,0,0,0,0,0,0,0,0
2,-0.1924,0.9741,-0.006348,0.9537,-1.482,0.4234,28.77,-22.311,6.3808,0.49134,0.3785,0.6015,0.5035,-849497466,66
3,0,0,0,0,0,0,0,0,0,0,0,0,0,0,0
4,0,0,0,0,0,0,0,0,0,0,0,0,0,0,0
5,0.05859,0.9785,-0.05811,-0.06294,0.1869,0.2117,0.43173,0.48232,0.5423,0.53562,0.01018,-0.01888,-0.004669,-848276244,68
6,0.0791,0.9761,-0.123,0.1831,0.1717,0.08202,0.17523,0.25567,0.7044,0.63855,-0.0005493,-0.01311,6.104e-05,-848077417,52
7,0,0,0,0,0,0,0,0,0,0,0,0,0,0,0
8,-0.05566,0.9844,0.04248,0.08774,-0.2575,0.2441,0.44854,0.3943,0.56842,0.56589,0.007996,-0.01266,-0.000351,-848369317,126
9,-0.4092,0.9092,-0.03613,0.09727,-1.055,0.3796,0.56004,0.36037,0.6234,0.40971,-0.00621,-0.00528,0.0008545,-849043513,70
10,0.2363,0.9441,-0.2927,0.4959,0.1984,-0.5322,0.0019315,-0.1927,-0.77822,-0.59769,0.002975,0.01457,-0.007202,-848891946,68
11,0,0,0,0,0,0,0,0,0,0,0,0,0,0,0
12,0.2686,0.9375,-0.021,0.1431,1.444,-0.3319,-3.694,-32.744,23.085,0.036297,-0.1645,-0.697,-0.6969,-848579126,98
13,0.1821,0.9927,0.01855,1.802,-20.37,15.38,0.055212,-0.045948,-0.68117,-0.7286,0.03996,0.005173,-0.04924,602493643,98
14,0,0,0,0,0,0,0,0,0,0,0,0,0,0,0
15,-0.03174,0.02979,1.037,0.2232,0.2651,0.09918,-36.45,27.6,36.45,0.89412,0.0197,0.002569,-0.4474,-1439293609,108
16,0,0,0,0,0,0,0,0,0,0,0,0,0,0,0
17,0,0,0,0,0,0,0,0,0,0,0,0,0,0,0
18,0,0,0,0,0,0,0,0,0,0,0,0,0,0,0
1,0,0,0,0,0,0,0,0,0,0,0,0,0,0,0
2,-0.2109,0.9727,-0.0127,0.09918,-0.2003,1.278,27.27,-21.111,7.7309,0.48977,0.3782,0.6024,0.5041,-849217586,66
3,0,0,0,0,0,0,0,0,0,0,0,0,0,0,0
4,0,0,0,0,0,0,0,0,0,0,0,0,0,0,0
5,0.03906,0.981,-0.05127,0.2422,-0.3014,0.1507,0.43169,0.48235,0.54221,0.53571,-0.009598,-0.01643,0.002045,-848144407,68
6,0.08154,0.9829,-0.1206,0.3052,-0.1335,-0.1621,0.17422,0.25465,0.70479,0.63881,0.001785,-0.006256,0.002548,-847997404,52
7,0,0,0,0,0,0,0,0,0,0,0,0,0,0,0
8,-0.08008,0.9731,0.04395,0.1488,0.04768,0,0.44845,0.39413,0.56847,0.56604,-0.01639,-0.0239,0.000946,-848309296,126
9,-0.3945,0.9028,-0.03418,-0.0248,-0.4444,0.01335,0.55992,0.36016,0.62351,0.40989,0.008453,-0.01163,0.002777,-849033878,70
10,0.2266,0.9626,-0.2859,-0.05341,0.5035,0.3834,0.0018409,-0.193,-0.7781,-0.59775,-0.007034,0.03314,-0.0004883,-848791807,68
11,0,0,0,0,0,0,0,0,0,0,0,0,0,0,0
12,0.2632,0.9502,-0.01807,-0.04005,-0.4482,-0.08774,-5.0441,-32.144,22.635,0.036016,-0.1647,-0.697,-0.697,-848549751,98
13,0.1821,0.9927,0.01855,1.802,-20.37,15.38,0.055212,-0.045948,-0.68117,-0.7286,0.03996,0.005173,-0.04924,602493643,98
14,0,0,0,0,0,0,0,0,0,0,0,0,0,0,0
15,-0.03174,0.02979,1.037,0.2232,0.2651,0.09918,-36.45,27.6,36.45,0.89412,0.0197,0.002569,-0.4474,-1439293609,108
16,0,0,0,0,0,0,0,0,0,0,0,0,0,0,0
17,0,0,0,0,0,0,0,0,0,0,0,0,0,0,0
18,0,0,0,0,0,0,0,0,0,0,0,0,0,0,0
1,0,0,0,0,0,0,0,0,0,0,0,0,0,0,0
2,-0.1929,0.9683,-0.02979,-0.5112,0.6542,-0.06485,28.47,-21.711,6.2309,0.48923,0.3793,0.6017,0.5047,-848867473,66
3,0,0,0,0,0,0,0,0,0,0,0,0,0,0,0
4,0,0,0,0,0,0,0,0,0,0,0,0,0,0,0
5,0.05371,0.9878,-0.05127,0.3033,-0.1183,-0.03242,0.43173,0.48231,0.5423,0.53562,0.00531,-0.009598,0.002167,-848026118,68
6,0.08252,0.9907,-0.1406,0.7324,0.2327,-0.1011,0.17381,0.25434,0.70498,0.63883,0.00264,0.001587,-0.01726,-847926952,52
7,0,0,0,0,0,0,0,0,0,0,0,0,0,0,0
8,-0.05029,0.9702,0.04297,0.2708,0.2308,0.1831,0.44813,0.39374,0.56873,0.5663,0.01349,-0.02681,-6.104e-05,-848219397,126
9,-0.3911,0.916,-0.03418,-0.5131,0.8984,-0.3529,0.55965,0.35992,0.62362,0.4103,0.01157,0.001419,0.002716,-848963469,70
10,0.2266,0.9509,-0.2981,0.7401,0.5035,0.9327,0.0022114,-0.19276,-0.77827,-0.59761,-0.007263,0.02159,-0.01237,-848690061,68
11,0,0,0,0,0,0,0,0,0,0,0,0,0,0,0
12,0.2759,0.9502,-0.02344,-0.4673,-1.12,0.3395,-3.5441,-32.144,22.635,0.035954,-0.1647,-0.697,-0.697,-848537408,98
13,0.1821,0.9927,0.01855,1.802,-20.37,15.38,0.055212,-0.045948,-0.68117,-0.7286,0.03996,0.005173,-0.04924,602493643,98
14,0,0,0,0,0,0,0,0,0,0,0,0,0,0,0
15,-0.03174,0.02979,1.037,0.2232,0.2651,0.09918,-36.45,27.6,36.45,0.89412,0.0197,0.002569,-0.4474,-1439293609,108
16,0,0,0,0,0,0,0,0,0,0,0,0,0,0,0
17,0,0,0,0,0,0,0,0,0,0,0,0,0,0,0
18,0,0,0,0,0,0,0,0,0,0,0,0,0,0,0
1,0,0,0,0,0,0,0,0,0,0,0,0,0,0,0
2,-0.2031,0.9629,-0.01709,-0.5112,1.875,-0.4311,29.37,-21.111,6.3808,0.48909,0.3792,0.6018,0.5049,-848825635,66
3,0,0,0,0,0,0,0,0,0,0,0,0,0,0,0
4,0,0,0,0,0,0,0,0,0,0,0,0,0,0,0
5,0.0459,0.9834,-0.06738,-0.185,-0.05722,0.02861,0.43175,0.4823,0.54234,0.53557,-0.002396,-0.01399,-0.01387,-847906233,68
6,0.08936,0.9907,-0.1211,0.7935,0.4768,-0.1621,0.17351,0.25418,0.7052,0.63873,0.009384,0.001663,0.002747,-847846979,52
7,0,0,0,0,0,0,0,0,0,0,0,0,0,0,0
8,-0.05713,0.9785,0.04297,0.6981,0.1698,0.1221,0.44841,0.39398,0.56847,0.56617,0.006577,-0.01851,-0.0002747,-848099288,126
9,-0.3936,0.9131,-0.03418,-0.452,0.7763,-0.04768,0.5594,0.35965,0.62384,0.41055,0.009094,-0.001511,0.002869,-848923306,70
10,0.2349,0.946,-0.2908,0.7401,-0.04578,0.8106,0.0021117,-0.19281,-0.77827,-0.59759,0.001144,0.01669,-0.00499,-848672406,68
11,0,0,0,0,0,0,0,0,0,0,0,0,0,0,0
12,0.2749,0.9341,-0.01465,-0.7725,-0.7534,0.3395,-5.944,-31.994,23.535,0.036026,-0.1647,-0.697,-0.697,-848499164,98
13,0.1821,0.9927,0.01855,1.802,-20.37,15.38,0.055212,-0.045948,-0.68117,-0.7286,0.03996,0.005173,-0.04924,602493643,98
14,0,0,0,0,0,0,0,0,0,0,0,0,0,0,0
15,-0.03174,0.02979,1.037,0.2232,0.2651,0.09918,-36.45,27.6,36.45,0.89412,0.0197,0.002569,-0.4474,-1439293609,108
16,0,0,0,0,0,0,0,0,0,0,0,0,0,0,0
17,0,0,0,0,0,0,0,0,0,0,0,0,0,0,0
18,0,0,0,0,0,0,0,0,0,0,0,0,0,0,0
1,0,0,0,0,0,0,0,0,0,0,0,0,0,0,0
2,-0.2021,0.9722,-0.01416,-0.02289,-0.0782,-0.06485,27.42,-22.011,5.7809,0.48884,0.3789,0.602,0.5051,-848768197,66
3,0,0,0,0,0,0,0,0,0,0,0,0,0,0,0
4,0,0,0,0,0,0,0,0,0,0,0,0,0,0,0
5,0.04883,0.9893,-0.05078,-0.246,0.248,-0.09346,0.43178,0.48228,0.54239,0.53552,0.0006866,-0.008133,0.002792,-847816144,68
6,0.06055,0.9868,-0.1206,0.7324,-0.01144,0.2041,0.17366,0.25441,0.70527,0.63853,-0.01938,-0.002197,0.003647,-847776848,52
7,0,0,0,0,0,0,0,0,0,0,0,0,0,0,0
8,-0.06787,0.9717,0.03613,0.6981,0.1087,0,0.44835,0.39395,0.56849,0.56621,-0.004211,-0.02534,-0.007095,-848019319,126
9,-0.3896,0.9102,-0.03516,-0.2689,1.143,-0.658,0.55926,0.35945,0.62392,0.41079,0.01291,-0.004486,0.001831,-848803449,70
10,0.228,0.9563,-0.2952,0.9842,-0.473,1.055,0.0022097,-0.19316,-0.77853,-0.59714,-0.006088,0.02737,-0.008316,-848611843,68
11,0,0,0,0,0,0,0,0,0,0,0,0,0,0,0
12,0.2607,0.939,-0.02441,-0.5283,-0.3872,0.03433,-5.194,-30.794,23.535,0.036306,-0.1645,-0.697,-0.697,-848439226,98
13,0.1821,0.9927,0.01855,1.802,-20.37,15.38,0.055212,-0.045948,-0.68117,-0.7286,0.03996,0.005173,-0.04924,602493643,98
14,0,0,0,0,0,0,0,0,0,0,0,0,0,0,0
15,-0.03174,0.02979,1.037,0.2232,0.2651,0.09918,-36.45,27.6,36.45,0.89412,0.0197,0.002569,-0.4474,-1439293609,108
16,0,0,0,0,0,0,0,0,0,0,0,0,0,0,0
17,0,0,0,0,0,0,0,0,0,0,0,0,0,0,0
18,0,0,0,0,0,0,0,0,0,0,0,0,0,0,0
1,0,0,0,0,0,0,0,0,0,0,0,0,0,0,0
2,-0.1934,0.9634,-0.01123,0.03815,0.4101,-0.7973,28.32,-21.861,7.7309,0.48912,0.3788,0.602,0.5048,-848602379,66
3,0,0,0,0,0,0,0,0,0,0,0,0,0,0,0
4,0,0,0,0,0,0,0,0,0,0,0,0,0,0,0
5,0.05371,0.9756,-0.05029,-0.3071,-0.1183,-0.09346,0.43166,0.48239,0.54245,0.53546,0.005432,-0.02179,0.003616,-847706132,68
6,0.08447,0.9849,-0.1318,0.3662,0.6599,-0.1621,0.17356,0.25445,0.70525,0.63856,0.004333,-0.004135,-0.007584,-847707396,52
7,0,0,0,0,0,0,0,0,0,0,0,0,0,0,0
8,-0.06006,0.9912,0.04443,0.3929,0.1087,-0.1831,0.44833,0.39388,0.56862,0.56615,0.003815,-0.005814,0.001373,-847959382,126
9,-0.4019,0.916,-0.03955,0.2804,0.4711,-0.536,0.55925,0.35948,0.62401,0.41065,0.0008698,0.00145,-0.002335,-848753537,70
10,0.2451,0.9539,-0.2966,-0.7248,-0.2289,0.4444,0.0017891,-0.19341,-0.7783,-0.59737,0.01128,0.0247,-0.01033,-848373323,68
11,0,0,0,0,0,0,0,0,0,0,0,0,0,0,0
12,0.2871,0.9419,-0.03418,-1.017,-0.6924,0.6447,-5.194,-33.044,24.585,0.036263,-0.1649,-0.6968,-0.6971,-848275312,98
13,0.1821,0.9927,0.01855,1.802,-20.37,15.38,0.055212,-0.045948,-0.68117,-0.7286,0.03996,0.005173,-0.04924,602493643,98
14,0,0,0,0,0,0,0,0,0,0,0,0,0,0,0
15,-0.03174,0.02979,1.037,0.2232,0.2651,0.09918,-36.45,27.6,36.45,0.89412,0.0197,0.002569,-0.4474,-1439293609,108
16,0,0,0,0,0,0,0,0,0,0,0,0,0,0,0
17,0,0,0,0,0,0,0,0,0,0,0,0,0,0,0
18,0,0,0,0,0,0,0,0,0,0,0,0,0,0,0
1,0,0,0,0,0,0,0,0,0,0,0,0,0,0,0
2,-0.2021,0.9839,-0.009766,0.2213,0.1659,-0.4311,29.22,-21.261,6.8309,0.48872,0.3783,0.6024,0.5052,-848489580,66
3,0,0,0,0,0,0,0,0,0,0,0,0,0,0,0
4,0,0,0,0,0,0,0,0,0,0,0,0,0,0,0
5,0.04346,0.9922,-0.06641,-0.001907,-0.05722,-0.1545,0.4317,0.48236,0.54252,0.53538,-0.004623,-0.005188,-0.01239,-847626150,68
6,0.06689,0.98,-0.1348,0.9155,-0.4387,0.2651,0.17402,0.25492,0.70514,0.63837,-0.01315,-0.009003,-0.01036,-847627428,52
7,0,0,0,0,0,0,0,0,0,0,0,0,0,0,0
8,-0.06152,0.9648,0.03564,-0.4616,0.1698,-0.1221,0.44828,0.39378,0.56869,0.56619,0.002441,-0.03217,-0.007401,-847859881,126
9,-0.396,0.9053,-0.03027,0.3414,-0.2613,-0.4139,0.55912,0.35929,0.62413,0.4108,0.00676,-0.009277,0.007004,-848713334,70
10,0.2305,0.946,-0.2952,-1.457,-0.2289,0.0782,0.0025908,-0.19267,-0.77825,-0.59767,-0.00386,0.01678,-0.009583,-848223860,68
11,0,0,0,0,0,0,0,0,0,0,0,0,0,0,0
12,0.2666,0.9414,-0.04004,-1.017,0.9556,0.2174,-5.194,-32.744,23.835,0.036445,-0.165,-0.6967,-0.6972,-848185425,98
13,0.1821,0.9927,0.01855,1.802,-20.37,15.38,0.055212,-0.045948,-0.68117,-0.7286,0.03996,0.005173,-0.04924,602493643,98
14,0,0,0,0,0,0,0,0,0,0,0,0,0,0,0
15,-0.03174,0.02979,1.037,0.2232,0.2651,0.09918,-36.45,27.6,36.45,0.89412,0.0197,0.002569,-0.4474,-1439293609,108
16,0,0,0,0,0,0,0,0,0,0,0,0,0,0,0
17,0,0,0,0,0,0,0,0,0,0,0,0,0,0,0
18,0,0,0,0,0,0,0,0,0,0,0,0,0,0,0
1,0,0,0,0,0,0,0,0,0,0,0,0,0,0,0
2,-0.2036,0.9658,-0.01855,0.8926,-0.6886,0.1183,28.32,-22.911,5.9308,0.48871,0.3782,0.6024,0.5052,-848447358,66
3,0,0,0,0,0,0,0,0,0,0,0,0,0,0,0
4,0,0,0,0,0,0,0,0,0,0,0,0,0,0,0
5,0.04395,0.9863,-0.04492,-0.06294,-0.1793,-0.2766,0.43171,0.48235,0.54255,0.53536,-0.004059,-0.01105,0.009109,-847556723,68
6,0.08789,0.9897,-0.1201,1.038,-0.2556,-0.04005,0.17394,0.25489,0.70519,0.63835,0.007813,0.0007782,0.00441,-847547451,52
7,0,0,0,0,0,0,0,0,0,0,0,0,0,0,0
8,-0.06396,0.9785,0.04443,0.08774,0.4139,-0.06104,0.44795,0.39342,0.56898,0.56641,0.0001068,-0.01849,0.001495,-847729882,126
9,-0.396,0.9131,-0.04395,0.2193,-0.0782,-0.536,0.55908,0.35941,0.62419,0.41065,0.006775,-0.001434,-0.006348,-848643481,70
10,0.2407,0.9392,-0.2844,-0.9689,-0.9003,0.2003,0.0024714,-0.19282,-0.77811,-0.59779,0.006348,0.009872,0.0008545,-848211472,68
11,0,0,0,0,0,0,0,0,0,0,0,0,0,0,0
12,0.2822,0.9404,-0.0166,-0.4673,-0.5703,-0.0267,-3.244,-33.644,24.135,0.037253,-0.1642,-0.6969,-0.6971,-847945479,98
13,0.1821,0.9927,0.01855,1.802,-20.37,15.38,0.055212,-0.045948,-0.68117,-0.7286,0.03996,0.005173,-0.04924,602493643,98
14,0,0,0,0,0,0,0,0,0,0,0,0,0,0,0
15,-0.03174,0.02979,1.037,0.2232,0.2651,0.09918,-36.45,27.6,36.45,0.89412,0.0197,0.002569,-0.4474,-1439293609,108
16,0,0,0,0,0,0,0,0,0,0,0,0,0,0,0
17,0,0,0,0,0,0,0,0,0,0,0,0,0,0,0
18,0,0,0,0,0,0,0,0,0,0,0,0,0,0,0
1,0,0,0,0,0,0,0,0,0,0,0,0,0,0,0
2,-0.1929,0.9741,-0.0166,0.4654,0.5932,0.6676,28.77,-21.111,5.9308,0.48765,0.378,0.6029,0.5059,-848146983,66
3,0,0,0,0,0,0,0,0,0,0,0,0,0,0,0
4,0,0,0,0,0,0,0,0,0,0,0,0,0,0,0
5,0.04736,0.9775,-0.0542,-0.185,0.309,-0.2155,0.43179,0.48227,0.5426,0.5353,-0.0003815,-0.01985,-0.0001831,-847486148,68
6,0.06934,0.9839,-0.1323,0.9155,0.04959,0.02098,0.17361,0.25445,0.70538,0.6384,-0.0106,-0.005081,-0.007706,-847486855,52
7,0,0,0,0,0,0,0,0,0,0,0,0,0,0,0
8,-0.06006,0.9717,0.05078,0.08774,0.1698,-0.06104,0.44815,0.39347,0.56888,0.56632,0.004181,-0.02531,0.007675,-847669380,126
9,-0.416,0.9106,-0.0332,0.1583,-1.116,0.9899,0.55885,0.35951,0.62425,0.41079,-0.01364,-0.004044,0.004669,-848400909,70
10,0.2427,0.9509,-0.3005,-0.2365,-0.351,0.01717,0.0034586,-0.19166,-0.77804,-0.59825,0.007965,0.02133,-0.01637,-848103118,68
11,0,0,0,0,0,0,0,0,0,0,0,0,0,0,0
12,0.2788,0.9497,-0.01563,-0.1011,0.04005,0.2174,-4.894,-31.544,22.785,0.037338,-0.1645,-0.6967,-0.6972,-847825362,98
13,0.1821,0.9927,0.01855,1.802,-20.37,15.38,0.055212,-0.045948,-0.68117,-0.7286,0.03996,0.005173,-0.04924,602493643,98
14,0,0,0,0,0,0,0,0,0,0,0,0,0,0,0
15,-0.03174,0.02979,1.037,0.2232,0.2651,0.09918,-36.45,27.6,36.45,0.89412,0.0197,0.002569,-0.4474,-1439293609,108
16,0,0,0,0,0,0,0,0,0,0,0,0,0,0,0
17,0,0,0,0,0,0,0,0,0,0,0,0,0,0,0
18,0,0,0,0,0,0,0,0,0,0,0,0,0,0,0
1,0,0,0,0,0,0,0,0,0,0,0,0,0,0,0
2,-0.2007,0.9707,-0.005859,-0.3891,0.4101,0.1183,29.07,-20.361,5.6308,0.4883,0.3787,0.6024,0.5051,-847977832,66
3,0,0,0,0,0,0,0,0,0,0,0,0,0,0,0
4,0,0,0,0,0,0,0,0,0,0,0,0,0,0,0
5,0.04443,0.9839,-0.05225,0.2422,0.248,0.08965,0.43184,0.48223,0.54258,0.53533,-0.00325,-0.01352,0.001633,-847424382,68
6,0.07422,0.9883,-0.1333,0.4272,-0.3777,0.08202,0.17233,0.25294,0.70605,0.63861,-0.005478,-0.0006714,-0.008331,-847406882,52
7,0,0,0,0,0,0,0,0,0,0,0,0,0,0,0
8,-0.06299,0.9673,0.03906,0.1488,-0.01335,-0.3052,0.448,0.39321,0.569,0.5665,0.001358,-0.02969,-0.004181,-847589404,126
9,-0.4077,0.9214,-0.03027,-0.1469,-0.0782,0.8068,0.55852,0.3594,0.62425,0.41135,-0.006088,0.006363,0.007446,-848241561,70
10,0.2461,0.9514,-0.2805,0.3738,0.3815,-0.288,0.0029622,-0.19222,-0.77796,-0.59818,0.01152,0.02185,0.00383,-848033290,68
11,0,0,0,0,0,0,0,0,0,0,0,0,0,0,0
12,0.29,0.9404,-0.01904,-0.2232,1.139,-0.4539,-5.644,-31.094,21.735,0.037467,-0.1645,-0.6968,-0.6972,-847773578,98
13,0.1821,0.9927,0.01855,1.802,-20.37,15.38,0.055212,-0.045948,-0.68117,-0.7286,0.03996,0.005173,-0.04924,602493643,98
14,0,0,0,0,0,0,0,0,0,0,0,0,0,0,0
15,-0.03174,0.02979,1.037,0.2232,0.2651,0.09918,-36.45,27.6,36.45,0.89412,0.0197,0.002569,-0.4474,-1439293609,108
16,0,0,0,0,0,0,0,0,0,0,0,0,0,0,0
17,0,0,0,0,0,0,0,0,0,0,0,0,0,0,0
18,0,0,0,0,0,0,0,0,0,0,0,0,0,0,0
1,0,0,0,0,0,0,0,0,0,0,0,0,0,0,0
2,-0.1968,0.9595,-0.004883,0.4044,0.7153,-0.1259,28.47,-20.211,7.5809,0.48833,0.3788,0.6024,0.5051,-847964989,66
3,0,0,0,0,0,0,0,0,0,0,0,0,0,0,0
4,0,0,0,0,0,0,0,0,0,0,0,0,0,0,0
5,0.04395,0.9854,-0.06006,0.2422,-0.1183,-0.2766,0.43188,0.48219,0.54261,0.5353,-0.003601,-0.01205,-0.00618,-847316148,68
6,0.08252,0.9932,-0.1245,0.7935,-0.5608,-0.2232,0.17317,0.25404,0.70572,0.63831,0.002625,0.004257,0.0006409,-847326879,52
7,0,0,0,0,0,0,0,0,0,0,0,0,0,0,0
8,-0.05762,0.9761,0.0376,0.2708,-0.1354,-0.3052,0.44826,0.39336,0.56883,0.56637,0.006775,-0.0209,-0.005814,-847479881,126
9,-0.3975,0.9077,-0.04736,-0.1469,-0.4444,0.1965,0.55858,0.35947,0.62429,0.41114,0.004379,-0.007202,-0.009445,-848149189,70
10,0.2524,0.946,-0.2859,0.3738,-0.2289,-0.288,0.0030829,-0.19212,-0.77798,-0.59819,0.01781,0.01648,-0.001556,-847993162,68
11,0,0,0,0,0,0,0,0,0,0,0,0,0,0,0
12,0.2773,0.9346,-0.01563,0.3262,-2.157,0.4616,-4.144,-33.044,20.235,0.036969,-0.1649,-0.6966,-0.6973,-847715920,98
13,0.1821,0.9927,0.01855,1.802,-20.37,15.38,0.055212,-0.045948,-0.68117,-0.7286,0.03996,0.005173,-0.04924,602493643,98
14,0,0,0,0,0,0,0,0,0,0,0,0,0,0,0
15,-0.03174,0.02979,1.037,0.2232,0.2651,0.09918,-36.45,27.6,36.45,0.89412,0.0197,0.002569,-0.4474,-1439293609,108
16,0,0,0,0,0,0,0,0,0,0,0,0,0,0,0
17,0,0,0,0,0,0,0,0,0,0,0,0,0,0,0
18,0,0,0,0,0,0,0,0,0,0,0,0,0,0,0
1,0,0,0,0,0,0,0,0,0,0,0,0,0,0,0
2,-0.2031,0.9551,-0.02197,-0.267,-0.2003,-0.06485,28.92,-22.461,7.5809,0.48797,0.3786,0.6026,0.5054,-847908968,66
3,0,0,0,0,0,0,0,0,0,0,0,0,0,0,0
4,0,0,0,0,0,0,0,0,0,0,0,0,0,0,0
5,0.04688,0.9893,-0.07031,-0.124,0.1869,0.02861,0.43187,0.4822,0.54268,0.53522,-0.0005493,-0.008148,-0.01625,-847246254,68
6,0.07568,0.9868,-0.1255,0.6714,0.04959,0.2041,0.17336,0.2542,0.70572,0.63819,-0.004059,-0.002075,-0.0001526,-847257417,52
7,0,0,0,0,0,0,0,0,0,0,0,0,0,0,0
8,-0.06787,0.9731,0.03369,0.08774,0.1087,0.1221,0.44879,0.39373,0.56849,0.56602,-0.003311,-0.0238,-0.009888,-847409392,126
9,-0.395,0.9165,-0.04004,0.1583,-0.5665,0.3185,0.55845,0.3595,0.62434,0.41122,0.006638,0.001511,-0.001968,-848009092,70
10,0.2437,0.9524,-0.2888,0.8011,-0.9613,-0.288,0.0030421,-0.19213,-0.77794,-0.59823,0.009048,0.0228,-0.004593,-847963841,68
11,0,0,0,0,0,0,0,0,0,0,0,0,0,0,0
12,0.2773,0.9507,-0.02393,0.8755,0.6504,0.09537,-5.0441,-30.944,22.635,0.037271,-0.165,-0.6967,-0.6971,-847655425,98
13,0.1821,0.9927,0.01855,1.802,-20.37,15.38,0.055212,-0.045948,-0.68117,-0.7286,0.03996,0.005173,-0.04924,602493643,98
14,0,0,0,0,0,0,0,0,0,0,0,0,0,0,0
15,-0.03174,0.02979,1.037,0.2232,0.2651,0.09918,-36.45,27.6,36.45,0.89412,0.0197,0.002569,-0.4474,-1439293609,108
16,0,0,0,0,0,0,0,0,0,0,0,0,0,0,0
17,0,0,0,0,0,0,0,0,0,0,0,0,0,0,0
18,0,0,0,0,0,0,0,0,0,0,0,0,0,0,0
1,0,0,0,0,0,0,0,0,0,0,0,0,0,0,0
2,-0.1904,0.9561,-0.02344,0.1602,0.4711,0.1183,27.87,-20.661,5.7809,0.48767,0.3784,0.6028,0.5056,-847852156,66
3,0,0,0,0,0,0,0,0,0,0,0,0,0,0,0
4,0,0,0,0,0,0,0,0,0,0,0,0,0,0,0
5,0.04395,0.9858,-0.06055,-0.06294,0.06485,0.08965,0.43188,0.48219,0.54274,0.53516,-0.003342,-0.01157,-0.006378,-847176134,68
6,0.07324,0.9795,-0.1201,0.1793,-0.5093,0.206,0.17423,0.255,0.70554,0.63783,-0.006195,-0.009384,0.005524,-847177447,52
7,0,0,0,0,0,0,0,0,0,0,0,0,0,0,0
8,-0.06738,0.98,0.0415,0.1488,-0.5016,-0.3052,0.44828,0.39326,0.56891,0.56634,-0.002762,-0.01698,-0.001877,-847277634,126
9,-0.4038,0.9209,-0.04932,0.2193,2.058,-0.1698,0.55841,0.3604,0.62415,0.41076,-0.002808,0.005646,-0.01041,-847830927,70
10,0.2344,0.947,-0.2815,0.007629,-0.04578,-0.227,0.0032444,-0.19203,-0.7779,-0.59832,-0.0004578,0.01741,0.002518,-847903336,68
11,0,0,0,0,0,0,0,0,0,0,0,0,0,0,0
12,0.2666,0.9321,-0.01221,0.5093,0.8945,-0.1488,-3.394,-33.044,22.785,0.037382,-0.1648,-0.6969,-0.697,-847605408,98
13,0.1821,0.9927,0.01855,1.802,-20.37,15.38,0.055212,-0.045948,-0.68117,-0.7286,0.03996,0.005173,-0.04924,602493643,98
14,0,0,0,0,0,0,0,0,0,0,0,0,0,0,0
15,-0.03174,0.02979,1.037,0.2232,0.2651,0.09918,-36.45,27.6,36.45,0.89412,0.0197,0.002569,-0.4474,-1439293609,108
16,0,0,0,0,0,0,0,0,0,0,0,0,0,0,0
17,0,0,0,0,0,0,0,0,0,0,0,0,0,0,0
18,0,0,0,0,0,0,0,0,0,0,0,0,0,0,0
1,0,0,0,0,0,0,0,0,0,0,0,0,0,0,0
2,-0.1992,0.9683,-0.03125,0.2213,-1.116,0.1793,28.17,-20.961,8.6308,0.48771,0.3786,0.6028,0.5054,-847810056,66
3,0,0,0,0,0,0,0,0,0,0,0,0,0,0,0
4,0,0,0,0,0,0,0,0,0,0,0,0,0,0,0
5,0.04639,0.9751,-0.04785,0.2422,-0.1793,0.08965,0.43189,0.48219,0.54273,0.53517,-0.0009155,-0.02231,0.006271,-847096738,68
6,0.08252,0.9844,-0.1338,0.2403,-0.5093,-0.2213,0.17387,0.25478,0.70575,0.63779,0.00296,-0.004456,-0.007797,-847097418,52
7,0,0,0,0,0,0,0,0,0,0,0,0,0,0,0
8,-0.06641,0.9805,0.04443,0.3319,-0.3796,0.1221,0.44834,0.39339,0.56879,0.56631,-0.001923,-0.01649,0.001007,-847207537,126
9,-0.397,0.9126,-0.03711,0.3414,-0.3223,0.07439,0.55821,0.36019,0.62445,0.41076,0.004288,-0.002518,0.002243,-847750902,70
10,0.2432,0.9412,-0.2815,-0.9079,-0.1068,-0.1049,0.0037303,-0.19169,-0.77793,-0.59838,0.00795,0.0116,0.002365,-847823194,68
11,0,0,0,0,0,0,0,0,0,0,0,0,0,0,0
12,0.2876,0.957,-0.01514,0.02098,0.7114,-0.2708,-4.894,-33.494,22.785,0.037236,-0.1648,-0.6969,-0.697,-847545951,98
13,0.1821,0.9927,0.01855,1.802,-20.37,15.38,0.055212,-0.045948,-0.68117,-0.7286,0.03996,0.005173,-0.04924,602493643,98
14,0,0,0,0,0,0,0,0,0,0,0,0,0,0,0
15,-0.03174,0.02979,1.037,0.2232,0.2651,0.09918,-36.45,27.6,36.45,0.89412,0.0197,0.002569,-0.4474,-1439293609,108
16,0,0,0,0,0,0,0,0,0,0,0,0,0,0,0
17,0,0,0,0,0,0,0,0,0,0,0,0,0,0,0
18,0,0,0,0,0,0,0,0,0,0,0,0,0,0,0
1,0,0,0,0,0,0,0,0,0,0,0,0,0,0,0
2,-0.1914,0.9731,-0.02441,0.4044,-0.01717,-0.1259,28.02,-22.611,7.1308,0.48725,0.3783,0.603,0.5059,-847754019,66
3,0,0,0,0,0,0,0,0,0,0,0,0,0,0,0
4,0,0,0,0,0,0,0,0,0,0,0,0,0,0,0
5,0.04395,0.9795,-0.06348,0.1202,-0.05722,0.2117,0.43185,0.48222,0.54275,0.53515,-0.003387,-0.0179,-0.009232,-847016729,68
6,0.07861,0.9741,-0.1426,-0.06485,0.2842,0.145,0.17388,0.25503,0.70575,0.63769,-0.001205,-0.01465,-0.01633,-847026950,52
7,0,0,0,0,0,0,0,0,0,0,0,0,0,0,0
8,-0.05811,0.9741,0.03809,0.3929,-0.1354,0.06104,0.44847,0.39359,0.56868,0.56618,0.006287,-0.02286,-0.00528,-847109298,126
9,-0.3887,0.9155,-0.03809,0.3414,-2.275,-0.1698,0.5587,0.3599,0.62462,0.41008,0.01411,0.001083,0.001282,-847571423,70
10,0.2383,0.9514,-0.2908,-0.4807,-0.6561,0.0782,0.0035912,-0.19191,-0.7779,-0.59835,0.003036,0.02188,-0.006851,-847783039,68
11,0,0,0,0,0,0,0,0,0,0,0,0,0,0,0
12,0.2749,0.9326,-0.02002,0.2041,-0.4482,-0.2708,-5.7941,-30.644,23.385,0.037441,-0.1646,-0.6969,-0.697,-847505911,98
13,0.1821,0.9927,0.01855,1.802,-20.37,15.38,0.055212,-0.045948,-0.68117,-0.7286,0.03996,0.005173,-0.04924,602493643,98
14,0,0,0,0,0,0,0,0,0,0,0,0,0,0,0
15,-0.03174,0.02979,1.037,0.2232,0.2651,0.09918,-36.45,27.6,36.45,0.89412,0.0197,0.002569,-0.4474,-1439293609,108
16,0,0,0,0,0,0,0,0,0,0,0,0,0,0,0
17,0,0,0,0,0,0,0,0,0,0,0,0,0,0,0
18,0,0,0,0,0,0,0,0,0,0,0,0,0,0,0
1,0,0,0,0,0,0,0,0,0,0,0,0,0,0,0
2,-0.186,0.9639,-0.01953,0.3433,-1.238,-0.7973,27.72,-21.111,7.4308,0.48624,0.3771,0.604,0.5064,-847572134,66
3,0,0,0,0,0,0,0,0,0,0,0,0,0,0,0
4,0,0,0,0,0,0,0,0,0,0,0,0,0,0,0
5,0.0498,0.9912,-0.04932,0.4253,0.1869,-0.3376,0.43189,0.48219,0.54285,0.53505,0.002716,-0.006195,0.005066,-846946148,68
6,0.0874,0.9976,-0.1367,-0.309,0.9556,-0.2213,0.17398,0.2554,0.70575,0.63751,0.007355,0.00885,-0.01009,-846946950,52
7,0,0,0,0,0,0,0,0,0,0,0,0,0,0,0
8,-0.06201,0.9731,0.04883,-0.4616,-0.07439,0.7324,0.44834,0.39335,0.56882,0.56632,0.002518,-0.02382,0.005386,-847049323,126
9,-0.3887,0.9063,-0.03809,-0.0248,-0.9327,0.07439,0.55881,0.36012,0.62445,0.41001,0.01393,-0.00827,0.00116,-847540658,70
10,0.229,0.9514,-0.2893,-0.1144,-0.351,0.3223,0.0040659,-0.19141,-0.77791,-0.59849,-0.006439,0.02184,-0.005722,-847703205,68
11,0,0,0,0,0,0,0,0,0,0,0,0,0,0,0
12,0.2681,0.9473,-0.01611,0.6924,-1.181,-0.515,-6.244,-31.394,22.185,0.037196,-0.1645,-0.6971,-0.6969,-847475425,98
13,0.1821,0.9927,0.01855,1.802,-20.37,15.38,0.055212,-0.045948,-0.68117,-0.7286,0.03996,0.005173,-0.04924,602493643,98
14,0,0,0,0,0,0,0,0,0,0,0,0,0,0,0
15,-0.03174,0.02979,1.037,0.2232,0.2651,0.09918,-36.45,27.6,36.45,0.89412,0.0197,0.002569,-0.4474,-1439293609,108
16,0,0,0,0,0,0,0,0,0,0,0,0,0,0,0
17,0,0,0,0,0,0,0,0,0,0,0,0,0,0,0
18,0,0,0,0,0,0,0,0,0,0,0,0,0,0,0
1,0,0,0,0,0,0,0,0,0,0,0,0,0,0,0
2,-0.1997,0.9614,-0.01025,-0.08392,-1.726,0.4234,28.77,-22.311,5.9308,0.48694,0.3773,0.604,0.5058,-847404077,66
3,0,0,0,0,0,0,0,0,0,0,0,0,0,0,0
4,0,0,0,0,0,0,0,0,0,0,0,0,0,0,0
5,0.05322,0.9868,-0.05273,0.4253,0.003815,-0.03242,0.43189,0.48219,0.5429,0.53499,0.006256,-0.01059,0.001785,-846866152,68
6,0.08545,0.9731,-0.1353,0.4234,0.1011,0.145,0.17362,0.25505,0.7061,0.63735,0.005524,-0.01549,-0.00798,-846876778,52
7,0,0,0,0,0,0,0,0,0,0,0,0,0,0,0
8,-0.04688,0.9683,0.03906,0.0267,0.04768,-0.4272,0.44848,0.39353,0.56856,0.56634,0.01736,-0.0287,-0.004669,-846959409,126
9,-0.4014,0.9106,-0.03418,-0.5741,-0.9327,0.4406,0.55957,0.36113,0.6236,0.40938,0.0008545,-0.004074,0.00441,-847449188,70
10,0.2295,0.949,-0.2854,0.9842,0.1373,0.0782,0.0040989,-0.19172,-0.77822,-0.59799,-0.006165,0.01981,-0.0006256,-847581520,68
11,0,0,0,0,0,0,0,0,0,0,0,0,0,0,0
12,0.2764,0.9341,-0.02686,-0.5283,-1.547,-0.3319,-5.194,-30.344,22.035,0.03703,-0.1646,-0.6971,-0.6969,-847445378,98
13,0.1821,0.9927,0.01855,1.802,-20.37,15.38,0.055212,-0.045948,-0.68117,-0.7286,0.03996,0.005173,-0.04924,602493643,98
14,0,0,0,0,0,0,0,0,0,0,0,0,0,0,0
15,-0.03174,0.02979,1.037,0.2232,0.2651,0.09918,-36.45,27.6,36.45,0.89412,0.0197,0.002569,-0.4474,-1439293609,108
16,0,0,0,0,0,0,0,0,0,0,0,0,0,0,0
17,0,0,0,0,0,0,0,0,0,0,0,0,0,0,0
18,0,0,0,0,0,0,0,0,0,0,0,0,0,0,0
1,0,0,0,0,0,0,0,0,0,0,0,0,0,0,0
2,-0.1943,0.9805,-0.02246,-0.6332,-1.177,0.2403,27.72,-22.311,7.1308,0.48701,0.3775,0.6038,0.5058,-847349033,66
3,0,0,0,0,0,0,0,0,0,0,0,0,0,0,0
4,0,0,0,0,0,0,0,0,0,0,0,0,0,0,0
5,0.04639,0.9854,-0.05811,0.1202,0.003815,-0.2155,0.43186,0.48223,0.54296,0.53493,-0.0005493,-0.01204,-0.003403,-846826244,68
6,0.06348,0.9761,-0.1377,0.7286,0.4063,-0.09918,0.17411,0.25557,0.70594,0.6372,-0.0164,-0.01256,-0.01036,-846807424,52
7,0,0,0,0,0,0,0,0,0,0,0,0,0,0,0
8,-0.06055,0.9854,0.04199,-0.2785,-0.2575,0,0.44871,0.39365,0.56847,0.56616,0.003876,-0.0116,-0.001755,-846839320,126
9,-0.4092,0.9092,-0.02783,-0.2689,0.6542,-0.1698,0.5594,0.36081,0.62371,0.40972,-0.007034,-0.005585,0.01057,-847391011,70
10,0.2339,0.9602,-0.2859,0.007629,0.07629,-0.4711,0.0038762,-0.19187,-0.77821,-0.59797,-0.001602,0.03102,-0.001038,-847511425,68
11,0,0,0,0,0,0,0,0,0,0,0,0,0,0,0
12,0.2798,0.9434,-0.02539,0.6313,-1.486,0.4616,-5.2023,-32.286,20.983,0.0369,-0.1648,-0.6971,-0.6968,-847305257,98
13,0.1821,0.9927,0.01855,1.802,-20.37,15.38,0.055212,-0.045948,-0.68117,-0.7286,0.03996,0.005173,-0.04924,602493643,98
14,0,0,0,0,0,0,0,0,0,0,0,0,0,0,0
15,-0.03174,0.02979,1.037,0.2232,0.2651,0.09918,-36.45,27.6,36.45,0.89412,0.0197,0.002569,-0.4474,-1439293609,108
16,0,0,0,0,0,0,0,0,0,0,0,0,0,0,0
17,0,0,0,0,0,0,0,0,0,0,0,0,0,0,0
18,0,0,0,0,0,0,0,0,0,0,0,0,0,0,0
1,0,0,0,0,0,0,0,0,0,0,0,0,0,0,0
2,-0.2017,0.96,-0.01221,-0.206,0.1049,-0.003815,27.72,-20.061,6.3808,0.48685,0.3774,0.6038,0.5059,-847193986,66
3,0,0,0,0,0,0,0,0,0,0,0,0,0,0,0
4,0,0,0,0,0,0,0,0,0,0,0,0,0,0,0
5,0.04443,0.9863,-0.05225,-0.124,0.1869,-0.1545,0.43185,0.48224,0.54306,0.53483,-0.00235,-0.01106,0.002686,-846766754,68
6,0.08496,0.9893,-0.147,1.034,0.6504,-0.3433,0.17459,0.25622,0.70587,0.63688,0.005081,0.0006866,-0.01917,-846736946,52
7,0,0,0,0,0,0,0,0,0,0,0,0,0,0,0
8,-0.06201,0.9766,0.04883,-0.2174,-0.01335,0.1221,0.44866,0.39343,0.56848,0.56634,0.002472,-0.02037,0.004761,-846769894,126
9,-0.4033,0.9126,-0.03613,0.1583,-1.604,0.07439,0.56006,0.36155,0.6232,0.40895,-0.0009766,-0.00209,0.00206,-847239184,70
10,0.2344,0.9597,-0.2903,0.1297,-0.2289,-0.227,0.0040447,-0.19158,-0.77827,-0.59798,-0.001038,0.0305,-0.005463,-847503744,68
11,0,0,0,0,0,0,0,0,0,0,0,0,0,0,0
12,0.2808,0.9429,-0.02148,0.8755,0.1011,0.4616,-6.5524,-30.636,22.933,0.037261,-0.1649,-0.6972,-0.6967,-847265378,98
13,0.1821,0.9927,0.01855,1.802,-20.37,15.38,0.055212,-0.045948,-0.68117,-0.7286,0.03996,0.005173,-0.04924,602493643,98
14,0,0,0,0,0,0,0,0,0,0,0,0,0,0,0
15,-0.03174,0.02979,1.037,0.2232,0.2651,0.09918,-36.45,27.6,36.45,0.89412,0.0197,0.002569,-0.4474,-1439293609,108
16,0,0,0,0,0,0,0,0,0,0,0,0,0,0,0
17,0,0,0,0,0,0,0,0,0,0,0,0,0,0,0
18,0,0,0,0,0,0,0,0,0,0,0,0,0,0,0
1,0,0,0,0,0,0,0,0,0,0,0,0,0,0,0
2,-0.2065,0.9683,-0.01904,0.3433,-0.1392,-0.4311,27.72,-19.611,6.3808,0.48656,0.3771,0.6041,0.506,-847069042,66
3,0,0,0,0,0,0,0,0,0,0,0,0,0,0,0
4,0,0,0,0,0,0,0,0,0,0,0,0,0,0,0
5,0.05127,0.9814,-0.05859,0.1812,0.1259,-0.1545,0.43185,0.48224,0.54314,0.53474,0.004623,-0.01593,-0.003479,-846656131,68
6,0.06982,0.9858,-0.1323,0.1793,0.1621,0.267,0.17471,0.2563,0.70603,0.63664,-0.009811,-0.002686,-0.003967,-846656946,52
7,0,0,0,0,0,0,0,0,0,0,0,0,0,0,0
8,-0.0542,0.9648,0.04932,0.515,0.4139,-0.4272,0.44883,0.39352,0.56838,0.56625,0.01036,-0.03209,0.005157,-846699409,126
9,-0.397,0.9067,-0.02539,0.1583,0.7153,-0.4749,0.56007,0.36156,0.62314,0.40901,0.005264,-0.007996,0.01268,-847220908,70
10,0.2383,0.9631,-0.2893,0.007629,-1.328,-0.5322,0.0043825,-0.19094,-0.77839,-0.59803,0.003082,0.03383,-0.004608,-847433290,68
11,0,0,0,0,0,0,0,0,0,0,0,0,0,0,0
12,0.2759,0.9268,-0.03271,0.6313,0.7725,0.8278,-5.8024,-32.136,22.933,0.037019,-0.1652,-0.6972,-0.6966,-847205923,98
13,0.1821,0.9927,0.01855,1.802,-20.37,15.38,0.055212,-0.045948,-0.68117,-0.7286,0.03996,0.005173,-0.04924,602493643,98
14,0,0,0,0,0,0,0,0,0,0,0,0,0,0,0
15,-0.03174,0.02979,1.037,0.2232,0.2651,0.09918,-36.45,27.6,36.45,0.89412,0.0197,0.002569,-0.4474,-1439293609,108
16,0,0,0,0,0,0,0,0,0,0,0,0,0,0,0
17,0,0,0,0,0,0,0,0,0,0,0,0,0,0,0
18,0,0,0,0,0,0,0,0,0,0,0,0,0,0,0
1,0,0,0,0,0,0,0,0,0,0,0,0,0,0,0
2,-0.2085,0.9712,-0.02148,0.7095,-1.36,0.1793,29.82,-21.561,6.6808,0.4867,0.3769,0.6044,0.5058,-846942088,66
3,0,0,0,0,0,0,0,0,0,0,0,0,0,0,0
4,0,0,0,0,0,0,0,0,0,0,0,0,0,0,0
5,0.04883,0.9927,-0.04688,0.7305,-0.1183,-0.2155,0.43187,0.48222,0.54316,0.53472,0.002274,-0.004715,0.008255,-846576107,68
6,0.0752,0.9834,-0.1343,-0.248,-1.12,0.206,0.17485,0.25637,0.7062,0.63638,-0.00415,-0.005066,-0.005371,-846576950,52
7,0,0,0,0,0,0,0,0,0,0,0,0,0,0,0
8,-0.06055,0.9834,0.04346,0.4539,-0.1965,-0.3662,0.44875,0.39336,0.56846,0.56634,0.004089,-0.01352,-0.0007782,-846619394,126
9,-0.4004,0.8979,-0.03418,0.8907,-0.1392,-0.4749,0.56062,0.36218,0.62288,0.40809,0.002411,-0.01653,0.00415,-847120913,70
10,0.2432,0.9543,-0.3049,-0.4196,0.5646,-0.1659,0.0048076,-0.19047,-0.77853,-0.59799,0.007889,0.02509,-0.02016,-847323302,68
11,0,0,0,0,0,0,0,0,0,0,0,0,0,0,0
12,0.2749,0.9395,-0.02197,-0.2842,1.505,-0.2098,-4.3024,-33.336,23.683,0.037021,-0.1655,-0.697,-0.6967,-847095367,98
13,0.1821,0.9927,0.01855,1.802,-20.37,15.38,0.055212,-0.045948,-0.68117,-0.7286,0.03996,0.005173,-0.04924,602493643,98
14,0,0,0,0,0,0,0,0,0,0,0,0,0,0,0
15,-0.03174,0.02979,1.037,0.2232,0.2651,0.09918,-36.45,27.6,36.45,0.89412,0.0197,0.002569,-0.4474,-1439293609,108
16,0,0,0,0,0,0,0,0,0,0,0,0,0,0,0
17,0,0,0,0,0,0,0,0,0,0,0,0,0,0,0
18,0,0,0,0,0,0,0,0,0,0,0,0,0,0,0
1,0,0,0,0,0,0,0,0,0,0,0,0,0,0,0
2,-0.2144,0.9639,-0.01074,-0.02289,-2.398,0.3014,28.32,-20.811,7.1308,0.48679,0.377,0.6043,0.5057,-846929038,66
3,0,0,0,0,0,0,0,0,0,0,0,0,0,0,0
