ID,Acceleration x,Acceleration y,Acceleration z,Gyroscope x,Gyroscope y,Gyroscope z,Quaternion w,Quaternion x,Quaternion y,Quaternion z,Linear Acceleration x,Linear Acceleration y,Linear Acceleration z,Time,Battery
5,0.0112305,0.971191,-0.155762,0.0190735,0.135422,0.125885,0.50961,0.59642,0.47213,0.40209,0.0128,-0.01636,0.001495,-1307664962,68
6,0.01318,0.9736,-0.1958,0.2403,0.1774,-0.001907,0.17533,0.22767,0.74044,0.60759,-0.00383,-0.005966,0.004379,-1307280989,52
7,0,0,0,0,0,0,0,0,0,0,0,0,0,0,0
8,0.006348,0.9653,-0.1719,-0.1259,-0.03433,0.05531,0.50737,0.60715,0.469,0.39241,0.005768,-0.01884,0.00531,-1307320541,126
9,0.005371,0.9922,-0.1255,-0.06104,-0.0782,-0.04959,0.44867,0.51515,0.54645,0.48447,-0.003418,0.0004578,0.002487,-1307788756,70
10,-0.01904,0.9614,-0.2153,0.07439,-0.007629,-0.09346,0.60005,0.74679,0.22799,0.17397,-0.005264,-0.01411,0.004013,-1307980906,68
11,0,0,0,0,0,0,0,0,0,0,0,0,0,0,0
12,0.005371,0.9614,-0.1636,0,-0.09537,0.3891,7.35,-34.95,-4.35,0.6077,0.719,0.2574,0.2179,-1307655535,98
13,-0.01221,0.05176,1.012,0.3681,-0.206,-0.2098,0.88837,0.019935,0.016695,0.45839,-0.0008087,0.001038,0.01308,43939553,98
14,0,0,0,0,0,0,0,0,0,0,0,0,0,0,0
15,-0.03174,0.02979,1.037,0.2232,0.2651,0.09918,-36.45,27.6,36.45,0.89412,0.0197,0.002569,-0.4474,-1439293609,108
16,0,0,0,0,0,0,0,0,0,0,0,0,0,0,0
17,0,0,0,0,0,0,0,0,0,0,0,0,0,0,0
18,0,0,0,0,0,0,0,0,0,0,0,0,0,0,0
1,0,0,0,0,0,0,0,0,0,0,0,0,0,0,0
2,0.004395,0.9565,-0.2407,0.07439,0.1488,0.1888,-1.65,-39,15.45,0.074064,0.08592,-0.7865,-0.6071,-1307878771,66
3,0,0,0,0,0,0,0,0,0,0,0,0,0,0,0
4,0,0,0,0,0,0,0,0,0,0,0,0,0,0,0
5,-0.0009766,0.9756,-0.1646,0.08011,0.1965,-0.1183,0.50953,0.59649,0.47214,0.40208,0.0004883,-0.01193,-0.007126,-1307534972,68
6,0.02539,0.9819,-0.2051,-0.309,0.1774,-0.001907,0.17479,0.22696,0.74066,0.60775,0.008438,0.002335,-0.004898,-1307200988,52
7,0,0,0,0,0,0,0,0,0,0,0,0,0,0,0
8,-0.004883,0.9536,-0.1709,0.05722,0.0267,-0.1278,0.50744,0.60714,0.46901,0.39232,-0.00528,-0.03056,0.006287,-1307231151,126
9,0.01514,0.9927,-0.1265,0,0.288,-0.1106,0.44857,0.51517,0.54648,0.48451,0.006195,0.0009613,0.001617,-1307738760,70
10,-0.005859,0.9678,-0.2217,-0.1698,-0.2518,0.02861,0.60002,0.74679,0.22802,0.174,0.007904,-0.007767,-0.002289,-1307970867,68
11,0,0,0,0,0,0,0,0,0,0,0,0,0,0,0
12,-0.007813,0.9614,-0.1641,-0.06104,0.0267,-0.2213,7.95,-34.35,-3.75,0.60776,0.7191,0.2572,0.2176,-1307585440,98
13,-0.01221,0.05176,1.012,0.3681,-0.206,-0.2098,0.88837,0.019935,0.016695,0.45839,-0.0008087,0.001038,0.01308,43939553,98
14,0,0,0,0,0,0,0,0,0,0,0,0,0,0,0
15,-0.03174,0.02979,1.037,0.2232,0.2651,0.09918,-36.45,27.6,36.45,0.89412,0.0197,0.002569,-0.4474,-1439293609,108
16,0,0,0,0,0,0,0,0,0,0,0,0,0,0,0
17,0,0,0,0,0,0,0,0,0,0,0,0,0,0,0
18,0,0,0,0,0,0,0,0,0,0,0,0,0,0,0
1,0,0,0,0,0,0,0,0,0,0,0,0,0,0,0
2,0.006348,0.9575,-0.2593,-0.1087,-0.03433,0.06676,-1.65,-38.55,15,0.074053,0.08593,-0.7865,-0.6071,-1307863882,66
3,0,0,0,0,0,0,0,0,0,0,0,0,0,0,0
4,0,0,0,0,0,0,0,0,0,0,0,0,0,0,0
5,-0.01367,0.9634,-0.1475,-0.103,-0.1087,-0.05722,0.50959,0.59644,0.47224,0.40197,-0.01187,-0.02414,0.01004,-1307424362,68
6,0.01709,0.9785,-0.2026,0.1183,0.1163,-0.001907,0.17544,0.22796,0.74032,0.6076,-0.0001678,-0.001099,-0.002548,-1307121457,52
7,0,0,0,0,0,0,0,0,0,0,0,0,0,0,0
8,0.008301,0.9814,-0.1611,-0.2689,0.1049,0.2537,0.50759,0.60746,0.46871,0.39199,0.007904,-0.002686,0.01627,-1307148907,126
9,-0.002441,1.004,-0.1289,-0.2441,0.04387,0.01144,0.4486,0.51507,0.54654,0.48451,-0.01118,0.01218,-0.000885,-1307677035,70
10,-0.005859,0.9717,-0.2144,0.07439,-0.06866,0.08965,0.6001,0.74691,0.22767,0.17367,0.007965,-0.003845,0.005081,-1307941512,68
11,0,0,0,0,0,0,0,0,0,0,0,0,0,0,0
12,-0.01514,0.9824,-0.1748,0.1221,0.0267,0.145,7.5,-34.65,-3,0.60798,0.7193,0.2565,0.2171,-1307476031,98
13,-0.01221,0.05176,1.012,0.3681,-0.206,-0.2098,0.88837,0.019935,0.016695,0.45839,-0.0008087,0.001038,0.01308,43939553,98
14,0,0,0,0,0,0,0,0,0,0,0,0,0,0,0
15,-0.03174,0.02979,1.037,0.2232,0.2651,0.09918,-36.45,27.6,36.45,0.89412,0.0197,0.002569,-0.4474,-1439293609,108
16,0,0,0,0,0,0,0,0,0,0,0,0,0,0,0
17,0,0,0,0,0,0,0,0,0,0,0,0,0,0,0
18,0,0,0,0,0,0,0,0,0,0,0,0,0,0,0
1,0,0,0,0,0,0,0,0,0,0,0,0,0,0,0
2,0.004395,0.959,-0.2412,-0.1698,-0.03433,-0.05531,-1.2,-39.15,15.6,0.073918,0.08569,-0.7865,-0.6071,-1307723769,66
3,0,0,0,0,0,0,0,0,0,0,0,0,0,0,0
4,0,0,0,0,0,0,0,0,0,0,0,0,0,0,0
5,-0.01855,0.9551,-0.1738,-0.3471,0.01335,0.06485,0.5096,0.59643,0.47226,0.40194,-0.01666,-0.03242,-0.01631,-1307365021,68
6,0.021,0.9727,-0.2134,0.1793,0.05531,0.05913,0.17459,0.22687,0.74064,0.60787,0.003799,-0.006973,-0.01335,-1307049263,52
7,0,0,0,0,0,0,0,0,0,0,0,0,0,0,0
8,-0.0009766,0.9653,-0.1807,-0.0248,0.1659,-0.1125,0.50759,0.6075,0.46865,0.392,-0.001465,-0.0188,-0.003281,-1307078809,126
9,0.01221,0.9854,-0.1245,0,-0.01717,-0.04959,0.4488,0.51529,0.54634,0.48432,0.003479,-0.006378,0.00354,-1307606934,70
10,-0.007813,0.9697,-0.2192,-0.1698,0.1144,-0.03242,0.60007,0.74695,0.22759,0.17372,0.005814,-0.005783,0.0002441,-1307890958,68
11,0,0,0,0,0,0,0,0,0,0,0,0,0,0,0
12,-0.006348,0.9629,-0.1494,0.06104,0.2098,-0.09918,7.95,-34.35,-3.75,0.60778,0.7191,0.2572,0.2177,-1307375444,98
13,-0.01221,0.05176,1.012,0.3681,-0.206,-0.2098,0.88837,0.019935,0.016695,0.45839,-0.0008087,0.001038,0.01308,43939553,98
14,0,0,0,0,0,0,0,0,0,0,0,0,0,0,0
15,-0.03174,0.02979,1.037,0.2232,0.2651,0.09918,-36.45,27.6,36.45,0.89412,0.0197,0.002569,-0.4474,-1439293609,108
16,0,0,0,0,0,0,0,0,0,0,0,0,0,0,0
17,0,0,0,0,0,0,0,0,0,0,0,0,0,0,0
18,0,0,0,0,0,0,0,0,0,0,0,0,0,0,0
1,0,0,0,0,0,0,0,0,0,0,0,0,0,0,0
2,0.009277,0.9648,-0.2412,-0.1698,-0.2174,-0.05531,-2.4,-38.25,14.7,0.073975,0.0857,-0.7865,-0.6071,-1307695789,66
3,0,0,0,0,0,0,0,0,0,0,0,0,0,0,0
4,0,0,0,0,0,0,0,0,0,0,0,0,0,0,0
5,0.008301,0.9751,-0.1631,-0.164,0.07439,0.06485,0.50962,0.59641,0.47226,0.40194,0.01021,-0.01242,-0.005615,-1307274539,68
6,0.021,0.9858,-0.1904,0.2403,0.05531,0.1812,0.17386,0.22621,0.74086,0.60805,0.003525,0.006241,0.009674,-1306970991,52
7,0,0,0,0,0,0,0,0,0,0,0,0,0,0,0
8,0.009766,0.9639,-0.1646,-0.0248,0.4101,-0.3567,0.50713,0.60708,0.46926,0.39252,0.009155,-0.02025,0.01294,-1307000545,126
9,0.01074,0.9849,-0.1294,-0.1221,-0.2003,-0.04959,0.44874,0.51525,0.54639,0.48436,0.001999,-0.006851,-0.001328,-1307536989,70
10,-0.01123,0.9658,-0.2148,0.1354,-0.2518,0.08965,0.60009,0.747,0.22746,0.1736,0.002411,-0.009689,0.004654,-1307870958,68
11,0,0,0,0,0,0,0,0,0,0,0,0,0,0,0
12,0.0004883,0.979,-0.1616,-0.1221,-0.1564,0.02289,8.4,-34.5,-3.6,0.60796,0.7191,0.2569,0.2174,-1307266016,98
13,-0.01221,0.05176,1.012,0.3681,-0.206,-0.2098,0.88837,0.019935,0.016695,0.45839,-0.0008087,0.001038,0.01308,43939553,98
14,0,0,0,0,0,0,0,0,0,0,0,0,0,0,0
15,-0.03174,0.02979,1.037,0.2232,0.2651,0.09918,-36.45,27.6,36.45,0.89412,0.0197,0.002569,-0.4474,-1439293609,108
16,0,0,0,0,0,0,0,0,0,0,0,0,0,0,0
17,0,0,0,0,0,0,0,0,0,0,0,0,0,0,0
18,0,0,0,0,0,0,0,0,0,0,0,0,0,0,0
1,0,0,0,0,0,0,0,0,0,0,0,0,0,0,0
2,0.01221,0.9551,-0.2617,0.2499,-0.09537,0.1717,-2.4,-38.25,14.7,0.07384,0.08555,-0.7865,-0.6071,-1307610448,66
3,0,0,0,0,0,0,0,0,0,0,0,0,0,0,0
4,0,0,0,0,0,0,0,0,0,0,0,0,0,0,0
5,-0.002441,0.9834,-0.1528,0.1411,0.1354,0.003815,0.50962,0.59641,0.47224,0.40196,-0.0005646,-0.00412,0.004623,-1307234314,68
6,0.02002,0.9844,-0.1943,-0.02098,-0.1335,0.1316,0.17479,0.22727,0.74045,0.6079,0.002548,0.004715,0.005493,-1306900889,52
7,0,0,0,0,0,0,0,0,0,0,0,0,0,0,0
8,0.0004883,0.9526,-0.1685,-0.0248,0.1049,0.2537,0.50726,0.60721,0.46909,0.39235,-7.629e-05,-0.03148,0.009048,-1306950573,126
9,0.01855,0.9824,-0.1216,0.06104,0.04387,0.07248,0.44869,0.51521,0.54641,0.48442,0.00975,-0.009308,0.006454,-1307518863,70
10,-0.0166,0.9712,-0.2173,-0.04768,-0.2518,-0.09346,0.60004,0.74696,0.22767,0.17368,-0.002838,-0.004303,0.002289,-1307809096,68
11,0,0,0,0,0,0,0,0,0,0,0,0,0,0,0
12,-0.005859,0.9502,-0.1772,-0.06104,-0.03433,0.08392,7.5,-33.9,-4.5,0.60791,0.7192,0.2568,0.2173,-1307215444,98
13,-0.01221,0.05176,1.012,0.3681,-0.206,-0.2098,0.88837,0.019935,0.016695,0.45839,-0.0008087,0.001038,0.01308,43939553,98
14,0,0,0,0,0,0,0,0,0,0,0,0,0,0,0
15,-0.03174,0.02979,1.037,0.2232,0.2651,0.09918,-36.45,27.6,36.45,0.89412,0.0197,0.002569,-0.4474,-1439293609,108
16,0,0,0,0,0,0,0,0,0,0,0,0,0,0,0
17,0,0,0,0,0,0,0,0,0,0,0,0,0,0,0
18,0,0,0,0,0,0,0,0,0,0,0,0,0,0,0
1,0,0,0,0,0,0,0,0,0,0,0,0,0,0,0
2,0.01807,0.9639,-0.2441,-0.1163,-0.2174,-0.3166,-1.35,-39.3,16.05,0.074219,0.08607,-0.7864,-0.6072,-1307500868,66
3,0,0,0,0,0,0,0,0,0,0,0,0,0,0,0
4,0,0,0,0,0,0,0,0,0,0,0,0,0,0,0
5,0.006836,0.9731,-0.1499,0.08011,0.01335,0.003815,0.50958,0.59644,0.47228,0.40191,0.008743,-0.01436,0.007675,-1307144517,68
6,0.01611,0.9951,-0.2026,-0.02098,-0.1945,0.3757,0.17585,0.22864,0.74002,0.6076,-0.001465,0.01546,-0.002823,-1306820886,52
7,0,0,0,0,0,0,0,0,0,0,0,0,0,0,0
8,0.004395,0.958,-0.1709,0.09727,-0.0782,0.009537,0.507,0.60699,0.46941,0.39264,0.003723,-0.02609,0.006668,-1306860646,126
9,0.01563,0.9858,-0.1143,-0.1831,-0.1392,0.01144,0.44874,0.51529,0.54638,0.48434,0.006836,-0.005875,0.01384,-1307467027,70
10,-0.01758,0.9712,-0.2173,-0.1698,0.1755,-0.03242,0.60009,0.74695,0.22758,0.17366,-0.00386,-0.004318,0.002182,-1307739038,68
11,0,0,0,0,0,0,0,0,0,0,0,0,0,0,0
12,0.008301,0.9697,-0.1582,-0.2575,0.09346,0.07248,6.6,-33.3,-3.6,0.60795,0.7192,0.2568,0.2173,-1307165440,98
13,-0.01221,0.05176,1.012,0.3681,-0.206,-0.2098,0.88837,0.019935,0.016695,0.45839,-0.0008087,0.001038,0.01308,43939553,98
14,0,0,0,0,0,0,0,0,0,0,0,0,0,0,0
15,-0.03174,0.02979,1.037,0.2232,0.2651,0.09918,-36.45,27.6,36.45,0.89412,0.0197,0.002569,-0.4474,-1439293609,108
16,0,0,0,0,0,0,0,0,0,0,0,0,0,0,0
17,0,0,0,0,0,0,0,0,0,0,0,0,0,0,0
18,0,0,0,0,0,0,0,0,0,0,0,0,0,0,0
1,0,0,0,0,0,0,0,0,0,0,0,0,0,0,0
2,0.003906,0.9609,-0.249,0.06676,-0.03433,-0.01144,-0.3,-37.8,15,0.074149,0.086,-0.7865,-0.6071,-1307415756,66
3,0,0,0,0,0,0,0,0,0,0,0,0,0,0,0
4,0,0,0,0,0,0,0,0,0,0,0,0,0,0,0
5,-0.004883,0.9766,-0.1709,-0.164,-0.1087,-0.1183,0.50953,0.59648,0.47233,0.40186,-0.002945,-0.01091,-0.01312,-1307084371,68
6,0.01465,0.9893,-0.1958,-0.02098,0.04959,0.07057,0.17588,0.22871,0.73999,0.6076,-0.002975,0.009598,0.003983,-1306751428,52
7,0,0,0,0,0,0,0,0,0,0,0,0,0,0,0
8,0.001953,0.9619,-0.1792,0.09727,-0.01717,-0.0515,0.50697,0.60681,0.46957,0.39277,0.001404,-0.02222,-0.001755,-1306790552,126
9,-0.00293,0.9775,-0.1421,0.2441,-0.01717,-0.1106,0.44899,0.51559,0.54614,0.48405,-0.01164,-0.01416,-0.01387,-1307318757,70
10,-0.005371,0.9785,-0.2178,-0.1087,0.1144,0.1507,0.60014,0.74701,0.22739,0.17351,0.008347,0.002991,0.001678,-1307720875,68
11,0,0,0,0,0,0,0,0,0,0,0,0,0,0,0
12,-0.003418,0.9678,-0.1636,-0.01335,0.2766,-0.3548,6.6,-32.25,-3.9,0.60791,0.7192,0.2569,0.2174,-1307075548,98
13,-0.01221,0.05176,1.012,0.3681,-0.206,-0.2098,0.88837,0.019935,0.016695,0.45839,-0.0008087,0.001038,0.01308,43939553,98
14,0,0,0,0,0,0,0,0,0,0,0,0,0,0,0
15,-0.03174,0.02979,1.037,0.2232,0.2651,0.09918,-36.45,27.6,36.45,0.89412,0.0197,0.002569,-0.4474,-1439293609,108
16,0,0,0,0,0,0,0,0,0,0,0,0,0,0,0
17,0,0,0,0,0,0,0,0,0,0,0,0,0,0,0
18,0,0,0,0,0,0,0,0,0,0,0,0,0,0,0
1,0,0,0,0,0,0,0,0,0,0,0,0,0,0,0
2,0.01807,0.9526,-0.2422,0.1278,0.4539,-0.07248,-1.65,-39.3,16.05,0.073771,0.08563,-0.7865,-0.6071,-1307373908,66
3,0,0,0,0,0,0,0,0,0,0,0,0,0,0,0
4,0,0,0,0,0,0,0,0,0,0,0,0,0,0,0
5,0.004883,0.9644,-0.1602,-0.103,0.07439,0.003815,0.5095,0.59651,0.47233,0.40186,0.006775,-0.0231,-0.002319,-1306984524,68
6,0.01807,0.9761,-0.2134,0.04005,-0.2556,0.009537,0.17561,0.22831,0.74003,0.60777,0.0004578,-0.003632,-0.01382,-1306680942,52
7,0,0,0,0,0,0,0,0,0,0,0,0,0,0,0
8,0.005859,0.9639,-0.1812,0.09727,0.1659,0.2537,0.50684,0.60672,0.46979,0.39282,0.005417,-0.02023,-0.00354,-1306710579,126
9,0.005859,0.9854,-0.125,-0.4272,0.288,0.1335,0.44919,0.51577,0.54595,0.48389,-0.002823,-0.006363,0.003159,-1307268755,70
10,-0.01074,0.9717,-0.207,-0.1087,-0.007629,-0.03242,0.60013,0.7471,0.22725,0.17334,0.003036,-0.003815,0.01257,-1307630958,68
11,0,0,0,0,0,0,0,0,0,0,0,0,0,0,0
12,-0.008789,0.9731,-0.1582,0.1087,0.2766,-0.1106,7.65,-34.95,-2.55,0.60787,0.7191,0.2571,0.2176,-1306985446,98
13,-0.01221,0.05176,1.012,0.3681,-0.206,-0.2098,0.88837,0.019935,0.016695,0.45839,-0.0008087,0.001038,0.01308,43939553,98
14,0,0,0,0,0,0,0,0,0,0,0,0,0,0,0
15,-0.03174,0.02979,1.037,0.2232,0.2651,0.09918,-36.45,27.6,36.45,0.89412,0.0197,0.002569,-0.4474,-1439293609,108
16,0,0,0,0,0,0,0,0,0,0,0,0,0,0,0
17,0,0,0,0,0,0,0,0,0,0,0,0,0,0,0
18,0,0,0,0,0,0,0,0,0,0,0,0,0,0,0
1,0,0,0,0,0,0,0,0,0,0,0,0,0,0,0
2,0.021,0.958,-0.2539,0.3109,-0.03433,-0.07248,-2.1,-37.8,15,0.073474,0.08527,-0.7866,-0.6071,-1307261851,66
3,0,0,0,0,0,0,0,0,0,0,0,0,0,0,0
4,0,0,0,0,0,0,0,0,0,0,0,0,0,0,0
5,-0.005859,0.9751,-0.1548,-0.164,0.07439,-0.1183,0.50955,0.59647,0.47234,0.40185,-0.003876,-0.01237,0.002975,-1306915038,68
6,0.007324,0.9766,-0.2026,0.1011,-0.1335,-0.0515,0.1749,0.22737,0.74036,0.60793,-0.01015,-0.003128,-0.002975,-1306600984,52
7,0,0,0,0,0,0,0,0,0,0,0,0,0,0,0
8,-0.0004883,0.9688,-0.1802,-0.08583,0.227,0.1926,0.50697,0.60695,0.46949,0.39265,-0.001083,-0.01534,-0.002548,-1306641146,126
9,0.005371,0.9976,-0.1401,-0.1831,0.227,0.01144,0.44921,0.51592,0.54586,0.48382,-0.003433,0.005859,-0.01187,-1307186876,70
10,0.00293,0.9727,-0.2134,0.07439,0.1144,0.02861,0.60015,0.7471,0.22718,0.17334,0.01662,-0.002838,0.00618,-1307620841,68
11,0,0,0,0,0,0,0,0,0,0,0,0,0,0,0
12,-0.004395,0.9688,-0.1729,0.4139,0.2155,0.01144,6.6,-36.45,-2.85,0.60775,0.719,0.2573,0.2178,-1306875452,98
13,-0.01221,0.05176,1.012,0.3681,-0.206,-0.2098,0.88837,0.019935,0.016695,0.45839,-0.0008087,0.001038,0.01308,43939553,98
14,0,0,0,0,0,0,0,0,0,0,0,0,0,0,0
15,-0.03174,0.02979,1.037,0.2232,0.2651,0.09918,-36.45,27.6,36.45,0.89412,0.0197,0.002569,-0.4474,-1439293609,108
16,0,0,0,0,0,0,0,0,0,0,0,0,0,0,0
17,0,0,0,0,0,0,0,0,0,0,0,0,0,0,0
18,0,0,0,0,0,0,0,0,0,0,0,0,0,0,0
1,0,0,0,0,0,0,0,0,0,0,0,0,0,0,0
2,0.01025,0.9556,-0.252,-0.05531,-0.4005,-0.07248,-1.2,-38.7,14.85,0.073411,0.08512,-0.7867,-0.607,-1307135884,66
3,0,0,0,0,0,0,0,0,0,0,0,0,0,0,0
4,0,0,0,0,0,0,0,0,0,0,0,0,0,0,0
5,-0.004395,0.981,-0.1587,0.2022,0.07439,-0.1793,0.50955,0.59647,0.47235,0.40184,-0.00238,-0.006516,-0.0009155,-1306844431,68
6,0.02393,0.9883,-0.1997,0.04005,0.04959,-0.0515,0.1755,0.22808,0.74013,0.60777,0.006485,0.008575,-6.104e-05,-1306530889,52
7,0,0,0,0,0,0,0,0,0,0,0,0,0,0,0
8,0.01172,0.9556,-0.1816,0.03624,0.1049,0.009537,0.50676,0.60683,0.4697,0.39285,0.011,-0.0285,-0.003906,-1306580538,126
9,0.007813,0.9912,-0.125,-0.06104,-0.2613,0.01144,0.44942,0.51606,0.54567,0.48368,-0.0009308,-0.0005035,0.003159,-1307098854,70
10,-0.001953,0.9736,-0.2236,-0.1698,-0.2518,-0.03242,0.60004,0.74704,0.22748,0.17358,0.01172,-0.001846,-0.003998,-1307490862,68
11,0,0,0,0,0,0,0,0,0,0,0,0,0,0,0
12,-0.001953,0.9771,-0.166,0.04768,0.03242,0.1335,7.2,-35.55,-2.7,0.60777,0.719,0.2573,0.2177,-1306855482,98
13,-0.01221,0.05176,1.012,0.3681,-0.206,-0.2098,0.88837,0.019935,0.016695,0.45839,-0.0008087,0.001038,0.01308,43939553,98
14,0,0,0,0,0,0,0,0,0,0,0,0,0,0,0
15,-0.03174,0.02979,1.037,0.2232,0.2651,0.09918,-36.45,27.6,36.45,0.89412,0.0197,0.002569,-0.4474,-1439293609,108
16,0,0,0,0,0,0,0,0,0,0,0,0,0,0,0
17,0,0,0,0,0,0,0,0,0,0,0,0,0,0,0
18,0,0,0,0,0,0,0,0,0,0,0,0,0,0,0
1,0,0,0,0,0,0,0,0,0,0,0,0,0,0,0
2,0.008789,0.9478,-0.2412,0.1888,0.08774,-0.07248,-1.5,-37.2,14.55,0.073412,0.08509,-0.7867,-0.6071,-1307122701,66
3,0,0,0,0,0,0,0,0,0,0,0,0,0,0,0
4,0,0,0,0,0,0,0,0,0,0,0,0,0,0,0
5,0.001953,0.9849,-0.1519,0.01907,-0.1087,0.003815,0.50957,0.59646,0.47231,0.40188,0.003891,-0.002625,0.005829,-1306832688,68
6,0.0127,0.9653,-0.2012,-0.08202,0.1106,-0.0515,0.1745,0.22689,0.7405,0.60806,-0.004791,-0.01437,-0.001541,-1306440984,52
7,0,0,0,0,0,0,0,0,0,0,0,0,0,0,0
8,0.008301,0.9517,-0.1812,0.2804,-0.0782,-0.1736,0.50678,0.60688,0.46966,0.39279,0.007584,-0.03241,-0.003372,-1306540646,126
9,0.007813,0.9912,-0.125,-0.06104,-0.2613,0.01144,0.44942,0.51606,0.54567,0.48368,-0.0009308,-0.0005035,0.003159,-1307098854,70
10,-0.0127,0.9634,-0.2168,0.1793,0.185,0.2747,0.59986,0.74721,0.22752,0.17344,0.001083,-0.01198,0.003387,-1307170806,68
11,0,0,0,0,0,0,0,0,0,0,0,0,0,0,0
12,-0.01025,0.9731,-0.1616,0.1698,0.09346,0.01144,7.65,-33.75,-2.1,0.60767,0.719,0.2576,0.2179,-1306815552,98
13,-0.01221,0.05176,1.012,0.3681,-0.206,-0.2098,0.88837,0.019935,0.016695,0.45839,-0.0008087,0.001038,0.01308,43939553,98
14,0,0,0,0,0,0,0,0,0,0,0,0,0,0,0
15,-0.03174,0.02979,1.037,0.2232,0.2651,0.09918,-36.45,27.6,36.45,0.89412,0.0197,0.002569,-0.4474,-1439293609,108
16,0,0,0,0,0,0,0,0,0,0,0,0,0,0,0
17,0,0,0,0,0,0,0,0,0,0,0,0,0,0,0
18,0,0,0,0,0,0,0,0,0,0,0,0,0,0,0
1,0,0,0,0,0,0,0,0,0,0,0,0,0,0,0
2,0.008789,0.9546,-0.2471,0.005722,0.3319,0.2327,-1.35,-39.3,16.05,0.073851,0.08574,-0.7867,-0.6069,-1306982722,66
3,0,0,0,0,0,0,0,0,0,0,0,0,0,0,0
4,0,0,0,0,0,0,0,0,0,0,0,0,0,0,0
5,0.002441,0.9839,-0.146,-0.2251,0.01335,-0.2403,0.50956,0.59646,0.47231,0.40188,0.004364,-0.003586,0.0117,-1306794438,68
6,0.02295,0.9775,-0.207,-0.02098,-0.07248,-0.1125,0.17423,0.2266,0.74063,0.60808,0.005447,-0.002136,-0.007278,-1306388297,52
7,0,0,0,0,0,0,0,0,0,0,0,0,0,0,0
8,0.004395,0.9595,-0.1738,0.1583,0.04387,0.009537,0.50667,0.6068,0.46978,0.39292,0.003601,-0.02458,0.003983,-1306500575,126
9,0.01465,0.9878,-0.1279,-0.1831,0.1659,0.07248,0.44952,0.51609,0.54561,0.48363,0.005981,-0.003922,0.0001678,-1307079354,70
10,-0.009766,0.9707,-0.2173,-0.1869,-0.1812,0.03052,0.59981,0.74722,0.22762,0.17341,0.00415,-0.004623,0.003021,-1307120858,68
11,0,0,0,0,0,0,0,0,0,0,0,0,0,0,0
12,-0.02002,0.9756,-0.1685,-0.07439,-0.2117,0.1945,5.85,-34.2,-2.85,0.6077,0.719,0.2576,0.2178,-1306795436,98
13,-0.01221,0.05176,1.012,0.3681,-0.206,-0.2098,0.88837,0.019935,0.016695,0.45839,-0.0008087,0.001038,0.01308,43939553,98
14,0,0,0,0,0,0,0,0,0,0,0,0,0,0,0
15,-0.03174,0.02979,1.037,0.2232,0.2651,0.09918,-36.45,27.6,36.45,0.89412,0.0197,0.002569,-0.4474,-1439293609,108
16,0,0,0,0,0,0,0,0,0,0,0,0,0,0,0
17,0,0,0,0,0,0,0,0,0,0,0,0,0,0,0
18,0,0,0,0,0,0,0,0,0,0,0,0,0,0,0
1,0,0,0,0,0,0,0,0,0,0,0,0,0,0,0
2,0.007813,0.9443,-0.2524,0.3109,0.08774,-0.1945,-3,-39.9,15.6,0.073913,0.08587,-0.7866,-0.6069,-1306966497,66
3,0,0,0,0,0,0,0,0,0,0,0,0,0,0,0
4,0,0,0,0,0,0,0,0,0,0,0,0,0,0,0
5,0,0.9712,-0.1709,0.01907,0.1354,0.1259,0.50951,0.5965,0.47229,0.4019,0.001801,-0.01628,-0.01314,-1306752679,68
6,0.01025,0.98,-0.2051,0.1011,-0.2556,0.1316,0.1736,0.22583,0.74091,0.60821,-0.007202,0.0003357,-0.005173,-1306297730,52
7,0,0,0,0,0,0,0,0,0,0,0,0,0,0,0
8,-0.009766,0.9517,-0.1646,-0.2079,-0.01717,0.1316,0.50668,0.60672,0.46982,0.39298,-0.01053,-0.03242,0.01314,-1306480585,126
9,0.0004883,0.9785,-0.123,0,0.1049,-0.04959,0.44958,0.51616,0.54555,0.48357,-0.008163,-0.0132,0.005051,-1307068851,70
10,-0.01611,0.9741,-0.2173,-0.06485,0.06294,0.03052,0.59996,0.74727,0.22726,0.17314,-0.002182,-0.001236,0.002853,-1306910841,68
11,0,0,0,0,0,0,0,0,0,0,0,0,0,0,0
12,-0.00293,0.9604,-0.166,-0.01335,0.09346,-0.04959,7.65,-33.3,-1.8,0.60767,0.7189,0.2577,0.2179,-1306785540,98
13,-0.01221,0.05176,1.012,0.3681,-0.206,-0.2098,0.88837,0.019935,0.016695,0.45839,-0.0008087,0.001038,0.01308,43939553,98
14,0,0,0,0,0,0,0,0,0,0,0,0,0,0,0
15,-0.03174,0.02979,1.037,0.2232,0.2651,0.09918,-36.45,27.6,36.45,0.89412,0.0197,0.002569,-0.4474,-1439293609,108
16,0,0,0,0,0,0,0,0,0,0,0,0,0,0,0
17,0,0,0,0,0,0,0,0,0,0,0,0,0,0,0
18,0,0,0,0,0,0,0,0,0,0,0,0,0,0,0
1,0,0,0,0,0,0,0,0,0,0,0,0,0,0,0
2,0.01953,0.9526,-0.248,-0.1774,-0.03433,-0.01144,-3,-38.4,14.85,0.074333,0.08643,-0.7866,-0.6068,-1306912699,66
3,0,0,0,0,0,0,0,0,0,0,0,0,0,0,0
4,0,0,0,0,0,0,0,0,0,0,0,0,0,0,0
5,0.004883,0.9893,-0.1504,-0.04196,-0.04768,-0.3014,0.50954,0.59648,0.4723,0.40189,0.00676,0.001785,0.007324,-1306734355,68
6,0.01025,0.9746,-0.2056,-0.02098,-0.2556,-0.0515,0.17183,0.22354,0.74153,0.6088,-0.007095,-0.005081,-0.00589,-1306167723,52
7,0,0,0,0,0,0,0,0,0,0,0,0,0,0,0
8,0.004883,0.958,-0.1689,-0.0248,0.227,-0.0515,0.50655,0.60659,0.46999,0.39315,0.004074,-0.02608,0.008743,-1306408918,126
9,0.002441,0.9902,-0.126,0.05341,-0.267,-0.06104,0.44965,0.5162,0.5455,0.48351,-0.006149,-0.00148,0.00209,-1307039368,70
10,-0.02344,0.9731,-0.2188,-0.003815,-0.1202,0.09155,0.5998,0.74716,0.22781,0.17347,-0.009369,-0.002182,0.001541,-1306670882,68
11,0,0,0,0,0,0,0,0,0,0,0,0,0,0,0
12,0.0004883,0.9751,-0.1772,0.04768,-0.08965,0.01144,7.95,-33.6,-3.75,0.60778,0.719,0.2574,0.2177,-1306636039,98
13,-0.01221,0.05176,1.012,0.3681,-0.206,-0.2098,0.88837,0.019935,0.016695,0.45839,-0.0008087,0.001038,0.01308,43939553,98
14,0,0,0,0,0,0,0,0,0,0,0,0,0,0,0
15,-0.03174,0.02979,1.037,0.2232,0.2651,0.09918,-36.45,27.6,36.45,0.89412,0.0197,0.002569,-0.4474,-1439293609,108
16,0,0,0,0,0,0,0,0,0,0,0,0,0,0,0
17,0,0,0,0,0,0,0,0,0,0,0,0,0,0,0
18,0,0,0,0,0,0,0,0,0,0,0,0,0,0,0
1,0,0,0,0,0,0,0,0,0,0,0,0,0,0,0
2,0.01563,0.9653,-0.248,0.005722,-0.09537,-0.01144,-1.2,-40.2,14.55,0.074589,0.08669,-0.7866,-0.6068,-1306813837,66
3,0,0,0,0,0,0,0,0,0,0,0,0,0,0,0
4,0,0,0,0,0,0,0,0,0,0,0,0,0,0,0
5,-0.009277,0.9731,-0.1582,0.01907,0.1965,-0.1183,0.50952,0.59649,0.47234,0.40184,-0.007324,-0.01431,-0.0003815,-1306714387,68
6,0.01367,0.9834,-0.1953,0.04005,0.1106,-0.0515,0.17236,0.22407,0.74139,0.60863,-0.00351,0.003708,0.004425,-1306068273,52
7,0,0,0,0,0,0,0,0,0,0,0,0,0,0,0
8,0.001953,0.958,-0.1719,0.1583,0.04387,0.009537,0.50656,0.60666,0.46985,0.3932,0.0009003,-0.02609,0.005722,-1306289015,126
9,0.0127,0.9897,-0.1177,-0.007629,0.09918,0,0.44964,0.51618,0.5455,0.48355,0.004059,-0.001984,0.01035,-1306988855,70
10,-0.01318,0.9688,-0.2168,0.3014,0.185,0.09155,0.59978,0.74709,0.22794,0.17364,0.0007935,-0.006592,0.003418,-1306619069,68
11,0,0,0,0,0,0,0,0,0,0,0,0,0,0,0
12,0.001953,0.9883,-0.1616,-0.01335,-0.08965,0.07248,6.9,-33.75,-1.35,0.60771,0.719,0.2576,0.2178,-1306565479,98
13,-0.01221,0.05176,1.012,0.3681,-0.206,-0.2098,0.88837,0.019935,0.016695,0.45839,-0.0008087,0.001038,0.01308,43939553,98
14,0,0,0,0,0,0,0,0,0,0,0,0,0,0,0
15,-0.03174,0.02979,1.037,0.2232,0.2651,0.09918,-36.45,27.6,36.45,0.89412,0.0197,0.002569,-0.4474,-1439293609,108
16,0,0,0,0,0,0,0,0,0,0,0,0,0,0,0
17,0,0,0,0,0,0,0,0,0,0,0,0,0,0,0
18,0,0,0,0,0,0,0,0,0,0,0,0,0,0,0
1,0,0,0,0,0,0,0,0,0,0,0,0,0,0,0
2,0.01563,0.9653,-0.248,0.005722,-0.09537,-0.01144,-1.2,-40.2,14.55,0.074589,0.08669,-0.7866,-0.6068,-1306813837,66
3,0,0,0,0,0,0,0,0,0,0,0,0,0,0,0
4,0,0,0,0,0,0,0,0,0,0,0,0,0,0,0
5,0.005371,0.9824,-0.1548,-0.04196,-0.1698,-0.05722,0.50951,0.5965,0.47235,0.40183,0.007324,-0.005035,0.003082,-1306625025,68
6,0.02734,0.9766,-0.1899,-0.08202,-0.1335,0.07057,0.17227,0.22401,0.74141,0.60865,0.01012,-0.003113,0.009811,-1305997833,52
7,0,0,0,0,0,0,0,0,0,0,0,0,0,0,0
8,0.001465,0.9585,-0.1792,-0.2689,0.1049,-0.2956,0.50669,0.60694,0.46959,0.3929,0.000412,-0.02556,-0.001389,-1306209015,126
9,0.01416,0.9805,-0.1318,-0.007629,-0.02289,0.2441,0.4497,0.51629,0.54546,0.48342,0.005585,-0.01125,-0.003662,-1306888855,70
10,-0.008301,0.9775,-0.207,-0.1869,-0.1812,0.1526,0.59985,0.74709,0.22778,0.17363,0.005539,0.002151,0.01303,-1306511473,68
11,0,0,0,0,0,0,0,0,0,0,0,0,0,0,0
12,-0.002441,0.9756,-0.1631,-0.07439,0.03242,-0.04959,7.35,-34.95,-3.6,0.60757,0.7188,0.2581,0.2182,-1306455448,98
13,-0.01221,0.05176,1.012,0.3681,-0.206,-0.2098,0.88837,0.019935,0.016695,0.45839,-0.0008087,0.001038,0.01308,43939553,98
14,0,0,0,0,0,0,0,0,0,0,0,0,0,0,0
15,-0.03174,0.02979,1.037,0.2232,0.2651,0.09918,-36.45,27.6,36.45,0.89412,0.0197,0.002569,-0.4474,-1439293609,108
16,0,0,0,0,0,0,0,0,0,0,0,0,0,0,0
17,0,0,0,0,0,0,0,0,0,0,0,0,0,0,0
18,0,0,0,0,0,0,0,0,0,0,0,0,0,0,0
1,0,0,0,0,0,0,0,0,0,0,0,0,0,0,0
2,0.01611,0.9512,-0.2476,0.06676,0.08774,0.1717,-1.5,-39.45,13.8,0.074099,0.08604,-0.7867,-0.6068,-1306756497,66
3,0,0,0,0,0,0,0,0,0,0,0,0,0,0,0
4,0,0,0,0,0,0,0,0,0,0,0,0,0,0,0
5,0,0.9595,-0.1592,0.2022,0.01335,0.1259,0.50954,0.59648,0.47232,0.40187,0.001923,-0.028,-0.001419,-1306594535,68
6,0.01221,0.9844,-0.2007,-0.1431,0.04959,0.1316,0.17288,0.2247,0.7412,0.60848,-0.004959,0.004684,-0.000946,-1305917856,52
7,0,0,0,0,0,0,0,0,0,0,0,0,0,0,0
8,0.001953,0.9697,-0.1738,0.09727,0.1659,-0.1125,0.50675,0.60709,0.46946,0.39274,0.0009003,-0.01431,0.004089,-1306107243,126
9,-0.001465,0.9761,-0.1367,0.05341,0.09918,-0.1831,0.44953,0.51619,0.5456,0.48352,-0.0101,-0.01563,-0.008453,-1306808807,70
10,-0.009277,0.9736,-0.2222,-0.1259,0.001907,-0.09155,0.59994,0.74719,0.22743,0.17335,0.004562,-0.001755,-0.002121,-1306479132,68
11,0,0,0,0,0,0,0,0,0,0,0,0,0,0,0
12,-0.002441,0.9736,-0.1719,-0.2575,-0.02861,0.07248,8.25,-33.9,-4.8,0.60733,0.7186,0.2587,0.2187,-1306270374,98
13,-0.01221,0.05176,1.012,0.3681,-0.206,-0.2098,0.88837,0.019935,0.016695,0.45839,-0.0008087,0.001038,0.01308,43939553,98
14,0,0,0,0,0,0,0,0,0,0,0,0,0,0,0
15,-0.03174,0.02979,1.037,0.2232,0.2651,0.09918,-36.45,27.6,36.45,0.89412,0.0197,0.002569,-0.4474,-1439293609,108
16,0,0,0,0,0,0,0,0,0,0,0,0,0,0,0
17,0,0,0,0,0,0,0,0,0,0,0,0,0,0,0
18,0,0,0,0,0,0,0,0,0,0,0,0,0,0,0
1,0,0,0,0,0,0,0,0,0,0,0,0,0,0,0
2,0.003418,0.9531,-0.25,0.1278,-0.09537,0.04959,-2.25,-39.9,13.8,0.074231,0.08628,-0.7866,-0.6068,-1306715867,66
3,0,0,0,0,0,0,0,0,0,0,0,0,0,0,0
4,0,0,0,0,0,0,0,0,0,0,0,0,0,0,0
5,0.007324,0.9722,-0.1538,-0.103,0.1354,0.06485,0.50955,0.59647,0.47235,0.40183,0.009338,-0.0153,0.003967,-1306542684,68
6,0.02148,0.9844,-0.2085,0.1621,0.04959,0.2537,0.17271,0.22451,0.74129,0.60848,0.004318,0.004715,-0.008652,-1305847742,52
7,0,0,0,0,0,0,0,0,0,0,0,0,0,0,0
8,0.005371,0.9521,-0.1738,0.03624,-0.0782,0.009537,0.50671,0.60704,0.4695,0.39284,0.004242,-0.03191,0.004028,-1306008898,126
9,0.02148,0.9863,-0.124,0.2365,-0.145,0.1221,0.4496,0.51635,0.54548,0.48343,0.01276,-0.005356,0.004303,-1306789363,70
10,-0.01807,0.9697,-0.2153,0.3014,-0.1202,0.03052,0.59995,0.74721,0.22737,0.17332,-0.004242,-0.005661,0.004715,-1306436107,68
11,0,0,0,0,0,0,0,0,0,0,0,0,0,0,0
12,0.005859,0.9604,-0.1665,0.04768,-0.08965,0.1335,7.5,-33.15,-3,0.60746,0.7186,0.2586,0.2187,-1306130901,98
13,-0.01221,0.05176,1.012,0.3681,-0.206,-0.2098,0.88837,0.019935,0.016695,0.45839,-0.0008087,0.001038,0.01308,43939553,98
14,0,0,0,0,0,0,0,0,0,0,0,0,0,0,0
15,-0.03174,0.02979,1.037,0.2232,0.2651,0.09918,-36.45,27.6,36.45,0.89412,0.0197,0.002569,-0.4474,-1439293609,108
16,0,0,0,0,0,0,0,0,0,0,0,0,0,0,0
17,0,0,0,0,0,0,0,0,0,0,0,0,0,0,0
18,0,0,0,0,0,0,0,0,0,0,0,0,0,0,0
1,0,0,0,0,0,0,0,0,0,0,0,0,0,0,0
2,0.005859,0.9556,-0.2529,-0.05531,-0.03433,0.2327,-0.60001,-37.05,15,0.074141,0.08636,-0.7866,-0.6068,-1306617811,66
3,0,0,0,0,0,0,0,0,0,0,0,0,0,0,0
4,0,0,0,0,0,0,0,0,0,0,0,0,0,0,0
5,-0.004883,0.9829,-0.1553,-0.3471,0.01335,-0.05722,0.50959,0.59644,0.47231,0.40188,-0.002899,-0.004578,0.00235,-1306435372,68
6,0.02295,0.9775,-0.1978,-0.3872,-0.1945,-0.2346,0.17276,0.22447,0.7413,0.60847,0.00592,-0.002121,0.002075,-1305768314,52
7,0,0,0,0,0,0,0,0,0,0,0,0,0,0,0
8,-0.00293,0.9629,-0.1709,-0.1469,-0.01717,0.1316,0.50675,0.60698,0.46956,0.39281,-0.003876,-0.02116,0.006927,-1305949015,126
9,0.0127,0.978,-0.1323,-0.007629,-0.08392,-0.3052,0.44907,0.51578,0.546,0.48394,0.003876,-0.01366,-0.004044,-1306678899,70
10,-0.02344,0.9678,-0.2095,0.2403,-0.1812,-0.03052,0.59994,0.74712,0.22757,0.17348,-0.009598,-0.007629,0.01047,-1306407021,68
11,0,0,0,0,0,0,0,0,0,0,0,0,0,0,0
12,-0.004395,0.9727,-0.1611,0.1087,0.09346,0.01144,9,-34.65,-4.2,0.60747,0.7186,0.2585,0.2186,-1306040298,98
13,-0.01221,0.05176,1.012,0.3681,-0.206,-0.2098,0.88837,0.019935,0.016695,0.45839,-0.0008087,0.001038,0.01308,43939553,98
14,0,0,0,0,0,0,0,0,0,0,0,0,0,0,0
15,-0.03174,0.02979,1.037,0.2232,0.2651,0.09918,-36.45,27.6,36.45,0.89412,0.0197,0.002569,-0.4474,-1439293609,108
16,0,0,0,0,0,0,0,0,0,0,0,0,0,0,0
17,0,0,0,0,0,0,0,0,0,0,0,0,0,0,0
18,0,0,0,0,0,0,0,0,0,0,0,0,0,0,0
1,0,0,0,0,0,0,0,0,0,0,0,0,0,0,0
2,0.004883,0.9619,-0.2598,-0.1163,-0.03433,-0.07248,-0.75,-38.4,13.5,0.074025,0.08621,-0.7867,-0.6068,-1306590733,66
3,0,0,0,0,0,0,0,0,0,0,0,0,0,0,0
4,0,0,0,0,0,0,0,0,0,0,0,0,0,0,0
5,-0.001465,0.9858,-0.1636,0.1411,0.01335,0.06485,0.50961,0.59641,0.47238,0.40179,0.0007324,-0.001633,-0.005859,-1306323990,68
6,0.01074,0.9712,-0.2031,0.1011,-0.01144,-0.0515,0.17332,0.2252,0.74114,0.60824,-0.006302,-0.008438,-0.003098,-1305697748,52
7,0,0,0,0,0,0,0,0,0,0,0,0,0,0,0
8,-0.009766,0.9736,-0.1714,-0.1469,0.04387,0.07057,0.50662,0.60689,0.46966,0.393,-0.01089,-0.01044,0.006393,-1305809500,126
9,0.005371,0.9912,-0.1377,-0.1297,0.09918,-0.1221,0.44902,0.51574,0.54605,0.48396,-0.003448,-0.000473,-0.009369,-1306556938,70
10,-0.01855,0.979,-0.2246,-0.003815,-0.1202,-0.03052,0.60003,0.74719,0.22726,0.17326,-0.004745,0.003586,-0.004715,-1306384585,68
11,0,0,0,0,0,0,0,0,0,0,0,0,0,0,0
12,0.002441,0.9688,-0.1665,-0.1965,0.1545,-0.3548,9,-35.55,-1.95,0.6073,0.7184,0.259,0.219,-1305980455,98
13,-0.01221,0.05176,1.012,0.3681,-0.206,-0.2098,0.88837,0.019935,0.016695,0.45839,-0.0008087,0.001038,0.01308,43939553,98
14,0,0,0,0,0,0,0,0,0,0,0,0,0,0,0
15,-0.03174,0.02979,1.037,0.2232,0.2651,0.09918,-36.45,27.6,36.45,0.89412,0.0197,0.002569,-0.4474,-1439293609,108
16,0,0,0,0,0,0,0,0,0,0,0,0,0,0,0
17,0,0,0,0,0,0,0,0,0,0,0,0,0,0,0
18,0,0,0,0,0,0,0,0,0,0,0,0,0,0,0
1,0,0,0,0,0,0,0,0,0,0,0,0,0,0,0
2,0.01074,0.9517,-0.2524,-0.1163,-0.03433,-0.07248,-1.95,-38.4,14.55,0.074003,0.08617,-0.7867,-0.6068,-1306562718,66
3,0,0,0,0,0,0,0,0,0,0,0,0,0,0,0
4,0,0,0,0,0,0,0,0,0,0,0,0,0,0,0
5,-0.001953,0.9736,-0.1611,0.1411,-0.1698,-0.2403,0.50955,0.59647,0.47233,0.40185,3.052e-05,-0.01384,-0.003387,-1306145770,68
6,0.01953,0.9746,-0.2026,0.04005,0.1106,0.1316,0.17497,0.22717,0.74051,0.60781,0.002518,-0.005035,-0.002716,-1305617732,52
7,0,0,0,0,0,0,0,0,0,0,0,0,0,0,0
8,-0.004395,0.9712,-0.1694,0.1583,0.1049,-0.0515,0.50668,0.60694,0.46949,0.39303,-0.005722,-0.01291,0.008179,-1305659011,126
9,0.003906,0.9805,-0.1362,0.05341,0.03815,-0.06104,0.4482,0.51495,0.54686,0.48465,-0.00502,-0.0112,-0.007782,-1306232550,70
10,-0.009277,0.9697,-0.2085,-0.1869,0.124,0.03052,0.59997,0.74698,0.22776,0.17372,0.004501,-0.005737,0.01122,-1306277018,68
11,0,0,0,0,0,0,0,0,0,0,0,0,0,0,0
12,0.0004883,0.9634,-0.1777,-0.1965,-0.02861,0.01144,7.95,-33.6,-1.95,0.60717,0.7183,0.2593,0.2193,-1305950426,98
13,-0.01221,0.05176,1.012,0.3681,-0.206,-0.2098,0.88837,0.019935,0.016695,0.45839,-0.0008087,0.001038,0.01308,43939553,98
14,0,0,0,0,0,0,0,0,0,0,0,0,0,0,0
15,-0.03174,0.02979,1.037,0.2232,0.2651,0.09918,-36.45,27.6,36.45,0.89412,0.0197,0.002569,-0.4474,-1439293609,108
16,0,0,0,0,0,0,0,0,0,0,0,0,0,0,0
17,0,0,0,0,0,0,0,0,0,0,0,0,0,0,0
18,0,0,0,0,0,0,0,0,0,0,0,0,0,0,0
1,0,0,0,0,0,0,0,0,0,0,0,0,0,0,0
2,0.01074,0.957,-0.2607,0.005722,-0.2785,0.1106,-1.05,-37.05,15.75,0.073891,0.08621,-0.7867,-0.6068,-1306477898,66
3,0,0,0,0,0,0,0,0,0,0,0,0,0,0,0
4,0,0,0,0,0,0,0,0,0,0,0,0,0,0,0
5,0.009766,0.9736,-0.146,0.08011,0.07439,-0.1183,0.50959,0.59643,0.47229,0.4019,0.0117,-0.01387,0.01158,-1306043885,68
6,0.01563,0.9727,-0.2012,-0.02098,-0.07248,0.009537,0.17454,0.22669,0.74069,0.60789,-0.001419,-0.006973,-0.00116,-1305537729,52
7,0,0,0,0,0,0,0,0,0,0,0,0,0,0,0
8,0.004395,0.9644,-0.167,0.2193,0.1659,0.009537,0.50669,0.60687,0.46952,0.3931,0.003082,-0.01976,0.0105,-1305588898,126
9,0.01123,1.002,-0.1245,-0.06866,0.4044,0.1221,0.44809,0.5149,0.54689,0.48477,0.002136,0.01077,0.003922,-1306042023,70
10,-0.02783,0.9717,-0.2227,-0.1259,-0.1812,-0.4578,0.60002,0.74697,0.22775,0.17361,-0.01387,-0.003784,-0.002991,-1306216522,68
11,0,0,0,0,0,0,0,0,0,0,0,0,0,0,0
12,-0.005859,0.9692,-0.1685,-0.2575,-0.08965,0.1945,9.3,-34.35,-3.45,0.60721,0.7183,0.2593,0.2193,-1305900400,98
13,-0.01221,0.05176,1.012,0.3681,-0.206,-0.2098,0.88837,0.019935,0.016695,0.45839,-0.0008087,0.001038,0.01308,43939553,98
14,0,0,0,0,0,0,0,0,0,0,0,0,0,0,0
15,-0.03174,0.02979,1.037,0.2232,0.2651,0.09918,-36.45,27.6,36.45,0.89412,0.0197,0.002569,-0.4474,-1439293609,108
16,0,0,0,0,0,0,0,0,0,0,0,0,0,0,0
17,0,0,0,0,0,0,0,0,0,0,0,0,0,0,0
18,0,0,0,0,0,0,0,0,0,0,0,0,0,0,0
1,0,0,0,0,0,0,0,0,0,0,0,0,0,0,0
2,0.007813,0.9556,-0.2407,-0.2384,-0.3395,-0.1335,-0.60001,-38.55,13.95,0.073345,0.08558,-0.7868,-0.6069,-1306321272,66
3,0,0,0,0,0,0,0,0,0,0,0,0,0,0,0
4,0,0,0,0,0,0,0,0,0,0,0,0,0,0,0
5,-0.001953,0.9668,-0.1597,0.08011,0.01335,0.1259,0.50957,0.59645,0.47226,0.40193,-0.0001068,-0.02071,-0.00209,-1305985703,68
6,0.01563,0.9731,-0.1919,0.1621,-0.1945,0.009537,0.17482,0.22694,0.74061,0.60781,-0.001297,-0.006485,0.008118,-1305477758,52
7,0,0,0,0,0,0,0,0,0,0,0,0,0,0,0
8,0.006348,0.9614,-0.1694,-0.0248,0.1049,-0.1125,0.50651,0.60665,0.46974,0.3934,0.004898,-0.02271,0.007935,-1305508896,126
9,0.01318,0.9712,-0.1318,0.1755,0.03815,0.1831,0.44817,0.51503,0.54684,0.48462,0.004166,-0.02046,-0.00325,-1305990274,70
10,-0.01123,0.9902,-0.209,0.2403,0.001907,-0.1526,0.60008,0.74696,0.22767,0.17357,0.002716,0.01474,0.01057,-1306186522,68
11,0,0,0,0,0,0,0,0,0,0,0,0,0,0,0
12,-0.005859,0.9648,-0.1631,0.4749,0.3376,0.1335,7.65,-34.95,-3.15,0.60713,0.7182,0.2597,0.2195,-1305858581,98
13,-0.01221,0.05176,1.012,0.3681,-0.206,-0.2098,0.88837,0.019935,0.016695,0.45839,-0.0008087,0.001038,0.01308,43939553,98
14,0,0,0,0,0,0,0,0,0,0,0,0,0,0,0
15,-0.03174,0.02979,1.037,0.2232,0.2651,0.09918,-36.45,27.6,36.45,0.89412,0.0197,0.002569,-0.4474,-1439293609,108
16,0,0,0,0,0,0,0,0,0,0,0,0,0,0,0
17,0,0,0,0,0,0,0,0,0,0,0,0,0,0,0
18,0,0,0,0,0,0,0,0,0,0,0,0,0,0,0
1,0,0,0,0,0,0,0,0,0,0,0,0,0,0,0
2,0.01025,0.9375,-0.252,0.005722,-0.03433,-0.3166,-2.55,-37.95,16.2,0.073043,0.08523,-0.7868,-0.6069,-1306278409,66
3,0,0,0,0,0,0,0,0,0,0,0,0,0,0,0
4,0,0,0,0,0,0,0,0,0,0,0,0,0,0,0
5,-0.01074,0.978,-0.1509,-0.164,0.01335,0.1869,0.5096,0.59642,0.47225,0.40195,-0.008865,-0.009491,0.006622,-1305885683,68
6,0.02588,0.9775,-0.2012,0.04005,0.04959,0.2537,0.17464,0.22658,0.74073,0.60785,0.009155,-0.00209,-0.001129,-1305387841,52
7,0,0,0,0,0,0,0,0,0,0,0,0,0,0,0
8,-0.005859,0.9541,-0.1694,-0.1469,0.349,0.1316,0.50638,0.60657,0.46991,0.39349,-0.007294,-0.03001,0.008057,-1305458912,126
9,0.01416,0.9956,-0.1162,0.2365,-0.08392,0.1221,0.44832,0.5151,0.54671,0.48455,0.005173,0.003937,0.01224,-1305942534,70
10,-0.02539,0.981,-0.2192,-0.003815,-0.05913,-0.03052,0.60014,0.74712,0.22718,0.17328,-0.01163,0.005478,0.0003662,-1306104601,68
11,0,0,0,0,0,0,0,0,0,0,0,0,0,0,0
12,-0.008301,0.9609,-0.1631,-0.1354,-0.08965,0.01144,7.5,-34.35,-1.95,0.60728,0.7182,0.2595,0.2192,-1305788678,98
13,-0.01221,0.05176,1.012,0.3681,-0.206,-0.2098,0.88837,0.019935,0.016695,0.45839,-0.0008087,0.001038,0.01308,43939553,98
14,0,0,0,0,0,0,0,0,0,0,0,0,0,0,0
15,-0.03174,0.02979,1.037,0.2232,0.2651,0.09918,-36.45,27.6,36.45,0.89412,0.0197,0.002569,-0.4474,-1439293609,108
16,0,0,0,0,0,0,0,0,0,0,0,0,0,0,0
17,0,0,0,0,0,0,0,0,0,0,0,0,0,0,0
18,0,0,0,0,0,0,0,0,0,0,0,0,0,0,0
1,0,0,0,0,0,0,0,0,0,0,0,0,0,0,0
2,0.005371,0.9614,-0.2417,-0.05531,-0.03433,0.1106,-0.3,-37.5,15,0.073029,0.08528,-0.7868,-0.6069,-1306236348,66
3,0,0,0,0,0,0,0,0,0,0,0,0,0,0,0
4,0,0,0,0,0,0,0,0,0,0,0,0,0,0,0
5,0.008301,0.978,-0.1553,-0.2022,0,-0.1125,0.50958,0.59645,0.4722,0.40201,0.009995,-0.009491,0.002167,-1305775805,68
6,0.02393,0.9648,-0.1992,0.1011,-0.3166,0.07057,0.17464,0.22653,0.74074,0.60786,0.007263,-0.01479,0.0008087,-1305318306,52
7,0,0,0,0,0,0,0,0,0,0,0,0,0,0,0
8,0.003418,0.9653,-0.1797,0.09727,-0.0782,-0.1125,0.50647,0.6065,0.46986,0.39354,0.001999,-0.01883,-0.002441,-1305358893,126
9,-0.009766,0.9834,-0.1279,-0.1297,0.2823,0.06104,0.44864,0.51547,0.54643,0.48418,-0.01862,-0.008255,0.0006714,-1305812575,70
10,-0.009766,0.9697,-0.2144,0.3014,0.124,-0.09155,0.60027,0.74726,0.22668,0.1729,0.003983,-0.005768,0.005219,-1306006485,68
11,0,0,0,0,0,0,0,0,0,0,0,0,0,0,0
12,-0.01172,0.9673,-0.1616,-0.01335,-0.2728,0.1945,7.65,-34.2,-2.55,0.60711,0.718,0.26,0.2196,-1305740426,98
13,-0.01221,0.05176,1.012,0.3681,-0.206,-0.2098,0.88837,0.019935,0.016695,0.45839,-0.0008087,0.001038,0.01308,43939553,98
14,0,0,0,0,0,0,0,0,0,0,0,0,0,0,0
15,-0.03174,0.02979,1.037,0.2232,0.2651,0.09918,-36.45,27.6,36.45,0.89412,0.0197,0.002569,-0.4474,-1439293609,108
16,0,0,0,0,0,0,0,0,0,0,0,0,0,0,0
17,0,0,0,0,0,0,0,0,0,0,0,0,0,0,0
18,0,0,0,0,0,0,0,0,0,0,0,0,0,0,0
1,0,0,0,0,0,0,0,0,0,0,0,0,0,0,0
2,0.007813,0.9629,-0.2485,-0.05531,0.0267,-0.1945,-1.35,-37.5,16.05,0.07323,0.08556,-0.7867,-0.607,-1306111326,66
3,0,0,0,0,0,0,0,0,0,0,0,0,0,0,0
4,0,0,0,0,0,0,0,0,0,0,0,0,0,0,0
5,-0.005859,0.9761,-0.1523,0.103,0,-0.1736,0.50957,0.59645,0.47219,0.40201,-0.004181,-0.01144,0.005112,-1305655658,68
6,0.02002,0.9805,-0.1987,-0.1431,-0.01144,0.2537,0.17508,0.22713,0.74053,0.60776,0.00325,0.000824,0.001221,-1305238328,52
7,0,0,0,0,0,0,0,0,0,0,0,0,0,0,0
8,-0.004395,0.9507,-0.1812,-0.08583,-0.0782,0.009537,0.50621,0.60631,0.47023,0.39372,-0.005737,-0.03343,-0.003677,-1305288970,126
9,0.00293,0.9814,-0.1255,-0.2518,0.2213,-0.1831,0.44854,0.51543,0.54647,0.48426,-0.006042,-0.01021,0.003113,-1305761912,70
10,-0.01758,0.9717,-0.2212,0.1183,-0.1202,0.03052,0.60022,0.74742,0.22651,0.17257,-0.003632,-0.003738,-0.001282,-1305876543,68
11,0,0,0,0,0,0,0,0,0,0,0,0,0,0,0
12,-0.01123,0.9697,-0.167,-0.3796,0.09346,0.3777,6.75,-33.9,-1.95,0.60715,0.718,0.26,0.2195,-1305680264,98
13,-0.01221,0.05176,1.012,0.3681,-0.206,-0.2098,0.88837,0.019935,0.016695,0.45839,-0.0008087,0.001038,0.01308,43939553,98
14,0,0,0,0,0,0,0,0,0,0,0,0,0,0,0
15,-0.03174,0.02979,1.037,0.2232,0.2651,0.09918,-36.45,27.6,36.45,0.89412,0.0197,0.002569,-0.4474,-1439293609,108
16,0,0,0,0,0,0,0,0,0,0,0,0,0,0,0
17,0,0,0,0,0,0,0,0,0,0,0,0,0,0,0
18,0,0,0,0,0,0,0,0,0,0,0,0,0,0,0
1,0,0,0,0,0,0,0,0,0,0,0,0,0,0,0
2,0,0.9639,-0.25,0.06676,0.08774,-0.1335,-1.35,-38.55,13.65,0.07334,0.08558,-0.7867,-0.607,-1306013389,66
3,0,0,0,0,0,0,0,0,0,0,0,0,0,0,0
4,0,0,0,0,0,0,0,0,0,0,0,0,0,0,0
5,0.008301,0.9819,-0.1577,-0.08011,0.1221,-0.0515,0.50961,0.59642,0.47216,0.40206,0.009949,-0.005615,-0.000412,-1305555700,68
6,0.01855,0.9844,-0.1987,-0.08202,0.04959,0.009537,0.17515,0.22732,0.74047,0.60774,0.001633,0.00473,0.001221,-1305167749,52
7,0,0,0,0,0,0,0,0,0,0,0,0,0,0,0
8,0.003906,0.959,-0.1748,0.03624,0.1659,-0.0515,0.50592,0.60589,0.47072,0.39417,0.002579,-0.02515,0.002563,-1305198921,126
9,0.01318,0.9912,-0.123,-0.06866,0.4654,0.1831,0.44849,0.51542,0.54652,0.48427,0.004211,-0.0004272,0.00563,-1305722035,70
10,-0.01709,0.9644,-0.2129,-0.06485,0.001907,-0.09155,0.60018,0.7473,0.22688,0.17275,-0.002945,-0.01106,0.006989,-1305697092,68
11,0,0,0,0,0,0,0,0,0,0,0,0,0,0,0
12,-0.005371,0.9697,-0.165,0.1087,-0.08965,0.1335,7.65,-36,-3.9,0.60715,0.7181,0.2599,0.2194,-1305610459,98
13,-0.01221,0.05176,1.012,0.3681,-0.206,-0.2098,0.88837,0.019935,0.016695,0.45839,-0.0008087,0.001038,0.01308,43939553,98
14,0,0,0,0,0,0,0,0,0,0,0,0,0,0,0
15,-0.03174,0.02979,1.037,0.2232,0.2651,0.09918,-36.45,27.6,36.45,0.89412,0.0197,0.002569,-0.4474,-1439293609,108
16,0,0,0,0,0,0,0,0,0,0,0,0,0,0,0
17,0,0,0,0,0,0,0,0,0,0,0,0,0,0,0
18,0,0,0,0,0,0,0,0,0,0,0,0,0,0,0
1,0,0,0,0,0,0,0,0,0,0,0,0,0,0,0
2,0.02246,0.958,-0.2461,0.005722,-0.2174,-0.1335,-1.05,-39.3,15,0.073212,0.08542,-0.7867,-0.607,-1305984450,66
3,0,0,0,0,0,0,0,0,0,0,0,0,0,0,0
4,0,0,0,0,0,0,0,0,0,0,0,0,0,0,0
5,-0.005371,0.9731,-0.1553,-0.1411,0,-0.2346,0.50961,0.59642,0.47216,0.40205,-0.003708,-0.0144,0.002029,-1305475658,68
6,0.01318,0.9868,-0.1914,-0.08202,-0.07248,-0.1736,0.17549,0.2276,0.74039,0.60763,-0.003555,0.007172,0.008575,-1305097828,52
7,0,0,0,0,0,0,0,0,0,0,0,0,0,0,0
8,-0.0009766,0.957,-0.1816,0.1583,-0.01717,0.009537,0.50615,0.6061,0.47041,0.39391,-0.002258,-0.02711,-0.004349,-1305139467,126
9,0.0127,0.9976,-0.1328,-0.2518,0.03815,-0.1831,0.44878,0.51577,0.54622,0.48396,0.003738,0.005936,-0.004044,-1305652505,70
10,-0.0009766,0.9751,-0.2163,0.05722,0.06294,-0.09155,0.60021,0.74732,0.22679,0.17269,0.01317,-0.0003204,0.003555,-1305676436,68
11,0,0,0,0,0,0,0,0,0,0,0,0,0,0,0
12,-0.004395,0.9766,-0.1704,-0.07439,-0.1507,-0.04959,7.35,-34.2,-4.65,0.60708,0.718,0.2601,0.2196,-1305520360,98
13,-0.01221,0.05176,1.012,0.3681,-0.206,-0.2098,0.88837,0.019935,0.016695,0.45839,-0.0008087,0.001038,0.01308,43939553,98
14,0,0,0,0,0,0,0,0,0,0,0,0,0,0,0
15,-0.03174,0.02979,1.037,0.2232,0.2651,0.09918,-36.45,27.6,36.45,0.89412,0.0197,0.002569,-0.4474,-1439293609,108
16,0,0,0,0,0,0,0,0,0,0,0,0,0,0,0
17,0,0,0,0,0,0,0,0,0,0,0,0,0,0,0
18,0,0,0,0,0,0,0,0,0,0,0,0,0,0,0
1,0,0,0,0,0,0,0,0,0,0,0,0,0,0,0
2,0.0127,0.9429,-0.2563,-0.1163,-0.03433,0.1717,-3,-39.45,15.6,0.073422,0.08568,-0.7867,-0.6069,-1305901268,66
3,0,0,0,0,0,0,0,0,0,0,0,0,0,0,0
4,0,0,0,0,0,0,0,0,0,0,0,0,0,0,0
5,0.001953,0.9819,-0.1582,0.164,0.06104,-0.1736,0.50962,0.59641,0.47223,0.40198,0.003784,-0.005585,-0.0007935,-1305355778,68
6,0.009277,0.978,-0.2007,-0.1431,0.04959,0.1316,0.17509,0.22719,0.74052,0.60775,-0.007553,-0.001617,-0.0007019,-1305028303,52
7,0,0,0,0,0,0,0,0,0,0,0,0,0,0,0
8,-0.005371,0.9575,-0.1753,0.2804,0.1049,-0.0515,0.50594,0.60576,0.47082,0.39422,-0.006561,-0.02664,0.001953,-1305047253,126
9,0.01758,0.9883,-0.1274,0.05341,0.3433,0.1221,0.44886,0.51588,0.54608,0.48392,0.008514,-0.003357,0.001251,-1305631793,70
10,-0.01221,0.9751,-0.2192,0.1793,0.124,0.1526,0.60029,0.74742,0.22646,0.17242,0.001953,-0.0003204,0.0006256,-1305626224,68
11,0,0,0,0,0,0,0,0,0,0,0,0,0,0,0
12,0.005371,0.9688,-0.1646,0.04768,-0.08965,0.1335,7.65,-34.5,-3.15,0.60716,0.7182,0.2597,0.2192,-1305460908,98
13,-0.01221,0.05176,1.012,0.3681,-0.206,-0.2098,0.88837,0.019935,0.016695,0.45839,-0.0008087,0.001038,0.01308,43939553,98
14,0,0,0,0,0,0,0,0,0,0,0,0,0,0,0
15,-0.03174,0.02979,1.037,0.2232,0.2651,0.09918,-36.45,27.6,36.45,0.89412,0.0197,0.002569,-0.4474,-1439293609,108
16,0,0,0,0,0,0,0,0,0,0,0,0,0,0,0
17,0,0,0,0,0,0,0,0,0,0,0,0,0,0,0
18,0,0,0,0,0,0,0,0,0,0,0,0,0,0,0
1,0,0,0,0,0,0,0,0,0,0,0,0,0,0,0
2,0.01904,0.9551,-0.2446,0.06676,0.08774,-0.01144,-2.1,-38.55,16.5,0.073489,0.08558,-0.7868,-0.6068,-1305788431,66
3,0,0,0,0,0,0,0,0,0,0,0,0,0,0,0
4,0,0,0,0,0,0,0,0,0,0,0,0,0,0,0
5,0.004395,0.9756,-0.1465,0.164,-0.06104,-0.1125,0.50954,0.59647,0.47222,0.40198,0.006088,-0.01192,0.01108,-1305235670,68
6,0.02539,0.9761,-0.209,-0.02098,-0.1335,-0.1125,0.1753,0.22755,0.74044,0.60765,0.008453,-0.00354,-0.008911,-1304948295,52
7,0,0,0,0,0,0,0,0,0,0,0,0,0,0,0
8,0.00293,0.9575,-0.168,-0.0248,-0.0782,-0.2956,0.50593,0.60572,0.47084,0.39428,0.001724,-0.02666,0.009201,-1304988919,126
9,0.01807,0.9775,-0.1362,0.1144,-0.08392,0,0.44903,0.5161,0.5459,0.48374,0.009003,-0.01408,-0.007477,-1305592035,70
10,-0.01758,0.978,-0.2139,-0.1869,-0.1812,0.03052,0.60041,0.74747,0.22618,0.17214,-0.003311,0.002579,0.005875,-1305536535,68
11,0,0,0,0,0,0,0,0,0,0,0,0,0,0,0
12,0.007324,0.9673,-0.1655,-0.1354,0.3376,0.1335,6,-34.35,-1.95,0.60728,0.7183,0.2593,0.219,-1305400430,98
13,-0.01221,0.05176,1.012,0.3681,-0.206,-0.2098,0.88837,0.019935,0.016695,0.45839,-0.0008087,0.001038,0.01308,43939553,98
14,0,0,0,0,0,0,0,0,0,0,0,0,0,0,0
15,-0.03174,0.02979,1.037,0.2232,0.2651,0.09918,-36.45,27.6,36.45,0.89412,0.0197,0.002569,-0.4474,-1439293609,108
16,0,0,0,0,0,0,0,0,0,0,0,0,0,0,0
17,0,0,0,0,0,0,0,0,0,0,0,0,0,0,0
18,0,0,0,0,0,0,0,0,0,0,0,0,0,0,0
1,0,0,0,0,0,0,0,0,0,0,0,0,0,0,0
2,0.004883,0.9585,-0.2437,-0.1163,-0.03433,-0.1335,-0.75,-37.95,14.85,0.073592,0.08566,-0.7868,-0.6068,-1305760353,66
3,0,0,0,0,0,0,0,0,0,0,0,0,0,0,0
4,0,0,0,0,0,0,0,0,0,0,0,0,0,0,0
5,0.0009766,0.9775,-0.1592,-0.01907,0,-0.0515,0.50949,0.59652,0.47224,0.40196,0.00264,-0.009933,-0.00148,-1305145703,68
6,0.03174,0.9756,-0.2002,-0.02098,0.04959,0.3147,0.17491,0.22717,0.74057,0.60775,0.01469,-0.004028,-9.155e-05,-1304868324,52
7,0,0,0,0,0,0,0,0,0,0,0,0,0,0,0
8,-0.005859,0.9712,-0.1743,-0.07629,-0.04005,0.02289,0.50605,0.60579,0.47075,0.39411,-0.006897,-0.01299,0.002869,-1304898992,126
9,0.01514,0.9829,-0.1318,0.1144,-0.08392,-0.1831,0.44922,0.51633,0.54569,0.48355,0.006073,-0.008713,-0.003067,-1305570145,70
10,-0.01953,0.9678,-0.2144,-0.003815,0.185,0.03052,0.60053,0.74768,0.22561,0.1716,-0.005173,-0.007645,0.005493,-1305466339,68
11,0,0,0,0,0,0,0,0,0,0,0,0,0,0,0
12,0.01855,0.9731,-0.1753,-0.01335,-0.02861,0.07248,8.4,-36,-4.65,0.60726,0.7184,0.2592,0.2189,-1305340360,98
13,-0.01221,0.05176,1.012,0.3681,-0.206,-0.2098,0.88837,0.019935,0.016695,0.45839,-0.0008087,0.001038,0.01308,43939553,98
14,0,0,0,0,0,0,0,0,0,0,0,0,0,0,0
15,-0.03174,0.02979,1.037,0.2232,0.2651,0.09918,-36.45,27.6,36.45,0.89412,0.0197,0.002569,-0.4474,-1439293609,108
16,0,0,0,0,0,0,0,0,0,0,0,0,0,0,0
17,0,0,0,0,0,0,0,0,0,0,0,0,0,0,0
18,0,0,0,0,0,0,0,0,0,0,0,0,0,0,0
1,0,0,0,0,0,0,0,0,0,0,0,0,0,0,0
2,0.004395,0.9521,-0.252,-0.2384,-0.03433,-0.01144,-0.60001,-37.8,15.45,0.073353,0.08547,-0.7868,-0.6068,-1305718442,66
3,0,0,0,0,0,0,0,0,0,0,0,0,0,0,0
4,0,0,0,0,0,0,0,0,0,0,0,0,0,0,0
5,-0.00293,0.9785,-0.1626,-0.01907,0,0.009537,0.50955,0.59647,0.47223,0.40197,-0.00119,-0.008987,-0.005035,-1305055658,68
6,0.01367,0.9805,-0.1982,-0.08202,-0.07248,0.009537,0.17414,0.22636,0.74081,0.60798,-0.003555,0.0008545,0.001846,-1304788303,52
7,0,0,0,0,0,0,0,0,0,0,0,0,0,0,0
8,-0.008301,0.9585,-0.1714,0.04578,0.08202,0.145,0.50616,0.60589,0.47062,0.39397,-0.009277,-0.02567,0.005814,-1304837234,126
9,0.008301,0.9834,-0.1323,-0.1297,-0.267,0.1831,0.44933,0.51642,0.54558,0.48349,-0.0007782,-0.00824,-0.003632,-1305531931,70
10,-0.001953,0.9683,-0.2266,-0.06485,0.185,-0.1526,0.60059,0.74782,0.22514,0.1714,0.01213,-0.007172,-0.006729,-1305357084,68
11,0,0,0,0,0,0,0,0,0,0,0,0,0,0,0
12,-0.005371,0.9736,-0.165,0.2918,0.09346,0.1335,8.25,-33.15,-3,0.60722,0.7185,0.2592,0.2188,-1305270435,98
13,-0.01221,0.05176,1.012,0.3681,-0.206,-0.2098,0.88837,0.019935,0.016695,0.45839,-0.0008087,0.001038,0.01308,43939553,98
14,0,0,0,0,0,0,0,0,0,0,0,0,0,0,0
15,-0.03174,0.02979,1.037,0.2232,0.2651,0.09918,-36.45,27.6,36.45,0.89412,0.0197,0.002569,-0.4474,-1439293609,108
16,0,0,0,0,0,0,0,0,0,0,0,0,0,0,0
17,0,0,0,0,0,0,0,0,0,0,0,0,0,0,0
18,0,0,0,0,0,0,0,0,0,0,0,0,0,0,0
1,0,0,0,0,0,0,0,0,0,0,0,0,0,0,0
2,0.009277,0.9609,-0.252,-0.05531,0.2098,0.1717,-2.4,-37.05,14.7,0.073433,0.0857,-0.7868,-0.6068,-1305466469,66
3,0,0,0,0,0,0,0,0,0,0,0,0,0,0,0
4,0,0,0,0,0,0,0,0,0,0,0,0,0,0,0
5,0.003906,0.9932,-0.1597,0.2251,0,0.2537,0.5096,0.59643,0.47221,0.402,0.005661,0.005646,-0.002243,-1305025535,68
6,0.02686,0.9888,-0.1919,-0.1431,-0.01144,0.009537,0.17424,0.22642,0.74081,0.60792,0.009735,0.009171,0.008255,-1304717748,52
7,0,0,0,0,0,0,0,0,0,0,0,0,0,0,0
8,0.005859,0.9604,-0.1733,-0.07629,0.08202,-0.03815,0.50613,0.60594,0.47058,0.39398,0.004761,-0.02371,0.003876,-1304748926,126
9,0.01172,0.9819,-0.127,-0.06866,-0.08392,0.1221,0.44945,0.51651,0.5454,0.48348,0.002548,-0.00972,0.001541,-1305462040,70
10,-0.005859,0.9829,-0.2241,-0.003815,-0.1812,-0.1526,0.60059,0.7478,0.22516,0.17143,0.008209,0.007477,-0.004318,-1305346530,68
11,0,0,0,0,0,0,0,0,0,0,0,0,0,0,0
12,-0.001465,0.9673,-0.1841,-0.07439,0.03242,0.07248,7.35,-33,-2.1,0.60703,0.7183,0.2598,0.2192,-1305080945,98
13,-0.01221,0.05176,1.012,0.3681,-0.206,-0.2098,0.88837,0.019935,0.016695,0.45839,-0.0008087,0.001038,0.01308,43939553,98
14,0,0,0,0,0,0,0,0,0,0,0,0,0,0,0
15,-0.03174,0.02979,1.037,0.2232,0.2651,0.09918,-36.45,27.6,36.45,0.89412,0.0197,0.002569,-0.4474,-1439293609,108
16,0,0,0,0,0,0,0,0,0,0,0,0,0,0,0
17,0,0,0,0,0,0,0,0,0,0,0,0,0,0,0
18,0,0,0,0,0,0,0,0,0,0,0,0,0,0,0
1,0,0,0,0,0,0,0,0,0,0,0,0,0,0,0
2,0.00293,0.9487,-0.2383,-0.1717,0.09727,0.1221,-1.2,-39.15,15.6,0.073666,0.08611,-0.7868,-0.6067,-1305383375,66
3,0,0,0,0,0,0,0,0,0,0,0,0,0,0,0
4,0,0,0,0,0,0,0,0,0,0,0,0,0,0,0
5,0.001953,0.9844,-0.1475,0.103,0.06104,-0.1125,0.50957,0.59645,0.47219,0.40202,0.003616,-0.003143,0.009979,-1304975674,68
6,0.01563,0.9756,-0.2036,-0.07057,0.1259,-0.1812,0.17387,0.22593,0.74094,0.60806,-0.00148,-0.004028,-0.003525,-1304647841,52
7,0,0,0,0,0,0,0,0,0,0,0,0,0,0,0
8,0.003906,0.9731,-0.1812,-0.1373,-0.1621,-0.09918,0.50611,0.60597,0.47059,0.39395,0.002808,-0.011,-0.00383,-1304679483,126
9,0.003906,0.978,-0.1284,0.1755,0.09918,-0.1831,0.44969,0.51676,0.54513,0.48329,-0.00531,-0.01364,1.526e-05,-1305369455,70
10,-0.01465,0.9609,-0.2192,-0.06485,0.124,-0.09155,0.60065,0.74786,0.2249,0.17127,-0.0006256,-0.01451,0.0005341,-1305256365,68
11,0,0,0,0,0,0,0,0,0,0,0,0,0,0,0
12,0.001465,0.9688,-0.1655,-0.1888,-0.04387,0.07248,7.5,-34.65,-2.7,0.60716,0.7185,0.2594,0.2187,-1304958669,98
13,-0.01221,0.05176,1.012,0.3681,-0.206,-0.2098,0.88837,0.019935,0.016695,0.45839,-0.0008087,0.001038,0.01308,43939553,98
14,0,0,0,0,0,0,0,0,0,0,0,0,0,0,0
15,-0.03174,0.02979,1.037,0.2232,0.2651,0.09918,-36.45,27.6,36.45,0.89412,0.0197,0.002569,-0.4474,-1439293609,108
16,0,0,0,0,0,0,0,0,0,0,0,0,0,0,0
17,0,0,0,0,0,0,0,0,0,0,0,0,0,0,0
18,0,0,0,0,0,0,0,0,0,0,0,0,0,0,0
1,0,0,0,0,0,0,0,0,0,0,0,0,0,0,0
2,0.02197,0.9609,-0.2427,0.2556,-0.0248,-0.1221,-1.65,-39.3,16.5,0.073719,0.08612,-0.7868,-0.6067,-1305355362,66
3,0,0,0,0,0,0,0,0,0,0,0,0,0,0,0
4,0,0,0,0,0,0,0,0,0,0,0,0,0,0,0
5,-0.007324,0.9717,-0.1636,0.3471,-0.06104,-0.0515,0.50957,0.59645,0.47218,0.40203,-0.005676,-0.01584,-0.006165,-1304945672,68
6,0.01318,0.98,-0.1948,-0.009537,-0.1793,-0.3643,0.17482,0.22697,0.7406,0.60781,-0.003784,0.000351,0.005203,-1304567825,52
7,0,0,0,0,0,0,0,0,0,0,0,0,0,0,0
8,-0.007813,0.9541,-0.1694,0.04578,0.3262,-0.2213,0.50585,0.6056,0.4711,0.39425,-0.008713,-0.03003,0.00795,-1304609015,126
9,0.01855,0.9917,-0.1372,-0.007629,-0.206,-0.1221,0.45009,0.51718,0.54474,0.48291,0.00943,3.052e-05,-0.008759,-1305272599,70
10,-0.0127,0.9663,-0.2222,0.2403,0.124,-0.03052,0.60083,0.74815,0.22403,0.17051,0.001373,-0.009125,-0.002319,-1305176343,68
11,0,0,0,0,0,0,0,0,0,0,0,0,0,0,0
12,-0.00293,0.9653,-0.1626,-0.005722,0.01717,0.1335,6.6,-34.95,-1.8,0.60714,0.7186,0.2593,0.2186,-1304880357,98
13,-0.01221,0.05176,1.012,0.3681,-0.206,-0.2098,0.88837,0.019935,0.016695,0.45839,-0.0008087,0.001038,0.01308,43939553,98
14,0,0,0,0,0,0,0,0,0,0,0,0,0,0,0
15,-0.03174,0.02979,1.037,0.2232,0.2651,0.09918,-36.45,27.6,36.45,0.89412,0.0197,0.002569,-0.4474,-1439293609,108
16,0,0,0,0,0,0,0,0,0,0,0,0,0,0,0
17,0,0,0,0,0,0,0,0,0,0,0,0,0,0,0
18,0,0,0,0,0,0,0,0,0,0,0,0,0,0,0
1,0,0,0,0,0,0,0,0,0,0,0,0,0,0,0
2,-0.004883,0.9624,-0.2695,0.01144,-0.2079,-0.06104,-1.35,-38.25,15,0.073723,0.0862,-0.7868,-0.6066,-1305200411,66
3,0,0,0,0,0,0,0,0,0,0,0,0,0,0,0
4,0,0,0,0,0,0,0,0,0,0,0,0,0,0,0
5,-0.007813,0.9673,-0.1558,-0.08011,-0.1831,0.3757,0.50956,0.59646,0.47216,0.40205,-0.006226,-0.02023,0.001648,-1304916219,68
6,0.01807,0.9712,-0.2012,0.0515,-0.05722,-0.3643,0.17439,0.22645,0.74072,0.60799,0.001053,-0.008469,-0.001282,-1304527723,52
7,0,0,0,0,0,0,0,0,0,0,0,0,0,0,0
8,-0.007813,0.9653,-0.1714,-0.01526,0.08202,-0.09918,0.50602,0.60577,0.47087,0.39404,-0.008667,-0.0188,0.005981,-1304568927,126
9,0.01318,0.9961,-0.1274,0.05341,0.09918,-0.06104,0.45018,0.51731,0.54464,0.4828,0.004044,0.004425,0.001038,-1305252091,70
10,-0.008301,0.9844,-0.2139,-0.1259,-0.05913,-0.09155,0.6008,0.74805,0.22427,0.17076,0.005722,0.008926,0.00589,-1305156387,68
11,0,0,0,0,0,0,0,0,0,0,0,0,0,0,0
12,-0.00293,0.9595,-0.1641,-0.06676,0.0782,0.01144,7.65,-32.55,-3.6,0.60703,0.7183,0.2598,0.2191,-1304840324,98
13,-0.01221,0.05176,1.012,0.3681,-0.206,-0.2098,0.88837,0.019935,0.016695,0.45839,-0.0008087,0.001038,0.01308,43939553,98
14,0,0,0,0,0,0,0,0,0,0,0,0,0,0,0
15,-0.03174,0.02979,1.037,0.2232,0.2651,0.09918,-36.45,27.6,36.45,0.89412,0.0197,0.002569,-0.4474,-1439293609,108
16,0,0,0,0,0,0,0,0,0,0,0,0,0,0,0
17,0,0,0,0,0,0,0,0,0,0,0,0,0,0,0
18,0,0,0,0,0,0,0,0,0,0,0,0,0,0,0
1,0,0,0,0,0,0,0,0,0,0,0,0,0,0,0
2,0.01709,0.9502,-0.2549,-0.2937,0.2193,0,-3,-37.95,15.15,0.074196,0.08687,-0.7867,-0.6067,-1305033275,66
3,0,0,0,0,0,0,0,0,0,0,0,0,0,0,0
4,0,0,0,0,0,0,0,0,0,0,0,0,0,0,0
5,-0.003906,0.9795,-0.166,0.164,-0.06104,0.07057,0.50958,0.59644,0.47213,0.40209,-0.002365,-0.008057,-0.008713,-1304893304,68
6,0.01514,0.9756,-0.2002,-0.07057,0.1259,-0.2422,0.1732,0.22498,0.7412,0.60828,-0.001816,-0.004044,-0.0001984,-1304415436,52
7,0,0,0,0,0,0,0,0,0,0,0,0,0,0,0
8,-0.006836,0.9741,-0.1782,-0.1373,0.08202,-0.09918,0.50634,0.60623,0.47035,0.39354,-0.007675,-0.009995,-0.0007172,-1304487119,126
9,0.01025,0.999,-0.1338,-0.1907,-0.02289,-0.1831,0.45045,0.51755,0.54438,0.48259,0.00116,0.007355,-0.005371,-1305222432,70
10,-0.007813,0.978,-0.2153,-0.1659,-0.1144,-0.1564,0.60081,0.74802,0.22427,0.17088,0.006027,0.002563,0.004333,-1305046399,68
11,0,0,0,0,0,0,0,0,0,0,0,0,0,0,0
12,-0.003418,0.9722,-0.1709,-0.3109,0.1392,-0.04959,9.6,-35.25,-4.35,0.60696,0.7182,0.26,0.2194,-1304770426,98
13,-0.01221,0.05176,1.012,0.3681,-0.206,-0.2098,0.88837,0.019935,0.016695,0.45839,-0.0008087,0.001038,0.01308,43939553,98
14,0,0,0,0,0,0,0,0,0,0,0,0,0,0,0
15,-0.03174,0.02979,1.037,0.2232,0.2651,0.09918,-36.45,27.6,36.45,0.89412,0.0197,0.002569,-0.4474,-1439293609,108
16,0,0,0,0,0,0,0,0,0,0,0,0,0,0,0
17,0,0,0,0,0,0,0,0,0,0,0,0,0,0,0
18,0,0,0,0,0,0,0,0,0,0,0,0,0,0,0
1,0,0,0,0,0,0,0,0,0,0,0,0,0,0,0
2,0.006836,0.9478,-0.2515,-0.2327,-0.08583,-0.06104,-1.95,-38.7,14.85,0.074264,0.08696,-0.7867,-0.6066,-1305018412,66
3,0,0,0,0,0,0,0,0,0,0,0,0,0,0,0
4,0,0,0,0,0,0,0,0,0,0,0,0,0,0,0
5,-0.003418,0.979,-0.1616,0.04196,-0.3662,0.1926,0.5096,0.59643,0.47215,0.40207,-0.001816,-0.008545,-0.004318,-1304876276,68
6,0.01563,0.978,-0.2002,0.1125,0.1259,-0.1812,0.17361,0.22556,0.74104,0.60815,-0.001419,-0.001602,-0.0001678,-1304335405,52
7,0,0,0,0,0,0,0,0,0,0,0,0,0,0,0
8,-0.00293,0.9614,-0.1655,-0.1373,0.02098,0.145,0.50634,0.60622,0.47036,0.39354,-0.003738,-0.02269,0.01198,-1304478992,126
9,0.01025,0.999,-0.1338,-0.1907,-0.02289,-0.1831,0.45045,0.51755,0.54438,0.48259,0.00116,0.007355,-0.005371,-1305222432,70
10,-0.0127,0.9761,-0.209,-0.1659,0.06866,0.1488,0.60084,0.74799,0.22428,0.17088,0.001205,0.0005798,0.0106,-1305017041,68
11,0,0,0,0,0,0,0,0,0,0,0,0,0,0,0
12,0.001953,0.9707,-0.1719,-0.005722,-0.04387,0.3166,6.15,-34.5,-3.6,0.60695,0.7182,0.26,0.2194,-1304730341,98
13,-0.01221,0.05176,1.012,0.3681,-0.206,-0.2098,0.88837,0.019935,0.016695,0.45839,-0.0008087,0.001038,0.01308,43939553,98
14,0,0,0,0,0,0,0,0,0,0,0,0,0,0,0
15,-0.03174,0.02979,1.037,0.2232,0.2651,0.09918,-36.45,27.6,36.45,0.89412,0.0197,0.002569,-0.4474,-1439293609,108
16,0,0,0,0,0,0,0,0,0,0,0,0,0,0,0
17,0,0,0,0,0,0,0,0,0,0,0,0,0,0,0
18,0,0,0,0,0,0,0,0,0,0,0,0,0,0,0
1,0,0,0,0,0,0,0,0,0,0,0,0,0,0,0
2,0.01855,0.9609,-0.25,-0.04959,-0.1469,0.3662,-1.95,-38.7,16.2,0.074494,0.08727,-0.7867,-0.6066,-1304906417,66
3,0,0,0,0,0,0,0,0,0,0,0,0,0,0,0
4,0,0,0,0,0,0,0,0,0,0,0,0,0,0,0
5,0.01465,0.9697,-0.147,-0.08011,-0.3662,0.1316,0.50954,0.59648,0.47215,0.40207,0.01616,-0.01779,0.01045,-1304813863,68
6,0.01904,0.9619,-0.1924,0.0515,-0.1793,-0.1202,0.17296,0.22464,0.74128,0.60838,0.002136,-0.01773,0.007538,-1304195919,52
7,0,0,0,0,0,0,0,0,0,0,0,0,0,0,0
8,0.004395,0.9702,-0.1665,0.1068,0.02098,0.206,0.50648,0.60632,0.47023,0.39337,0.003708,-0.0139,0.01099,-1304413642,126
9,0.01025,0.9868,-0.1313,0.2365,-0.08392,0.1831,0.45043,0.51741,0.54448,0.48263,0.001312,-0.004868,-0.002991,-1305159999,70
10,-0.009766,0.9834,-0.2183,-0.288,0.06866,0.0267,0.60084,0.74806,0.22414,0.17074,0.004135,0.007935,0.001419,-1304966436,68
11,0,0,0,0,0,0,0,0,0,0,0,0,0,0,0
12,-0.002441,0.9614,-0.1641,0.05531,-0.04387,0.01144,7.35,-33,-5.1,0.60697,0.7183,0.26,0.2192,-1304660948,98
13,-0.01221,0.05176,1.012,0.3681,-0.206,-0.2098,0.88837,0.019935,0.016695,0.45839,-0.0008087,0.001038,0.01308,43939553,98
14,0,0,0,0,0,0,0,0,0,0,0,0,0,0,0
15,-0.03174,0.02979,1.037,0.2232,0.2651,0.09918,-36.45,27.6,36.45,0.89412,0.0197,0.002569,-0.4474,-1439293609,108
16,0,0,0,0,0,0,0,0,0,0,0,0,0,0,0
17,0,0,0,0,0,0,0,0,0,0,0,0,0,0,0
18,0,0,0,0,0,0,0,0,0,0,0,0,0,0,0
1,0,0,0,0,0,0,0,0,0,0,0,0,0,0,0
2,0.009277,0.9482,-0.249,-0.1106,0.03624,-0.1221,-3.9,-39.3,15.45,0.075035,0.08797,-0.7865,-0.6066,-1304823280,66
3,0,0,0,0,0,0,0,0,0,0,0,0,0,0,0
4,0,0,0,0,0,0,0,0,0,0,0,0,0,0,0
5,-0.00293,0.9854,-0.1528,-0.08011,-0.1221,0.1926,0.50956,0.59646,0.47214,0.40208,-0.001404,-0.002182,0.004532,-1304785626,68
6,0.02344,0.9648,-0.2026,-0.07057,-0.2403,0.124,0.17349,0.22528,0.74111,0.6082,0.006546,-0.01479,-0.00264,-1304095403,52
7,0,0,0,0,0,0,0,0,0,0,0,0,0,0,0
8,0.01611,0.9531,-0.1792,-0.07629,0.02098,0.02289,0.50643,0.60624,0.47032,0.39345,0.01543,-0.03099,-0.00174,-1304365417,126
9,0.009766,0.9868,-0.1235,-0.007629,-0.267,0,0.45045,0.51742,0.54444,0.48266,0.0007782,-0.004868,0.004745,-1305081942,70
10,-0.0166,0.9712,-0.2275,-0.04387,-0.2365,0.08774,0.60074,0.74813,0.22422,0.17069,-0.002579,-0.004211,-0.007584,-1304796535,68
11,0,0,0,0,0,0,0,0,0,0,0,0,0,0,0
12,-0.0004883,0.9604,-0.1694,-0.1888,0.01717,-0.1106,7.65,-34.5,-3.15,0.60688,0.7183,0.26,0.2193,-1304630328,98
13,-0.01221,0.05176,1.012,0.3681,-0.206,-0.2098,0.88837,0.019935,0.016695,0.45839,-0.0008087,0.001038,0.01308,43939553,98
14,0,0,0,0,0,0,0,0,0,0,0,0,0,0,0
15,-0.03174,0.02979,1.037,0.2232,0.2651,0.09918,-36.45,27.6,36.45,0.89412,0.0197,0.002569,-0.4474,-1439293609,108
16,0,0,0,0,0,0,0,0,0,0,0,0,0,0,0
17,0,0,0,0,0,0,0,0,0,0,0,0,0,0,0
18,0,0,0,0,0,0,0,0,0,0,0,0,0,0,0
1,0,0,0,0,0,0,0,0,0,0,0,0,0,0,0
2,0.01465,0.9575,-0.2563,0.4997,-0.1469,-0.2441,-1.5,-39.15,12.75,0.075126,0.08803,-0.7865,-0.6066,-1304725413,66
3,0,0,0,0,0,0,0,0,0,0,0,0,0,0,0
4,0,0,0,0,0,0,0,0,0,0,0,0,0,0,0
5,-0.01318,0.9712,-0.1592,0.04196,0.06104,0.1316,0.50951,0.5965,0.47213,0.40209,-0.01176,-0.01633,-0.001724,-1304715658,68
6,0.007324,0.9766,-0.2021,0.0515,0.1259,0.124,0.17222,0.22376,0.74164,0.60848,-0.009521,-0.003036,-0.001953,-1304025982,52
7,0,0,0,0,0,0,0,0,0,0,0,0,0,0,0
8,0.003418,0.9629,-0.1743,-0.1373,0.02098,-0.1602,0.50629,0.60606,0.4706,0.39358,0.002884,-0.02121,0.003235,-1304325328,126
9,0.01025,0.98,-0.1274,-0.1297,-0.08392,0.06104,0.4504,0.51718,0.54447,0.48292,0.001205,-0.01176,0.0004272,-1304962007,70
10,-0.0127,0.9775,-0.2192,-0.04387,0.1297,-0.1564,0.60071,0.74822,0.22407,0.17061,0.001205,0.002167,0.0008392,-1304644158,68
11,0,0,0,0,0,0,0,0,0,0,0,0,0,0,0
12,0.00293,0.9653,-0.1694,-0.005722,0.01717,0.1945,6.9,-35.25,-3.9,0.6069,0.7183,0.2601,0.2193,-1304530905,98
13,-0.01221,0.05176,1.012,0.3681,-0.206,-0.2098,0.88837,0.019935,0.016695,0.45839,-0.0008087,0.001038,0.01308,43939553,98
14,0,0,0,0,0,0,0,0,0,0,0,0,0,0,0
15,-0.03174,0.02979,1.037,0.2232,0.2651,0.09918,-36.45,27.6,36.45,0.89412,0.0197,0.002569,-0.4474,-1439293609,108
16,0,0,0,0,0,0,0,0,0,0,0,0,0,0,0
17,0,0,0,0,0,0,0,0,0,0,0,0,0,0,0
18,0,0,0,0,0,0,0,0,0,0,0,0,0,0,0
1,0,0,0,0,0,0,0,0,0,0,0,0,0,0,0
2,0.02002,0.9463,-0.2476,0.07248,-0.2689,0.06104,-1.35,-39,15.45,0.075237,0.08809,-0.7865,-0.6067,-1304683281,66
3,0,0,0,0,0,0,0,0,0,0,0,0,0,0,0
4,0,0,0,0,0,0,0,0,0,0,0,0,0,0,0
5,-0.00293,0.9673,-0.1533,0.103,0,-0.0515,0.50949,0.59652,0.4721,0.40213,-0.001617,-0.02023,0.00412,-1304635646,68
6,0.01855,0.9688,-0.2012,-0.07057,0.1259,-0.05913,0.17246,0.224,0.74159,0.60838,0.001801,-0.01083,-0.000885,-1303945998,52
7,0,0,0,0,0,0,0,0,0,0,0,0,0,0,0
8,-0.0004883,0.9697,-0.167,-0.07629,-0.1011,0.08392,0.50651,0.60627,0.47022,0.39342,-0.001175,-0.01442,0.01036,-1304215895,126
9,0.01318,1.006,-0.127,0.1144,-0.08392,0.06104,0.45075,0.51759,0.54408,0.48259,0.00412,0.0146,0.0009155,-1304880245,70
10,-0.02539,0.98,-0.2192,0.1392,0.3128,0.0267,0.60073,0.74822,0.22408,0.17052,-0.01132,0.004608,0.0008545,-1304566518,68
11,0,0,0,0,0,0,0,0,0,0,0,0,0,0,0
12,-0.01074,0.9741,-0.1768,0.1774,0.1392,0.2556,7.35,-33.75,-1.8,0.60686,0.7183,0.2601,0.2194,-1304490908,98
13,-0.01221,0.05176,1.012,0.3681,-0.206,-0.2098,0.88837,0.019935,0.016695,0.45839,-0.0008087,0.001038,0.01308,43939553,98
14,0,0,0,0,0,0,0,0,0,0,0,0,0,0,0
15,-0.03174,0.02979,1.037,0.2232,0.2651,0.09918,-36.45,27.6,36.45,0.89412,0.0197,0.002569,-0.4474,-1439293609,108
16,0,0,0,0,0,0,0,0,0,0,0,0,0,0,0
17,0,0,0,0,0,0,0,0,0,0,0,0,0,0,0
18,0,0,0,0,0,0,0,0,0,0,0,0,0,0,0
1,0,0,0,0,0,0,0,0,0,0,0,0,0,0,0
2,0.004883,0.9502,-0.2534,0.07248,0.2193,0.06104,-2.55,-37.2,15.6,0.075375,0.08828,-0.7864,-0.6067,-1304655245,66
3,0,0,0,0,0,0,0,0,0,0,0,0,0,0,0
4,0,0,0,0,0,0,0,0,0,0,0,0,0,0,0
5,-0.004395,0.9727,-0.1631,0.103,0,-0.0515,0.50944,0.59657,0.47211,0.40212,-0.003159,-0.01485,-0.005524,-1304385185,68
6,0.01416,0.9746,-0.1968,0.0515,-0.1183,0.124,0.17138,0.22272,0.74202,0.60864,-0.002609,-0.004944,0.003616,-1303875504,52
7,0,0,0,0,0,0,0,0,0,0,0,0,0,0,0
8,0.003418,0.959,-0.1733,-0.07629,0.08202,-0.09918,0.50643,0.60634,0.47017,0.39347,0.002487,-0.02515,0.004074,-1304105417,126
9,0.01367,0.9766,-0.1284,-0.1049,-0.1297,-0.1125,0.45118,0.51824,0.54352,0.48213,0.004395,-0.01517,-0.0004425,-1304782011,70
10,-0.01709,0.9644,-0.2305,-0.1659,0.06866,-0.09537,0.60059,0.74814,0.22447,0.17086,-0.003098,-0.011,-0.01027,-1304434578,68
11,0,0,0,0,0,0,0,0,0,0,0,0,0,0,0
12,0.0004883,0.9556,-0.1709,0.1774,0.0782,-0.2937,8.25,-35.1,-4.5,0.60678,0.7181,0.2605,0.2197,-1304400023,98
13,-0.01221,0.05176,1.012,0.3681,-0.206,-0.2098,0.88837,0.019935,0.016695,0.45839,-0.0008087,0.001038,0.01308,43939553,98
14,0,0,0,0,0,0,0,0,0,0,0,0,0,0,0
15,-0.03174,0.02979,1.037,0.2232,0.2651,0.09918,-36.45,27.6,36.45,0.89412,0.0197,0.002569,-0.4474,-1439293609,108
16,0,0,0,0,0,0,0,0,0,0,0,0,0,0,0
17,0,0,0,0,0,0,0,0,0,0,0,0,0,0,0
18,0,0,0,0,0,0,0,0,0,0,0,0,0,0,0
1,0,0,0,0,0,0,0,0,0,0,0,0,0,0,0
2,0.005371,0.9478,-0.2505,-0.1106,0.03624,-0.06104,-2.55,-37.95,14.85,0.075453,0.08847,-0.7865,-0.6066,-1304625012,66
3,0,0,0,0,0,0,0,0,0,0,0,0,0,0,0
4,0,0,0,0,0,0,0,0,0,0,0,0,0,0,0
5,-0.007324,0.9731,-0.1563,-0.1411,-0.06104,-0.4177,0.50948,0.59653,0.47204,0.40219,-0.006165,-0.01439,0.001099,-1304245777,68
6,0.01318,0.9868,-0.2075,0.2346,-0.2403,0.124,0.17134,0.22271,0.74201,0.60866,-0.003647,0.007248,-0.007156,-1303795533,52
7,0,0,0,0,0,0,0,0,0,0,0,0,0,0,0
8,-0.001465,0.9653,-0.1665,0.04578,0.3262,0.206,0.50634,0.60606,0.47046,0.39367,-0.002213,-0.01881,0.0108,-1304045881,126
9,0.01563,0.9966,-0.1362,0.3223,-0.06866,-0.1125,0.45112,0.51823,0.5435,0.48223,0.006195,0.004852,-0.008331,-1304711937,70
10,-0.001953,0.9731,-0.2197,0.01717,0.007629,0.2098,0.60062,0.74816,0.22439,0.17077,0.01207,-0.002213,0.0004578,-1304336836,68
11,0,0,0,0,0,0,0,0,0,0,0,0,0,0,0
12,-0.005859,0.9663,-0.1655,-0.005722,0.1392,0.01144,6.9,-35.25,-3.15,0.60676,0.718,0.2607,0.2199,-1304250252,98
13,-0.01221,0.05176,1.012,0.3681,-0.206,-0.2098,0.88837,0.019935,0.016695,0.45839,-0.0008087,0.001038,0.01308,43939553,98
14,0,0,0,0,0,0,0,0,0,0,0,0,0,0,0
15,-0.03174,0.02979,1.037,0.2232,0.2651,0.09918,-36.45,27.6,36.45,0.89412,0.0197,0.002569,-0.4474,-1439293609,108
16,0,0,0,0,0,0,0,0,0,0,0,0,0,0,0
17,0,0,0,0,0,0,0,0,0,0,0,0,0,0,0
18,0,0,0,0,0,0,0,0,0,0,0,0,0,0,0
1,0,0,0,0,0,0,0,0,0,0,0,0,0,0,0
2,0.02051,0.9443,-0.2485,-0.04959,-0.0248,0.2441,-2.25,-39.15,15.15,0.075742,0.08878,-0.7864,-0.6066,-1304585241,66
3,0,0,0,0,0,0,0,0,0,0,0,0,0,0,0
4,0,0,0,0,0,0,0,0,0,0,0,0,0,0,0
5,-0.009766,0.9766,-0.1611,-0.1411,-0.06104,0.1316,0.50953,0.59649,0.47207,0.40216,-0.008469,-0.01099,-0.003845,-1304145137,68
6,0.004395,0.9639,-0.2036,-0.009537,0.1869,0.124,0.17114,0.22248,0.74208,0.60871,-0.01245,-0.0157,-0.00325,-1303715533,52
7,0,0,0,0,0,0,0,0,0,0,0,0,0,0,0
8,0.00293,0.9609,-0.1748,-0.01526,0.2041,-0.03815,0.50661,0.60657,0.46989,0.39323,0.001999,-0.02319,0.00264,-1303945398,126
9,0.01123,0.9976,-0.1245,0.0782,0.1144,0.07057,0.45123,0.51832,0.54337,0.48216,0.001785,0.005814,0.003311,-1304682532,70
10,-0.02881,0.9697,-0.2104,-0.1659,-0.05341,-0.03433,0.6006,0.74824,0.2243,0.17059,-0.01465,-0.005585,0.009903,-1304227349,68
11,0,0,0,0,0,0,0,0,0,0,0,0,0,0,0
12,-0.0004883,0.9673,-0.1621,0.2995,0.2613,-0.04959,7.2,-33.6,-4.2,0.6067,0.718,0.2609,0.22,-1304130738,98
13,-0.01221,0.05176,1.012,0.3681,-0.206,-0.2098,0.88837,0.019935,0.016695,0.45839,-0.0008087,0.001038,0.01308,43939553,98
14,0,0,0,0,0,0,0,0,0,0,0,0,0,0,0
15,-0.03174,0.02979,1.037,0.2232,0.2651,0.09918,-36.45,27.6,36.45,0.89412,0.0197,0.002569,-0.4474,-1439293609,108
16,0,0,0,0,0,0,0,0,0,0,0,0,0,0,0
17,0,0,0,0,0,0,0,0,0,0,0,0,0,0,0
18,0,0,0,0,0,0,0,0,0,0,0,0,0,0,0
1,0,0,0,0,0,0,0,0,0,0,0,0,0,0,0
2,0.01563,0.9614,-0.2441,0.1945,-0.2079,-0.1221,-2.1,-39,15,0.075974,0.08906,-0.7863,-0.6066,-1304500389,66
3,0,0,0,0,0,0,0,0,0,0,0,0,0,0,0
4,0,0,0,0,0,0,0,0,0,0,0,0,0,0,0
5,0.0004883,0.9712,-0.147,-0.1411,0.06104,0.009537,0.50958,0.59644,0.47204,0.4022,0.001801,-0.01637,0.01016,-1304005200,68
6,0.02197,0.9814,-0.2075,0.0515,0.003815,0.06294,0.17145,0.22299,0.7419,0.60866,0.004929,0.001862,-0.007248,-1303645438,52
7,0,0,0,0,0,0,0,0,0,0,0,0,0,0,0
8,-0.001953,0.9668,-0.1694,-0.01526,-0.1011,0.08392,0.50671,0.60662,0.46977,0.39316,-0.002869,-0.01735,0.007919,-1303905327,126
9,0.01563,0.9922,-0.126,-0.04387,0.05341,-0.2956,0.45143,0.51854,0.54314,0.48201,0.006134,0.0004425,0.001785,-1304600184,70
10,-0.01465,0.9834,-0.2217,-0.1659,0.1297,-0.03433,0.60059,0.74825,0.2243,0.17059,-0.0005035,0.008087,-0.001312,-1304196682,68
11,0,0,0,0,0,0,0,0,0,0,0,0,0,0,0
12,-0.01025,0.9775,-0.166,-0.2499,0.01717,-0.04959,8.25,-33.9,-4.5,0.60688,0.7181,0.2603,0.2195,-1304060186,98
13,-0.01221,0.05176,1.012,0.3681,-0.206,-0.2098,0.88837,0.019935,0.016695,0.45839,-0.0008087,0.001038,0.01308,43939553,98
14,0,0,0,0,0,0,0,0,0,0,0,0,0,0,0
15,-0.03174,0.02979,1.037,0.2232,0.2651,0.09918,-36.45,27.6,36.45,0.89412,0.0197,0.002569,-0.4474,-1439293609,108
16,0,0,0,0,0,0,0,0,0,0,0,0,0,0,0
17,0,0,0,0,0,0,0,0,0,0,0,0,0,0,0
18,0,0,0,0,0,0,0,0,0,0,0,0,0,0,0
1,0,0,0,0,0,0,0,0,0,0,0,0,0,0,0
2,0.01563,0.9614,-0.2441,0.1945,-0.2079,-0.1221,-2.1,-39,15,0.075974,0.08906,-0.7863,-0.6066,-1304500389,66
3,0,0,0,0,0,0,0,0,0,0,0,0,0,0,0
4,0,0,0,0,0,0,0,0,0,0,0,0,0,0,0
5,0.01221,0.9731,-0.1528,0.2251,-0.1221,-0.1736,0.50955,0.59647,0.47201,0.40224,0.0134,-0.01442,0.004303,-1303865678,68
6,0.007813,0.9756,-0.2061,-0.07057,-0.2403,0.06294,0.17193,0.22357,0.74174,0.60851,-0.009216,-0.003983,-0.005737,-1303576004,52
7,0,0,0,0,0,0,0,0,0,0,0,0,0,0,0
8,0.0009766,0.957,-0.1621,-0.2594,0.08202,-0.03815,0.50653,0.60639,0.47008,0.39337,0.0001373,-0.0271,0.01527,-1303815381,126
9,0.0166,0.9858,-0.1216,0.01717,-0.007629,0.07057,0.45137,0.51847,0.54321,0.48206,0.007126,-0.005905,0.00621,-1304581937,70
10,-0.003418,0.9902,-0.2065,0.1392,0.06866,0.08774,0.60057,0.74821,0.22441,0.1707,0.0107,0.01492,0.01382,-1304136718,68
11,0,0,0,0,0,0,0,0,0,0,0,0,0,0,0
12,-0.006348,0.9697,-0.1636,-0.005722,-0.1049,0.01144,7.65,-34.95,-3.9,0.60694,0.7181,0.2603,0.2197,-1303940147,98
13,-0.01221,0.05176,1.012,0.3681,-0.206,-0.2098,0.88837,0.019935,0.016695,0.45839,-0.0008087,0.001038,0.01308,43939553,98
14,0,0,0,0,0,0,0,0,0,0,0,0,0,0,0
15,-0.03174,0.02979,1.037,0.2232,0.2651,0.09918,-36.45,27.6,36.45,0.89412,0.0197,0.002569,-0.4474,-1439293609,108
16,0,0,0,0,0,0,0,0,0,0,0,0,0,0,0
17,0,0,0,0,0,0,0,0,0,0,0,0,0,0,0
18,0,0,0,0,0,0,0,0,0,0,0,0,0,0,0
1,0,0,0,0,0,0,0,0,0,0,0,0,0,0,0
2,0.01611,0.9561,-0.251,0.01144,0.09727,0.1831,-2.55,-38.4,15.6,0.076065,0.08916,-0.7863,-0.6066,-1304486138,66
3,0,0,0,0,0,0,0,0,0,0,0,0,0,0,0
4,0,0,0,0,0,0,0,0,0,0,0,0,0,0,0
5,0.003906,0.9707,-0.1563,-0.1411,-0.1221,0.009537,0.50951,0.5965,0.47202,0.40222,0.005066,-0.01685,0.0009918,-1303795172,68
6,0.01904,0.9775,-0.1948,-0.07057,-0.05722,0.001907,0.17146,0.22298,0.74184,0.60874,0.001953,-0.002075,0.005264,-1303495994,52
7,0,0,0,0,0,0,0,0,0,0,0,0,0,0,0
8,0.007813,0.9722,-0.1699,-0.3204,0.1431,-0.03815,0.50685,0.60676,0.46953,0.39306,0.00679,-0.01199,0.007309,-1303725321,126
9,0.01514,0.9858,-0.126,-0.04387,-0.3128,-0.0515,0.45104,0.51798,0.54361,0.48244,0.005753,-0.005936,0.001663,-1304472565,70
10,-0.0166,0.9785,-0.2173,-0.04387,0.1907,0.08774,0.60059,0.7482,0.22438,0.17072,-0.002533,0.003189,0.003021,-1304107351,68
11,0,0,0,0,0,0,0,0,0,0,0,0,0,0,0
12,-0.00293,0.9658,-0.1548,-0.005722,0.1392,0.1945,8.7,-32.85,-3,0.60706,0.7181,0.2601,0.2194,-1303880735,98
13,-0.01221,0.05176,1.012,0.3681,-0.206,-0.2098,0.88837,0.019935,0.016695,0.45839,-0.0008087,0.001038,0.01308,43939553,98
14,0,0,0,0,0,0,0,0,0,0,0,0,0,0,0
15,-0.03174,0.02979,1.037,0.2232,0.2651,0.09918,-36.45,27.6,36.45,0.89412,0.0197,0.002569,-0.4474,-1439293609,108
16,0,0,0,0,0,0,0,0,0,0,0,0,0,0,0
17,0,0,0,0,0,0,0,0,0,0,0,0,0,0,0
18,0,0,0,0,0,0,0,0,0,0,0,0,0,0,0
1,0,0,0,0,0,0,0,0,0,0,0,0,0,0,0
2,0.008789,0.9517,-0.2397,0.01144,-0.0248,-0.1831,-1.65,-39.3,14.4,0.076832,0.09003,-0.7862,-0.6065,-1304367874,66
3,0,0,0,0,0,0,0,0,0,0,0,0,0,0,0
4,0,0,0,0,0,0,0,0,0,0,0,0,0,0,0
5,-0.01709,0.9736,-0.1558,-0.1411,-0.3052,-0.1125,0.50956,0.59646,0.47203,0.4022,-0.01581,-0.01393,0.001404,-1303685217,68
6,0.021,0.9854,-0.2041,-0.009537,0.309,0.001907,0.17247,0.2244,0.74139,0.60847,0.003662,0.005737,-0.004059,-1303425525,52
7,0,0,0,0,0,0,0,0,0,0,0,0,0,0,0
8,0.00293,0.958,-0.1714,0.04578,-0.2232,0.206,0.50694,0.60689,0.46933,0.39298,0.001785,-0.02617,0.005783,-1303675292,126
9,0.008301,1.004,-0.1401,0.0782,0.1144,0.009537,0.45028,0.51712,0.54441,0.48317,-0.001129,0.01262,-0.01254,-1304218080,70
10,-0.006348,0.9678,-0.2168,0.1392,0.007629,-0.3395,0.60055,0.74813,0.22461,0.17086,0.007782,-0.007553,0.003494,-1304056733,68
11,0,0,0,0,0,0,0,0,0,0,0,0,0,0,0
12,0.005859,0.9585,-0.1611,0.2995,-0.227,0.07248,8.85,-36,-2.85,0.60701,0.7181,0.2602,0.2196,-1303850154,98
13,-0.01221,0.05176,1.012,0.3681,-0.206,-0.2098,0.88837,0.019935,0.016695,0.45839,-0.0008087,0.001038,0.01308,43939553,98
14,0,0,0,0,0,0,0,0,0,0,0,0,0,0,0
15,-0.03174,0.02979,1.037,0.2232,0.2651,0.09918,-36.45,27.6,36.45,0.89412,0.0197,0.002569,-0.4474,-1439293609,108
16,0,0,0,0,0,0,0,0,0,0,0,0,0,0,0
17,0,0,0,0,0,0,0,0,0,0,0,0,0,0,0
18,0,0,0,0,0,0,0,0,0,0,0,0,0,0,0
1,0,0,0,0,0,0,0,0,0,0,0,0,0,0,0
2,0.01123,0.9507,-0.2568,-0.1106,0.03624,-0.1221,-2.1,-38.25,15,0.07645,0.0895,-0.7863,-0.6066,-1304254924,66
3,0,0,0,0,0,0,0,0,0,0,0,0,0,0,0
4,0,0,0,0,0,0,0,0,0,0,0,0,0,0,0
5,-0.01025,0.9771,-0.1553,0.103,0.06104,0.2537,0.50963,0.5964,0.47201,0.40223,-0.008926,-0.01054,0.001694,-1303583324,68
6,0.01221,0.978,-0.1997,-0.07057,0.003815,0.246,0.17248,0.22425,0.74146,0.60845,-0.004913,-0.001587,0.0003815,-1303345487,52
7,0,0,0,0,0,0,0,0,0,0,0,0,0,0,0
8,0.002441,0.9692,-0.1753,0.1068,0.02098,0.08392,0.5071,0.60713,0.46906,0.39273,0.001297,-0.01492,0.001953,-1303555423,126
9,0.01074,0.9927,-0.1235,-0.1659,-0.007629,0.1316,0.45022,0.51708,0.54446,0.4832,0.001297,0.0009003,0.004105,-1304168168,70
10,-0.01709,0.9668,-0.2085,-0.227,-0.05341,-0.1564,0.6006,0.7481,0.22458,0.17088,-0.002991,-0.00856,0.01167,-1304006746,68
11,0,0,0,0,0,0,0,0,0,0,0,0,0,0,0
12,0.003906,0.9761,-0.1602,0.05531,0.2003,0.1335,8.1,-33.75,-3.9,0.60697,0.718,0.2603,0.2196,-1303810277,98
13,-0.01221,0.05176,1.012,0.3681,-0.206,-0.2098,0.88837,0.019935,0.016695,0.45839,-0.0008087,0.001038,0.01308,43939553,98
14,0,0,0,0,0,0,0,0,0,0,0,0,0,0,0
15,-0.03174,0.02979,1.037,0.2232,0.2651,0.09918,-36.45,27.6,36.45,0.89412,0.0197,0.002569,-0.4474,-1439293609,108
16,0,0,0,0,0,0,0,0,0,0,0,0,0,0,0
17,0,0,0,0,0,0,0,0,0,0,0,0,0,0,0
18,0,0,0,0,0,0,0,0,0,0,0,0,0,0,0
1,0,0,0,0,0,0,0,0,0,0,0,0,0,0,0
2,0.03174,0.9595,-0.2461,-0.04959,0.09727,-0.1221,-2.4,-39,13.65,0.076518,0.08953,-0.7863,-0.6066,-1304114964,66
3,0,0,0,0,0,0,0,0,0,0,0,0,0,0,0
4,0,0,0,0,0,0,0,0,0,0,0,0,0,0,0
5,0.001465,0.9692,-0.1563,0.04005,0.07248,-0.1068,0.50969,0.59635,0.47204,0.4022,0.002945,-0.01837,0.0006561,-1303485114,68
6,0.004395,0.9751,-0.1963,0.1736,-0.1183,-0.05913,0.17264,0.22449,0.74138,0.6084,-0.01279,-0.004517,0.003815,-1303275434,52
7,0,0,0,0,0,0,0,0,0,0,0,0,0,0,0
8,-0.001953,0.9712,-0.1699,0.04578,0.02098,-0.03815,0.50708,0.60697,0.46925,0.39276,-0.002838,-0.01297,0.007309,-1303415885,126
9,0.004883,1,-0.1172,-0.04387,-0.007629,-0.1125,0.45022,0.51708,0.54447,0.4832,-0.004562,0.00824,0.01045,-1304128104,70
10,-0.01123,0.9746,-0.209,0.0782,0.3128,0.0267,0.60054,0.74804,0.22473,0.1711,0.002716,-0.0007477,0.01117,-1303937309,68
11,0,0,0,0,0,0,0,0,0,0,0,0,0,0,0
12,-0.005371,0.9746,-0.168,0.05531,0.2003,0.07248,7.95,-33.9,-2.7,0.60692,0.718,0.2605,0.2198,-1303770145,98
13,-0.01221,0.05176,1.012,0.3681,-0.206,-0.2098,0.88837,0.019935,0.016695,0.45839,-0.0008087,0.001038,0.01308,43939553,98
14,0,0,0,0,0,0,0,0,0,0,0,0,0,0,0
15,-0.03174,0.02979,1.037,0.2232,0.2651,0.09918,-36.45,27.6,36.45,0.89412,0.0197,0.002569,-0.4474,-1439293609,108
16,0,0,0,0,0,0,0,0,0,0,0,0,0,0,0
17,0,0,0,0,0,0,0,0,0,0,0,0,0,0,0
18,0,0,0,0,0,0,0,0,0,0,0,0,0,0,0
1,0,0,0,0,0,0,0,0,0,0,0,0,0,0,0
2,0.0127,0.9639,-0.2529,0.07248,0.09727,0,-1.95,-39.45,15.6,0.076589,0.08962,-0.7862,-0.6066,-1304087918,66
3,0,0,0,0,0,0,0,0,0,0,0,0,0,0,0
4,0,0,0,0,0,0,0,0,0,0,0,0,0,0,0
5,0.002441,0.9761,-0.1514,0.3452,0.2556,0.1373,0.50966,0.59638,0.47202,0.40222,0.003845,-0.01152,0.005585,-1303425226,68
6,0.01807,0.9844,-0.1934,0.0515,0.003815,0.06294,0.17288,0.22479,0.74118,0.60846,0.0007935,0.0047,0.006409,-1303195406,52
7,0,0,0,0,0,0,0,0,0,0,0,0,0,0,0
8,-0.003906,0.9697,-0.1641,0.1678,-0.1011,0.145,0.50697,0.60686,0.46946,0.39284,-0.004684,-0.01442,0.01328,-1303325319,126
9,0.005859,0.9844,-0.1182,0.3223,-0.007629,-0.1125,0.45041,0.51726,0.54432,0.483,-0.003479,-0.007385,0.009521,-1304058706,70
10,-0.02441,0.9893,-0.2168,-0.1049,-0.1144,-0.09537,0.60061,0.74805,0.22462,0.17098,-0.01039,0.01389,0.003281,-1303876733,68
11,0,0,0,0,0,0,0,0,0,0,0,0,0,0,0
12,-0.008301,0.9717,-0.1567,-0.06676,0.1392,-0.2937,5.85,-33.75,-3.15,0.60701,0.7181,0.2601,0.2196,-1303710730,98
13,-0.01221,0.05176,1.012,0.3681,-0.206,-0.2098,0.88837,0.019935,0.016695,0.45839,-0.0008087,0.001038,0.01308,43939553,98
14,0,0,0,0,0,0,0,0,0,0,0,0,0,0,0
15,-0.03174,0.02979,1.037,0.2232,0.2651,0.09918,-36.45,27.6,36.45,0.89412,0.0197,0.002569,-0.4474,-1439293609,108
16,0,0,0,0,0,0,0,0,0,0,0,0,0,0,0
17,0,0,0,0,0,0,0,0,0,0,0,0,0,0,0
18,0,0,0,0,0,0,0,0,0,0,0,0,0,0,0
1,0,0,0,0,0,0,0,0,0,0,0,0,0,0,0
2,0.0166,0.9546,-0.2417,-0.1717,0.2193,0,-3,-39.45,14.85,0.076672,0.08971,-0.7862,-0.6066,-1304072861,66
3,0,0,0,0,0,0,0,0,0,0,0,0,0,0,0
4,0,0,0,0,0,0,0,0,0,0,0,0,0,0,0
5,0,0.9912,-0.1587,0.2842,-0.1717,0.1373,0.50965,0.59638,0.47203,0.40221,0.001404,0.003616,-0.001709,-1303325720,68
6,0.021,0.98,-0.2056,0.1736,0.06485,0.06294,0.17275,0.22464,0.74118,0.60856,0.003662,0.0002747,-0.005936,-1303125986,52
7,0,0,0,0,0,0,0,0,0,0,0,0,0,0,0
8,0.005859,0.9668,-0.1807,-0.1984,0.02098,-0.03815,0.50717,0.60708,0.46915,0.39258,0.005081,-0.01735,-0.003342,-1303223553,126
9,0.006836,0.9751,-0.1294,0.2003,0.2365,0.009537,0.45014,0.51686,0.54469,0.48326,-0.002335,-0.01668,-0.00174,-1303976512,70
10,-0.02246,0.9712,-0.2158,-0.227,0.06866,0.1488,0.60057,0.74803,0.22472,0.17105,-0.008438,-0.004181,0.004303,-1303866814,68
11,0,0,0,0,0,0,0,0,0,0,0,0,0,0,0
12,0.003418,0.9688,-0.1621,-0.005722,0.1392,0.07248,7.5,-35.1,-3.45,0.60686,0.7178,0.2608,0.2201,-1303630766,98
13,-0.01221,0.05176,1.012,0.3681,-0.206,-0.2098,0.88837,0.019935,0.016695,0.45839,-0.0008087,0.001038,0.01308,43939553,98
14,0,0,0,0,0,0,0,0,0,0,0,0,0,0,0
15,-0.03174,0.02979,1.037,0.2232,0.2651,0.09918,-36.45,27.6,36.45,0.89412,0.0197,0.002569,-0.4474,-1439293609,108
16,0,0,0,0,0,0,0,0,0,0,0,0,0,0,0
17,0,0,0,0,0,0,0,0,0,0,0,0,0,0,0
18,0,0,0,0,0,0,0,0,0,0,0,0,0,0,0
1,0,0,0,0,0,0,0,0,0,0,0,0,0,0,0
2,0.01953,0.9629,-0.2617,-0.1106,0.09727,-0.1221,-1.95,-37.95,14.85,0.076771,0.09,-0.7862,-0.6065,-1303890886,66
3,0,0,0,0,0,0,0,0,0,0,0,0,0,0,0
4,0,0,0,0,0,0,0,0,0,0,0,0,0,0,0
5,-0.008301,0.979,-0.1685,-0.2041,0.1945,0.1373,0.50965,0.59638,0.47202,0.40221,-0.006897,-0.008591,-0.01149,-1303255139,68
6,0.01563,0.9731,-0.1992,-0.009537,-0.3014,-0.3033,0.17304,0.22495,0.74105,0.60852,-0.001678,-0.006577,0.0002899,-1303045415,52
7,0,0,0,0,0,0,0,0,0,0,0,0,0,0,0
8,-0.003906,0.9702,-0.1836,-0.07629,0.08202,-0.09918,0.50754,0.60755,0.46856,0.3921,-0.004715,-0.01393,-0.006271,-1303105402,126
9,0.01904,0.9834,-0.1182,0.0782,-0.007629,-0.1125,0.45007,0.5168,0.54473,0.48335,0.009796,-0.008377,0.00946,-1303928831,70
10,-0.01025,0.9771,-0.1997,0.1392,0.007629,-0.09537,0.60039,0.74774,0.2256,0.1718,0.003723,0.001663,0.02034,-1303687290,68
11,0,0,0,0,0,0,0,0,0,0,0,0,0,0,0
12,-0.003418,0.9751,-0.1606,-0.06676,-0.1049,-0.04959,5.25,-35.1,-2.25,0.60692,0.7178,0.2607,0.22,-1303610085,98
13,-0.01221,0.05176,1.012,0.3681,-0.206,-0.2098,0.88837,0.019935,0.016695,0.45839,-0.0008087,0.001038,0.01308,43939553,98
14,0,0,0,0,0,0,0,0,0,0,0,0,0,0,0
15,-0.03174,0.02979,1.037,0.2232,0.2651,0.09918,-36.45,27.6,36.45,0.89412,0.0197,0.002569,-0.4474,-1439293609,108
16,0,0,0,0,0,0,0,0,0,0,0,0,0,0,0
17,0,0,0,0,0,0,0,0,0,0,0,0,0,0,0
18,0,0,0,0,0,0,0,0,0,0,0,0,0,0,0
1,0,0,0,0,0,0,0,0,0,0,0,0,0,0,0
2,-0.005371,0.9619,-0.2466,0.07248,-0.0248,0,-2.4,-40.35,13.95,0.077182,0.09041,-0.7861,-0.6065,-1303709859,66
3,0,0,0,0,0,0,0,0,0,0,0,0,0,0,0
4,0,0,0,0,0,0,0,0,0,0,0,0,0,0,0
5,-0.009766,0.9849,-0.145,-0.02098,0.07248,-0.2289,0.50968,0.59636,0.47205,0.40219,-0.00827,-0.002731,0.01193,-1303223282,68
6,0.01611,0.9795,-0.1948,-0.07057,-0.05722,0.06294,0.17338,0.22543,0.74089,0.60844,-0.001297,-0.0002441,0.004654,-1302965428,52
7,0,0,0,0,0,0,0,0,0,0,0,0,0,0,0
8,-0.005859,0.9644,-0.1738,0.1068,-0.04005,-0.09918,0.50764,0.60757,0.4685,0.39201,-0.006546,-0.01981,0.003448,-1303013537,126
9,-0.0004883,0.9893,-0.1201,-0.1049,0.05341,0.07057,0.44989,0.51646,0.54498,0.48359,-0.009628,-0.002533,0.00737,-1303848800,70
10,-0.007324,0.9736,-0.2114,-0.04387,-0.05341,0.2098,0.6003,0.74767,0.22591,0.17199,0.006729,-0.00174,0.008682,-1303605010,68
11,0,0,0,0,0,0,0,0,0,0,0,0,0,0,0
12,-0.006348,0.9658,-0.1655,0.05531,0.2613,-0.1717,7.65,-35.7,-4.35,0.60701,0.718,0.2603,0.2197,-1303510086,98
13,-0.01221,0.05176,1.012,0.3681,-0.206,-0.2098,0.88837,0.019935,0.016695,0.45839,-0.0008087,0.001038,0.01308,43939553,98
14,0,0,0,0,0,0,0,0,0,0,0,0,0,0,0
15,-0.03174,0.02979,1.037,0.2232,0.2651,0.09918,-36.45,27.6,36.45,0.89412,0.0197,0.002569,-0.4474,-1439293609,108
16,0,0,0,0,0,0,0,0,0,0,0,0,0,0,0
17,0,0,0,0,0,0,0,0,0,0,0,0,0,0,0
18,0,0,0,0,0,0,0,0,0,0,0,0,0,0,0
1,0,0,0,0,0,0,0,0,0,0,0,0,0,0,0
2,0.00293,0.9585,-0.2529,-0.04959,0.09727,0.06104,-1.05,-37.8,16.5,0.077518,0.09066,-0.7861,-0.6065,-1303569829,66
3,0,0,0,0,0,0,0,0,0,0,0,0,0,0,0
4,0,0,0,0,0,0,0,0,0,0,0,0,0,0,0
5,-0.01221,0.9653,-0.1533,0.1011,0.01144,0.1984,0.50974,0.59631,0.47204,0.4022,-0.01064,-0.02229,0.00351,-1303175046,68
6,0.01611,0.9819,-0.1968,-0.1316,-0.1183,-0.1202,0.17365,0.22569,0.74078,0.6084,-0.001221,0.002182,0.002609,-1302895533,52
7,0,0,0,0,0,0,0,0,0,0,0,0,0,0,0
8,-0.0004883,0.9565,-0.1709,0.1068,-0.2232,0.08392,0.50753,0.6075,0.46859,0.39214,-0.001297,-0.0276,0.006393,-1302935299,126
9,0.007813,0.9805,-0.123,-0.04387,-0.3738,0.1926,0.44946,0.51603,0.54541,0.48397,-0.001389,-0.01132,0.004486,-1303748227,70
10,-0.008301,0.9741,-0.2153,-0.04387,0.007629,-0.4005,0.60041,0.74784,0.2254,0.1716,0.005722,-0.001236,0.004807,-1303526866,68
11,0,0,0,0,0,0,0,0,0,0,0,0,0,0,0
12,-0.01025,0.9663,-0.1519,0.1163,0.0782,-0.04959,7.65,-34.95,-2.85,0.60695,0.718,0.2603,0.2198,-1303430078,98
13,-0.01221,0.05176,1.012,0.3681,-0.206,-0.2098,0.88837,0.019935,0.016695,0.45839,-0.0008087,0.001038,0.01308,43939553,98
14,0,0,0,0,0,0,0,0,0,0,0,0,0,0,0
15,-0.03174,0.02979,1.037,0.2232,0.2651,0.09918,-36.45,27.6,36.45,0.89412,0.0197,0.002569,-0.4474,-1439293609,108
16,0,0,0,0,0,0,0,0,0,0,0,0,0,0,0
17,0,0,0,0,0,0,0,0,0,0,0,0,0,0,0
18,0,0,0,0,0,0,0,0,0,0,0,0,0,0,0
1,0,0,0,0,0,0,0,0,0,0,0,0,0,0,0
2,0.005371,0.9502,-0.2402,0.1335,-0.0248,-0.06104,-1.2,-40.2,13.5,0.077489,0.09065,-0.7861,-0.6065,-1303554961,66
3,0,0,0,0,0,0,0,0,0,0,0,0,0,0,0
4,0,0,0,0,0,0,0,0,0,0,0,0,0,0,0
5,-0.0009766,0.9761,-0.1538,-0.2041,-0.04959,-0.1068,0.50971,0.59634,0.47205,0.40218,0.0005798,-0.01154,0.003098,-1303145101,68
6,0.02295,0.9688,-0.2139,-0.07057,-0.1183,-0.05913,0.17368,0.22573,0.7408,0.60836,0.005615,-0.01099,-0.01439,-1302825410,52
7,0,0,0,0,0,0,0,0,0,0,0,0,0,0,0
8,-0.01074,0.9561,-0.1646,0.2899,0.02098,0.08392,0.50722,0.60703,0.46913,0.39263,-0.01151,-0.02812,0.01259,-1302865886,126
9,0.01563,0.9858,-0.1274,-0.1049,-0.3128,0.3147,0.44961,0.51618,0.54523,0.48387,0.006393,-0.005951,1.526e-05,-1303708278,70
10,-0.01416,0.9785,-0.2139,-0.04387,0.06866,0.2098,0.60036,0.74775,0.22568,0.17177,-6.104e-05,0.003159,0.006271,-1303416810,68
11,0,0,0,0,0,0,0,0,0,0,0,0,0,0,0
12,0.0004883,0.9648,-0.1489,0.05531,-0.1659,-0.1106,8.1,-35.25,-4.35,0.60706,0.7182,0.2598,0.2195,-1303260247,98
13,-0.01221,0.05176,1.012,0.3681,-0.206,-0.2098,0.88837,0.019935,0.016695,0.45839,-0.0008087,0.001038,0.01308,43939553,98
14,0,0,0,0,0,0,0,0,0,0,0,0,0,0,0
15,-0.03174,0.02979,1.037,0.2232,0.2651,0.09918,-36.45,27.6,36.45,0.89412,0.0197,0.002569,-0.4474,-1439293609,108
16,0,0,0,0,0,0,0,0,0,0,0,0,0,0,0
17,0,0,0,0,0,0,0,0,0,0,0,0,0,0,0
18,0,0,0,0,0,0,0,0,0,0,0,0,0,0,0
1,0,0,0,0,0,0,0,0,0,0,0,0,0,0,0
2,0.02002,0.9497,-0.2456,-0.04959,-0.08583,-0.06104,-1.35,-39,14.4,0.077316,0.09039,-0.786,-0.6066,-1303400999,66
3,0,0,0,0,0,0,0,0,0,0,0,0,0,0,0
4,0,0,0,0,0,0,0,0,0,0,0,0,0,0,0
5,0.006836,0.9785,-0.1484,-0.4482,0.07248,-0.1678,0.50969,0.59635,0.47205,0.40219,0.008347,-0.009079,0.008499,-1303075722,68
6,0.005859,0.98,-0.2017,0.0515,-0.1793,0.246,0.17381,0.22591,0.74075,0.60832,-0.01149,0.0002441,-0.002167,-1302775403,52
7,0,0,0,0,0,0,0,0,0,0,0,0,0,0,0
8,-0.0004883,0.9692,-0.186,-0.1373,0.02098,-0.1602,0.50758,0.60753,0.46848,0.39217,-0.001404,-0.01494,-0.008896,-1302803568,126
9,-0.005859,0.9873,-0.1309,0.01717,-0.007629,0.07057,0.44911,0.51542,0.54596,0.48431,-0.01471,-0.004486,-0.003372,-1303568225,70
10,-0.01367,0.9663,-0.2266,-0.04387,-0.05341,0.0267,0.60031,0.74774,0.22581,0.1718,0.0005188,-0.009033,-0.006332,-1303347311,68
11,0,0,0,0,0,0,0,0,0,0,0,0,0,0,0
12,0.006348,0.9614,-0.1699,-0.1888,-0.1049,0.01144,6.75,-35.55,-2.7,0.60708,0.7182,0.2598,0.2194,-1303220085,98
13,-0.01221,0.05176,1.012,0.3681,-0.206,-0.2098,0.88837,0.019935,0.016695,0.45839,-0.0008087,0.001038,0.01308,43939553,98
14,0,0,0,0,0,0,0,0,0,0,0,0,0,0,0
15,-0.03174,0.02979,1.037,0.2232,0.2651,0.09918,-36.45,27.6,36.45,0.89412,0.0197,0.002569,-0.4474,-1439293609,108
16,0,0,0,0,0,0,0,0,0,0,0,0,0,0,0
17,0,0,0,0,0,0,0,0,0,0,0,0,0,0,0
18,0,0,0,0,0,0,0,0,0,0,0,0,0,0,0
1,0,0,0,0,0,0,0,0,0,0,0,0,0,0,0
2,0.005859,0.9604,-0.2505,-0.1717,0.09727,-0.1221,-1.65,-40.35,14.4,0.077246,0.0902,-0.786,-0.6067,-1303317891,66
3,0,0,0,0,0,0,0,0,0,0,0,0,0,0,0
4,0,0,0,0,0,0,0,0,0,0,0,0,0,0,0
5,-0.006348,0.9849,-0.1465,0.04005,0.01144,0.01526,0.50968,0.59636,0.47203,0.4022,-0.004883,-0.002747,0.01044,-1303005178,68
6,0.01367,0.9692,-0.1987,0.0515,0.1259,0.185,0.175,0.22749,0.74022,0.60803,-0.003891,-0.01051,0.0006256,-1302665409,52
7,0,0,0,0,0,0,0,0,0,0,0,0,0,0,0
8,-0.007324,0.9658,-0.1675,0.2975,0.267,0.2518,0.5076,0.60756,0.4685,0.39207,-0.008102,-0.01834,0.009781,-1302705862,126
9,0.0009766,0.9858,-0.1343,-0.227,-0.06866,0.3147,0.44901,0.51527,0.54609,0.48443,-0.007843,-0.005966,-0.006836,-1303498307,70
10,-0.0249,0.9775,-0.2139,0.2613,0.007629,0.2098,0.60037,0.74776,0.22568,0.17171,-0.01071,0.002182,0.006287,-1303296720,68
11,0,0,0,0,0,0,0,0,0,0,0,0,0,0,0
12,-0.0004883,0.9609,-0.1675,0.1163,-0.1659,-0.1106,7.5,-33.6,-3.75,0.60698,0.7181,0.2601,0.2198,-1303100244,98
13,-0.01221,0.05176,1.012,0.3681,-0.206,-0.2098,0.88837,0.019935,0.016695,0.45839,-0.0008087,0.001038,0.01308,43939553,98
14,0,0,0,0,0,0,0,0,0,0,0,0,0,0,0
15,-0.03174,0.02979,1.037,0.2232,0.2651,0.09918,-36.45,27.6,36.45,0.89412,0.0197,0.002569,-0.4474,-1439293609,108
16,0,0,0,0,0,0,0,0,0,0,0,0,0,0,0
17,0,0,0,0,0,0,0,0,0,0,0,0,0,0,0
18,0,0,0,0,0,0,0,0,0,0,0,0,0,0,0
1,0,0,0,0,0,0,0,0,0,0,0,0,0,0,0
2,0.01025,0.9541,-0.2397,-0.04959,0.09727,0.1221,-2.1,-39.3,13.65,0.077245,0.09031,-0.7861,-0.6066,-1303274859,66
3,0,0,0,0,0,0,0,0,0,0,0,0,0,0,0
4,0,0,0,0,0,0,0,0,0,0,0,0,0,0,0
5,-0.001953,0.9731,-0.1606,0.04005,0.01144,0.01526,0.50969,0.59635,0.47203,0.40221,-0.000473,-0.01447,-0.003754,-1302905105,68
6,0.01758,0.9814,-0.2017,0.2956,0.003815,0.06294,0.17465,0.22723,0.7403,0.60813,-0.0001984,0.001694,-0.002304,-1302595418,52
7,0,0,0,0,0,0,0,0,0,0,0,0,0,0,0
8,-0.00293,0.9663,-0.1772,0.05341,0.08392,0.1297,0.50743,0.60734,0.46877,0.3923,-0.003708,-0.01785,-1.526e-05,-1302635386,126
9,0.007813,0.9854,-0.1182,-0.227,-0.1297,-0.1736,0.44948,0.51565,0.54569,0.48404,-0.000824,-0.006454,0.009201,-1303398206,70
10,-0.01709,0.9707,-0.2261,-0.04387,0.06866,0.1488,0.60039,0.74789,0.22533,0.1715,-0.003036,-0.004639,-0.005829,-1303246720,68
11,0,0,0,0,0,0,0,0,0,0,0,0,0,0,0
12,0.006836,0.9722,-0.1714,0.1774,0.2613,-0.1106,7.2,-35.85,-1.95,0.60713,0.7182,0.2597,0.2194,-1303030042,98
13,-0.01221,0.05176,1.012,0.3681,-0.206,-0.2098,0.88837,0.019935,0.016695,0.45839,-0.0008087,0.001038,0.01308,43939553,98
14,0,0,0,0,0,0,0,0,0,0,0,0,0,0,0
15,-0.03174,0.02979,1.037,0.2232,0.2651,0.09918,-36.45,27.6,36.45,0.89412,0.0197,0.002569,-0.4474,-1439293609,108
16,0,0,0,0,0,0,0,0,0,0,0,0,0,0,0
17,0,0,0,0,0,0,0,0,0,0,0,0,0,0,0
18,0,0,0,0,0,0,0,0,0,0,0,0,0,0,0
1,0,0,0,0,0,0,0,0,0,0,0,0,0,0,0
2,0.004883,0.9575,-0.2544,-0.1106,0.2193,-0.1831,-2.1,-39,15.75,0.076979,0.09007,-0.7861,-0.6066,-1303135048,66
3,0,0,0,0,0,0,0,0,0,0,0,0,0,0,0
4,0,0,0,0,0,0,0,0,0,0,0,0,0,0,0
5,-0.005859,0.9795,-0.1514,0.1011,-0.1106,0.3815,0.5097,0.59634,0.47203,0.4022,-0.004364,-0.008118,0.005508,-1302855031,68
6,0.01221,0.9688,-0.1914,-0.2537,0.003815,0.001907,0.17398,0.22627,0.74057,0.60835,-0.005402,-0.01102,0.007874,-1302525537,52
7,0,0,0,0,0,0,0,0,0,0,0,0,0,0,0
8,0.004395,0.958,-0.1763,0.05341,-0.09918,0.06866,0.50762,0.60759,0.46845,0.39206,0.003571,-0.02615,0.0009613,-1302575874,126
9,0,0.9858,-0.1343,0.0782,-0.2518,-0.2346,0.44925,0.51544,0.54592,0.48422,-0.008652,-0.005966,-0.006851,-1303368203,70
10,-0.0127,0.9717,-0.2212,0.01717,0.007629,-0.09537,0.60052,0.74822,0.22446,0.17079,0.001312,-0.003616,-0.0007782,-1303114894,68
11,0,0,0,0,0,0,0,0,0,0,0,0,0,0,0
12,-0.007813,0.9639,-0.1592,-0.005722,0.1392,0.07248,6.15,-33.3,-3.9,0.60729,0.7182,0.2595,0.2191,-1302970231,98
13,-0.01221,0.05176,1.012,0.3681,-0.206,-0.2098,0.88837,0.019935,0.016695,0.45839,-0.0008087,0.001038,0.01308,43939553,98
14,0,0,0,0,0,0,0,0,0,0,0,0,0,0,0
15,-0.03174,0.02979,1.037,0.2232,0.2651,0.09918,-36.45,27.6,36.45,0.89412,0.0197,0.002569,-0.4474,-1439293609,108
16,0,0,0,0,0,0,0,0,0,0,0,0,0,0,0
17,0,0,0,0,0,0,0,0,0,0,0,0,0,0,0
18,0,0,0,0,0,0,0,0,0,0,0,0,0,0,0
1,0,0,0,0,0,0,0,0,0,0,0,0,0,0,0
2,0.004883,0.9575,-0.2544,-0.1106,0.2193,-0.1831,-2.1,-39,15.75,0.076979,0.09007,-0.7861,-0.6066,-1303135048,66
3,0,0,0,0,0,0,0,0,0,0,0,0,0,0,0
4,0,0,0,0,0,0,0,0,0,0,0,0,0,0,0
5,0.0004883,0.9707,-0.1636,0.1011,0.3166,0.07629,0.50969,0.59635,0.47203,0.4022,0.001968,-0.01691,-0.006653,-1302845212,68
6,0.009277,0.98,-0.2163,0.0515,0.003815,0.124,0.17303,0.22508,0.74089,0.60867,-0.008316,0.0001831,-0.01714,-1302465969,52
7,0,0,0,0,0,0,0,0,0,0,0,0,0,0,0
8,0.004395,0.958,-0.1763,0.05341,-0.09918,0.06866,0.50762,0.60759,0.46845,0.39206,0.003571,-0.02615,0.0009613,-1302575874,126
9,0,0.9858,-0.1343,0.0782,-0.2518,-0.2346,0.44925,0.51544,0.54592,0.48422,-0.008652,-0.005966,-0.006851,-1303368203,70
10,-0.0166,0.9697,-0.2124,-0.04387,0.1297,0.08774,0.60051,0.74822,0.22448,0.17079,-0.002563,-0.005569,0.008041,-1303097338,68
11,0,0,0,0,0,0,0,0,0,0,0,0,0,0,0
12,-0.007813,0.9639,-0.1592,-0.005722,0.1392,0.07248,6.15,-33.3,-3.9,0.60729,0.7182,0.2595,0.2191,-1302970231,98
13,-0.01221,0.05176,1.012,0.3681,-0.206,-0.2098,0.88837,0.019935,0.016695,0.45839,-0.0008087,0.001038,0.01308,43939553,98
14,0,0,0,0,0,0,0,0,0,0,0,0,0,0,0
15,-0.03174,0.02979,1.037,0.2232,0.2651,0.09918,-36.45,27.6,36.45,0.89412,0.0197,0.002569,-0.4474,-1439293609,108
16,0,0,0,0,0,0,0,0,0,0,0,0,0,0,0
17,0,0,0,0,0,0,0,0,0,0,0,0,0,0,0
18,0,0,0,0,0,0,0,0,0,0,0,0,0,0,0
1,0,0,0,0,0,0,0,0,0,0,0,0,0,0,0
2,0.01709,0.9629,-0.2583,-0.2918,-0.09155,-0.1087,-1.35,-38.25,15.75,0.076598,0.08965,-0.7862,-0.6067,-1303051887,66
3,0,0,0,0,0,0,0,0,0,0,0,0,0,0,0
4,0,0,0,0,0,0,0,0,0,0,0,0,0,0,0
5,0.0009766,0.9668,-0.1528,-0.1431,-0.2937,0.1373,0.50969,0.59635,0.47205,0.40219,0.002502,-0.02081,0.004089,-1302793331,68
6,0.003418,0.981,-0.1929,0.05913,-0.05531,-0.05341,0.17161,0.22335,0.74144,0.60904,-0.01416,0.001175,0.006378,-1302428360,52
7,0,0,0,0,0,0,0,0,0,0,0,0,0,0,0
8,-0.004395,0.9585,-0.1748,-0.007629,-0.2213,0.1907,0.50759,0.60757,0.46849,0.39207,-0.005203,-0.02567,0.002457,-1302565268,126
9,0.003418,0.9854,-0.1279,0.01717,0.05341,0.07057,0.44941,0.51558,0.54575,0.48412,-0.005249,-0.00647,-0.0006104,-1303276354,70
10,-0.008789,0.9707,-0.2183,-0.1049,-0.05341,0.08774,0.60051,0.7482,0.22451,0.17083,0.005234,-0.004593,0.002167,-1303076814,68
11,0,0,0,0,0,0,0,0,0,0,0,0,0,0,0
12,-0.006836,0.9727,-0.1748,-0.1888,-0.04387,0.1335,7.35,-34.95,-4.35,0.60722,0.7182,0.2595,0.2192,-1302930186,98
13,-0.01221,0.05176,1.012,0.3681,-0.206,-0.2098,0.88837,0.019935,0.016695,0.45839,-0.0008087,0.001038,0.01308,43939553,98
14,0,0,0,0,0,0,0,0,0,0,0,0,0,0,0
15,-0.03174,0.02979,1.037,0.2232,0.2651,0.09918,-36.45,27.6,36.45,0.89412,0.0197,0.002569,-0.4474,-1439293609,108
16,0,0,0,0,0,0,0,0,0,0,0,0,0,0,0
17,0,0,0,0,0,0,0,0,0,0,0,0,0,0,0
18,0,0,0,0,0,0,0,0,0,0,0,0,0,0,0
1,0,0,0,0,0,0,0,0,0,0,0,0,0,0,0
2,0.01172,0.9556,-0.248,-0.04768,-0.03052,-0.2918,-2.25,-39.45,15.15,0.076388,0.08947,-0.7862,-0.6067,-1302994894,66
3,0,0,0,0,0,0,0,0,0,0,0,0,0,0,0
4,0,0,0,0,0,0,0,0,0,0,0,0,0,0,0
5,-0.00293,0.9829,-0.1602,0.2232,-0.04959,0.07629,0.50966,0.59638,0.47202,0.40222,-0.001526,-0.004684,-0.003204,-1302755143,68
6,0.01465,0.981,-0.1929,0.3643,-0.1163,-0.05341,0.17347,0.22544,0.74084,0.60847,-0.00267,0.00119,0.006485,-1302278392,52
7,0,0,0,0,0,0,0,0,0,0,0,0,0,0,0
8,0.009277,0.9556,-0.1782,-0.007629,-0.09918,0.1297,0.50758,0.6076,0.46849,0.39206,0.008438,-0.02858,-0.0009003,-1302535895,126
9,0.003418,0.9854,-0.1279,0.01717,0.05341,0.07057,0.44941,0.51558,0.54575,0.48412,-0.005249,-0.00647,-0.0006104,-1303276354,70
10,-0.02441,0.9756,-0.2153,-0.349,-0.1755,-0.03433,0.60048,0.74811,0.22471,0.17102,-0.01042,0.0002747,0.00502,-1303045010,68
11,0,0,0,0,0,0,0,0,0,0,0,0,0,0,0
12,0.007813,0.9702,-0.1602,0.05531,0.01717,-0.1106,8.4,-33,-4.65,0.60725,0.7183,0.2594,0.2191,-1302910735,98
13,-0.01221,0.05176,1.012,0.3681,-0.206,-0.2098,0.88837,0.019935,0.016695,0.45839,-0.0008087,0.001038,0.01308,43939553,98
14,0,0,0,0,0,0,0,0,0,0,0,0,0,0,0
15,-0.03174,0.02979,1.037,0.2232,0.2651,0.09918,-36.45,27.6,36.45,0.89412,0.0197,0.002569,-0.4474,-1439293609,108
16,0,0,0,0,0,0,0,0,0,0,0,0,0,0,0
17,0,0,0,0,0,0,0,0,0,0,0,0,0,0,0
18,0,0,0,0,0,0,0,0,0,0,0,0,0,0,0
1,0,0,0,0,0,0,0,0,0,0,0,0,0,0,0
2,0.008301,0.9619,-0.2466,0.07439,-0.03052,0.01335,-1.65,-39,14.4,0.076475,0.08954,-0.7861,-0.6067,-1302981886,66
3,0,0,0,0,0,0,0,0,0,0,0,0,0,0,0
4,0,0,0,0,0,0,0,0,0,0,0,0,0,0,0
5,-0.00293,0.9829,-0.1602,0.2232,-0.04959,0.07629,0.50966,0.59638,0.47202,0.40222,-0.001526,-0.004684,-0.003204,-1302755143,68
6,0.01416,0.9878,-0.188,0.2422,0.1278,0.007629,0.17271,0.22453,0.7411,0.60871,-0.003204,0.008026,0.01131,-1302188963,52
7,0,0,0,0,0,0,0,0,0,0,0,0,0,0,0
8,0.0004883,0.9688,-0.1777,-0.007629,-0.03815,-0.1755,0.50732,0.60731,0.46891,0.39233,-0.0002594,-0.01538,-0.0003204,-1302445890,126
9,0.008789,0.9858,-0.1328,0.2613,0.2365,0.3147,0.44934,0.51548,0.54579,0.48424,6.104e-05,-0.005997,-0.0056,-1303238295,70
10,-0.01758,0.9839,-0.2266,0.01717,0.007629,-0.1564,0.60043,0.74804,0.22496,0.17122,-0.003586,0.008575,-0.00621,-1303026768,68
11,0,0,0,0,0,0,0,0,0,0,0,0,0,0,0
12,0.00293,0.9663,-0.168,0.1163,0.0782,0.01144,7.2,-34.35,-4.8,0.60717,0.7182,0.2595,0.2194,-1302880157,98
13,-0.01221,0.05176,1.012,0.3681,-0.206,-0.2098,0.88837,0.019935,0.016695,0.45839,-0.0008087,0.001038,0.01308,43939553,98
14,0,0,0,0,0,0,0,0,0,0,0,0,0,0,0
15,-0.03174,0.02979,1.037,0.2232,0.2651,0.09918,-36.45,27.6,36.45,0.89412,0.0197,0.002569,-0.4474,-1439293609,108
16,0,0,0,0,0,0,0,0,0,0,0,0,0,0,0
17,0,0,0,0,0,0,0,0,0,0,0,0,0,0,0
18,0,0,0,0,0,0,0,0,0,0,0,0,0,0,0
1,0,0,0,0,0,0,0,0,0,0,0,0,0,0,0
2,0.008301,0.9619,-0.2466,0.07439,-0.03052,0.01335,-1.65,-39,14.4,0.076475,0.08954,-0.7861,-0.6067,-1302981886,66
3,0,0,0,0,0,0,0,0,0,0,0,0,0,0,0
4,0,0,0,0,0,0,0,0,0,0,0,0,0,0,0
5,-0.001953,0.9834,-0.1475,0.04005,-0.1106,0.1373,0.50968,0.59636,0.47205,0.40218,-0.0004425,-0.004196,0.009491,-1302723282,68
6,0.02051,0.9644,-0.2021,-0.001907,-0.05531,-0.1755,0.17368,0.22572,0.74073,0.60844,0.003143,-0.01541,-0.002869,-1302128492,52
7,0,0,0,0,0,0,0,0,0,0,0,0,0,0,0
8,0.004883,0.9668,-0.1714,-0.06866,0.02289,0.06866,0.50724,0.60727,0.46896,0.39244,0.004013,-0.01733,0.006012,-1302415326,126
9,0.006348,0.9863,-0.1353,-0.04387,-0.06866,-0.0515,0.44925,0.51539,0.54589,0.48431,-0.00238,-0.005493,-0.008011,-1303228174,70
10,-0.02686,0.9717,-0.2227,-0.04387,-0.05341,0.2708,0.60045,0.74801,0.225,0.1712,-0.01277,-0.003647,-0.00235,-1303017289,68
11,0,0,0,0,0,0,0,0,0,0,0,0,0,0,0
12,0.001465,0.9595,-0.1655,-0.005722,-0.1659,-0.04959,6.6,-34.2,-3.9,0.60722,0.7183,0.2594,0.2192,-1302800217,98
13,-0.01221,0.05176,1.012,0.3681,-0.206,-0.2098,0.88837,0.019935,0.016695,0.45839,-0.0008087,0.001038,0.01308,43939553,98
14,0,0,0,0,0,0,0,0,0,0,0,0,0,0,0
15,-0.03174,0.02979,1.037,0.2232,0.2651,0.09918,-36.45,27.6,36.45,0.89412,0.0197,0.002569,-0.4474,-1439293609,108
16,0,0,0,0,0,0,0,0,0,0,0,0,0,0,0
17,0,0,0,0,0,0,0,0,0,0,0,0,0,0,0
18,0,0,0,0,0,0,0,0,0,0,0,0,0,0,0
1,0,0,0,0,0,0,0,0,0,0,0,0,0,0,0
2,0.01758,0.9663,-0.2554,-0.2308,0.03052,0.3185,-2.1,-39,15,0.07663,0.08971,-0.7861,-0.6067,-1302895599,66
3,0,0,0,0,0,0,0,0,0,0,0,0,0,0,0
4,0,0,0,0,0,0,0,0,0,0,0,0,0,0,0
5,-0.001953,0.979,-0.1631,-0.08202,0.07248,0.01526,0.50969,0.59635,0.47204,0.4022,-0.0004578,-0.008606,-0.006165,-1302695173,68
6,0.01855,0.9746,-0.2002,0.05913,-0.05531,-0.05341,0.17433,0.22647,0.74046,0.6083,0.001205,-0.005188,-0.001038,-1302038400,52
7,0,0,0,0,0,0,0,0,0,0,0,0,0,0,0
8,-0.01758,0.9697,-0.1768,-0.06866,-0.1602,0.007629,0.50696,0.60687,0.46948,0.39279,-0.0183,-0.0144,0.0006561,-1302418719,126
9,0.006348,0.9863,-0.1353,-0.04387,-0.06866,-0.0515,0.44925,0.51539,0.54589,0.48431,-0.00238,-0.005493,-0.008011,-1303228174,70
10,-0.01709,0.9697,-0.2212,0.0782,-0.1755,0.1488,0.60041,0.74792,0.22524,0.17144,-0.003052,-0.005615,-0.000946,-1302927340,68
11,0,0,0,0,0,0,0,0,0,0,0,0,0,0,0
12,0,0.9634,-0.1533,0.2384,-0.4711,-0.2327,7.35,-33.75,-3.9,0.60721,0.7183,0.2594,0.2192,-1302770051,98
13,-0.01221,0.05176,1.012,0.3681,-0.206,-0.2098,0.88837,0.019935,0.016695,0.45839,-0.0008087,0.001038,0.01308,43939553,98
14,0,0,0,0,0,0,0,0,0,0,0,0,0,0,0
15,-0.03174,0.02979,1.037,0.2232,0.2651,0.09918,-36.45,27.6,36.45,0.89412,0.0197,0.002569,-0.4474,-1439293609,108
16,0,0,0,0,0,0,0,0,0,0,0,0,0,0,0
17,0,0,0,0,0,0,0,0,0,0,0,0,0,0,0
18,0,0,0,0,0,0,0,0,0,0,0,0,0,0,0
1,0,0,0,0,0,0,0,0,0,0,0,0,0,0,0
2,0.01611,0.9473,-0.248,-0.1087,0.2136,0.01335,-1.05,-37.8,15,0.076323,0.08932,-0.7861,-0.6068,-1302854990,66
3,0,0,0,0,0,0,0,0,0,0,0,0,0,0,0
4,0,0,0,0,0,0,0,0,0,0,0,0,0,0,0
5,-0.007324,0.978,-0.1616,-0.02098,-0.1717,-0.1068,0.50967,0.59637,0.47212,0.4021,-0.005676,-0.009552,-0.004517,-1302605222,68
6,0.01807,0.9727,-0.1958,0.05913,0.1278,0.06866,0.1736,0.22565,0.7407,0.60853,0.0006256,-0.007156,0.003311,-1301956593,52
7,0,0,0,0,0,0,0,0,0,0,0,0,0,0,0
8,-0.003418,0.9653,-0.1733,0.2975,0.206,0.06866,0.50673,0.60674,0.46972,0.39301,-0.004272,-0.01877,0.004211,-1302348606,126
9,-0.002441,0.9893,-0.1235,-0.1049,-0.1907,0.3757,0.44916,0.51548,0.54586,0.48433,-0.0114,-0.002548,0.003845,-1303118240,70
10,-0.0127,0.9844,-0.209,-0.2747,0.1316,-0.09346,0.60044,0.74789,0.22521,0.17147,0.001282,0.009018,0.01115,-1302876738,68
11,0,0,0,0,0,0,0,0,0,0,0,0,0,0,0
12,-0.003418,0.9683,-0.1685,-0.07057,0.1926,-0.04959,5.7,-35.85,-3,0.60719,0.7184,0.2593,0.2191,-1302690099,98
13,-0.01221,0.05176,1.012,0.3681,-0.206,-0.2098,0.88837,0.019935,0.016695,0.45839,-0.0008087,0.001038,0.01308,43939553,98
14,0,0,0,0,0,0,0,0,0,0,0,0,0,0,0
15,-0.03174,0.02979,1.037,0.2232,0.2651,0.09918,-36.45,27.6,36.45,0.89412,0.0197,0.002569,-0.4474,-1439293609,108
16,0,0,0,0,0,0,0,0,0,0,0,0,0,0,0
17,0,0,0,0,0,0,0,0,0,0,0,0,0,0,0
18,0,0,0,0,0,0,0,0,0,0,0,0,0,0,0
1,0,0,0,0,0,0,0,0,0,0,0,0,0,0,0
2,0.007813,0.9585,-0.2471,-0.1087,0.2136,-0.536,-2.4,-38.25,15,0.076129,0.08903,-0.7861,-0.6069,-1302812890,66
3,0,0,0,0,0,0,0,0,0,0,0,0,0,0,0
4,0,0,0,0,0,0,0,0,0,0,0,0,0,0,0
5,0.006348,0.9873,-0.1563,-0.08202,0.07248,-0.04578,0.5097,0.59635,0.47218,0.40203,0.008194,-0.0002594,0.0009155,-1302545131,68
6,0.02344,0.9805,-0.2012,0.1812,-0.05531,-0.1755,0.17442,0.22666,0.74039,0.6083,0.005966,0.0006561,-0.00206,-1301888465,52
7,0,0,0,0,0,0,0,0,0,0,0,0,0,0,0
8,-0.001953,0.9678,-0.1772,0.2975,0.08392,-0.2975,0.50678,0.60678,0.46965,0.39297,-0.002823,-0.01634,0.0002594,-1302278483,126
9,0.0166,0.9849,-0.1138,0.01717,-0.1297,-0.2346,0.4487,0.51495,0.54626,0.48487,0.007462,-0.006973,0.01338,-1302988118,70
10,-0.02441,0.9849,-0.2246,0.09155,0.07057,-0.1545,0.60035,0.74789,0.22542,0.17155,-0.01035,0.009537,-0.004303,-1302757331,68
11,0,0,0,0,0,0,0,0,0,0,0,0,0,0,0
12,0.0004883,0.958,-0.1636,0.1736,0.1316,0.3166,5.55,-34.95,-1.8,0.60711,0.7183,0.2594,0.2194,-1302610148,98
13,-0.01221,0.05176,1.012,0.3681,-0.206,-0.2098,0.88837,0.019935,0.016695,0.45839,-0.0008087,0.001038,0.01308,43939553,98
14,0,0,0,0,0,0,0,0,0,0,0,0,0,0,0
15,-0.03174,0.02979,1.037,0.2232,0.2651,0.09918,-36.45,27.6,36.45,0.89412,0.0197,0.002569,-0.4474,-1439293609,108
16,0,0,0,0,0,0,0,0,0,0,0,0,0,0,0
17,0,0,0,0,0,0,0,0,0,0,0,0,0,0,0
18,0,0,0,0,0,0,0,0,0,0,0,0,0,0,0
1,0,0,0,0,0,0,0,0,0,0,0,0,0,0,0
2,0.01563,0.9526,-0.248,-0.1698,0.1526,0.01335,-1.5,-37.2,14.55,0.076255,0.08924,-0.7861,-0.6068,-1302784869,66
3,0,0,0,0,0,0,0,0,0,0,0,0,0,0,0
4,0,0,0,0,0,0,0,0,0,0,0,0,0,0,0
5,0.0004883,0.98,-0.1567,0.1011,0.2556,-0.1678,0.5097,0.59634,0.47217,0.40204,0.002319,-0.007584,0.0003967,-1302495722,68
6,0.02295,0.9819,-0.209,-0.06294,-0.05531,-0.2365,0.1744,0.22665,0.74042,0.60827,0.005478,0.002151,-0.009781,-1301818967,52
7,0,0,0,0,0,0,0,0,0,0,0,0,0,0,0
8,0.004883,0.96,-0.167,-0.2518,0.02289,0.007629,0.50678,0.60682,0.46961,0.39295,0.003967,-0.02414,0.01054,-1302189176,126
9,0.02197,0.9751,-0.1377,0.1392,-0.06866,-0.1736,0.44852,0.51479,0.54639,0.48506,0.0127,-0.01674,-0.0106,-1302878843,70
10,-0.02588,0.9888,-0.2266,-0.3357,0.1316,0.02861,0.60046,0.74795,0.22509,0.17131,-0.01183,0.01343,-0.006348,-1302717317,68
11,0,0,0,0,0,0,0,0,0,0,0,0,0,0,0
12,0.0009766,0.9775,-0.1641,-0.07057,-0.1736,0.07248,8.85,-33,-1.8,0.60694,0.7181,0.26,0.2199,-1302425658,98
13,-0.01221,0.05176,1.012,0.3681,-0.206,-0.2098,0.88837,0.019935,0.016695,0.45839,-0.0008087,0.001038,0.01308,43939553,98
14,0,0,0,0,0,0,0,0,0,0,0,0,0,0,0
15,-0.03174,0.02979,1.037,0.2232,0.2651,0.09918,-36.45,27.6,36.45,0.89412,0.0197,0.002569,-0.4474,-1439293609,108
16,0,0,0,0,0,0,0,0,0,0,0,0,0,0,0
17,0,0,0,0,0,0,0,0,0,0,0,0,0,0,0
18,0,0,0,0,0,0,0,0,0,0,0,0,0,0,0
1,0,0,0,0,0,0,0,0,0,0,0,0,0,0,0
2,0.008789,0.9683,-0.2432,-0.04768,0.1526,-0.04768,-1.2,-39.15,15.9,0.07623,0.0892,-0.7861,-0.6069,-1302771917,66
3,0,0,0,0,0,0,0,0,0,0,0,0,0,0,0
4,0,0,0,0,0,0,0,0,0,0,0,0,0,0,0
5,-0.005371,0.981,-0.1528,-0.2041,0.1335,0.01526,0.50979,0.59626,0.47224,0.40196,-0.00322,-0.006622,0.004257,-1302379736,68
6,0.01074,0.9834,-0.1968,0.05913,0.06676,0.2518,0.17518,0.22763,0.74011,0.60805,-0.006775,0.003601,0.002396,-1301736164,52
7,0,0,0,0,0,0,0,0,0,0,0,0,0,0,0
8,0.01367,0.9746,-0.1846,0.1755,0.02289,-0.1755,0.50644,0.60645,0.47017,0.39329,0.01288,-0.009476,-0.006866,-1302088555,126
9,-0.004883,0.9829,-0.1318,0.1392,0.05341,-0.1125,0.44854,0.51483,0.54634,0.48505,-0.01419,-0.008926,-0.004745,-1302818270,70
10,-0.01367,0.9702,-0.2261,0.2136,-0.1125,0.08965,0.60061,0.7482,0.22437,0.17063,0.0005188,-0.005112,-0.005783,-1302597341,68
11,0,0,0,0,0,0,0,0,0,0,0,0,0,0,0
12,0.01025,0.9741,-0.1768,0.1736,-0.1125,0.2556,6.75,-32.4,-2.25,0.60704,0.7184,0.2595,0.2193,-1302245577,98
13,-0.01221,0.05176,1.012,0.3681,-0.206,-0.2098,0.88837,0.019935,0.016695,0.45839,-0.0008087,0.001038,0.01308,43939553,98
14,0,0,0,0,0,0,0,0,0,0,0,0,0,0,0
15,-0.03174,0.02979,1.037,0.2232,0.2651,0.09918,-36.45,27.6,36.45,0.89412,0.0197,0.002569,-0.4474,-1439293609,108
16,0,0,0,0,0,0,0,0,0,0,0,0,0,0,0
17,0,0,0,0,0,0,0,0,0,0,0,0,0,0,0
18,0,0,0,0,0,0,0,0,0,0,0,0,0,0,0
1,0,0,0,0,0,0,0,0,0,0,0,0,0,0,0
2,-0.005371,0.9438,-0.2603,0.01335,-0.03052,0.1354,-1.35,-37.05,15.75,0.076189,0.08909,-0.7862,-0.6068,-1302701786,66
3,0,0,0,0,0,0,0,0,0,0,0,0,0,0,0
4,0,0,0,0,0,0,0,0,0,0,0,0,0,0,0
5,0.0004883,0.9707,-0.147,-0.3262,0.2556,0.01526,0.50971,0.59633,0.47217,0.40204,0.00235,-0.01686,0.01015,-1302039710,68
6,0.01563,0.9712,-0.2114,-0.001907,0.005722,-0.05341,0.17496,0.22727,0.74021,0.60814,-0.001785,-0.008606,-0.0123,-1301656739,52
7,0,0,0,0,0,0,0,0,0,0,0,0,0,0,0
8,0.005859,0.9673,-0.1748,-0.06866,0.02289,0.06866,0.50647,0.60638,0.47017,0.39336,0.005066,-0.01683,0.002701,-1301968714,126
9,0.008301,0.9795,-0.1235,0.1392,-0.007629,-0.1125,0.44791,0.51428,0.54697,0.4855,-0.001083,-0.01231,0.003784,-1302688270,70
10,-0.006348,0.9658,-0.2236,0.03052,0.07057,0.1507,0.60051,0.74801,0.22489,0.17117,0.007675,-0.009537,-0.003448,-1302415045,68
11,0,0,0,0,0,0,0,0,0,0,0,0,0,0,0
12,0.009277,0.9702,-0.1504,0.2956,0.1316,-0.1717,7.95,-33.9,-2.25,0.60707,0.7185,0.2593,0.2192,-1302215663,98
13,-0.01221,0.05176,1.012,0.3681,-0.206,-0.2098,0.88837,0.019935,0.016695,0.45839,-0.0008087,0.001038,0.01308,43939553,98
14,0,0,0,0,0,0,0,0,0,0,0,0,0,0,0
15,-0.03174,0.02979,1.037,0.2232,0.2651,0.09918,-36.45,27.6,36.45,0.89412,0.0197,0.002569,-0.4474,-1439293609,108
16,0,0,0,0,0,0,0,0,0,0,0,0,0,0,0
17,0,0,0,0,0,0,0,0,0,0,0,0,0,0,0
18,0,0,0,0,0,0,0,0,0,0,0,0,0,0,0
1,0,0,0,0,0,0,0,0,0,0,0,0,0,0,0
2,0.01465,0.9668,-0.249,-0.1087,0.03052,-0.2308,-2.25,-39.15,14.55,0.076181,0.08914,-0.7861,-0.6068,-1302659834,66
3,0,0,0,0,0,0,0,0,0,0,0,0,0,0,0
4,0,0,0,0,0,0,0,0,0,0,0,0,0,0,0
5,-0.01074,0.9658,-0.1621,-0.02098,0.2556,-0.04578,0.50967,0.59636,0.47212,0.4021,-0.009079,-0.02176,-0.005005,-1301959722,68
6,0.02295,0.9741,-0.2036,-0.001907,0.06676,-0.2365,0.17485,0.22721,0.74025,0.60814,0.005478,-0.005661,-0.00441,-1301586603,52
7,0,0,0,0,0,0,0,0,0,0,0,0,0,0,0
8,0.002441,0.9648,-0.1738,0.2365,0.08392,0.06866,0.50669,0.60675,0.46974,0.39301,0.001556,-0.01924,0.003799,-1301809177,126
9,0.005859,0.9775,-0.1206,0.01717,0.1144,-0.0515,0.44797,0.51442,0.54683,0.48545,-0.003662,-0.01427,0.006714,-1302588800,70
10,-0.006348,0.9658,-0.2236,0.03052,0.07057,0.1507,0.60051,0.74801,0.22489,0.17117,0.007675,-0.009537,-0.003448,-1302415045,68
11,0,0,0,0,0,0,0,0,0,0,0,0,0,0,0
12,-0.003906,0.9678,-0.1704,0.0515,-0.1125,0.1335,7.5,-35.55,-2.7,0.60704,0.7185,0.2593,0.2191,-1302045731,98
13,-0.01221,0.05176,1.012,0.3681,-0.206,-0.2098,0.88837,0.019935,0.016695,0.45839,-0.0008087,0.001038,0.01308,43939553,98
14,0,0,0,0,0,0,0,0,0,0,0,0,0,0,0
15,-0.03174,0.02979,1.037,0.2232,0.2651,0.09918,-36.45,27.6,36.45,0.89412,0.0197,0.002569,-0.4474,-1439293609,108
16,0,0,0,0,0,0,0,0,0,0,0,0,0,0,0
17,0,0,0,0,0,0,0,0,0,0,0,0,0,0,0
18,0,0,0,0,0,0,0,0,0,0,0,0,0,0,0
1,0,0,0,0,0,0,0,0,0,0,0,0,0,0,0
2,0.001953,0.9468,-0.2485,-0.04768,-0.03052,0.01335,-1.35,-38.55,13.95,0.075998,0.08891,-0.7862,-0.6068,-1302504929,66
3,0,0,0,0,0,0,0,0,0,0,0,0,0,0,0
4,0,0,0,0,0,0,0,0,0,0,0,0,0,0,0
5,0.007813,0.9844,-0.147,0.04005,-0.1106,-0.1068,0.50967,0.59637,0.47208,0.40214,0.009384,-0.003204,0.01007,-1301930332,68
6,0.021,0.9717,-0.2065,-0.185,0.005722,0.06866,0.17435,0.22655,0.74051,0.60821,0.003632,-0.008072,-0.007187,-1301506644,52
7,0,0,0,0,0,0,0,0,0,0,0,0,0,0,0
8,0.006836,0.9648,-0.1807,-0.007629,-0.2213,0.3128,0.50624,0.60611,0.47045,0.39373,0.00589,-0.01929,-0.00325,-1301689161,126
9,0.007813,0.98,-0.1294,0.1812,0.1144,-0.04959,0.44766,0.51402,0.54721,0.48574,-0.001617,-0.01183,-0.002075,-1302436349,70
10,-0.01514,0.9771,-0.2192,-0.09155,-0.1125,0.08965,0.60052,0.74807,0.22472,0.17107,-0.001175,0.001709,0.0009766,-1302430792,68
11,0,0,0,0,0,0,0,0,0,0,0,0,0,0,0
12,0.001953,0.9668,-0.166,-0.1926,-0.1736,0.2556,7.2,-35.55,-3.45,0.60709,0.7186,0.2591,0.219,-1302016211,98
13,-0.01221,0.05176,1.012,0.3681,-0.206,-0.2098,0.88837,0.019935,0.016695,0.45839,-0.0008087,0.001038,0.01308,43939553,98
14,0,0,0,0,0,0,0,0,0,0,0,0,0,0,0
15,-0.03174,0.02979,1.037,0.2232,0.2651,0.09918,-36.45,27.6,36.45,0.89412,0.0197,0.002569,-0.4474,-1439293609,108
16,0,0,0,0,0,0,0,0,0,0,0,0,0,0,0
17,0,0,0,0,0,0,0,0,0,0,0,0,0,0,0
18,0,0,0,0,0,0,0,0,0,0,0,0,0,0,0
1,0,0,0,0,0,0,0,0,0,0,0,0,0,0,0
2,0.008789,0.9507,-0.2466,0.1354,-0.1526,0.1965,-1.5,-37.65,15.15,0.075955,0.0889,-0.7862,-0.6068,-1302491832,66
3,0,0,0,0,0,0,0,0,0,0,0,0,0,0,0
4,0,0,0,0,0,0,0,0,0,0,0,0,0,0,0
5,-0.008301,0.9678,-0.1523,-0.1431,0.07248,-0.1068,0.50963,0.5964,0.47208,0.40215,-0.006805,-0.01979,0.004776,-1301829638,68
6,0.01709,0.9736,-0.2061,-0.185,0.1888,-0.1144,0.17425,0.2264,0.74052,0.60828,-0.0002747,-0.006134,-0.006775,-1301436709,52
7,0,0,0,0,0,0,0,0,0,0,0,0,0,0,0
8,0.01123,0.9507,-0.1782,0.1755,0.02289,-0.1144,0.50639,0.60625,0.47025,0.39355,0.01031,-0.03345,-0.0008545,-1301578699,126
9,0.008301,0.9995,-0.127,0.1812,0.2365,-0.04959,0.44754,0.51379,0.5475,0.48577,-0.0008087,0.007721,0.0005341,-1301999264,70
10,-0.02246,0.9702,-0.2344,0.2136,0.2537,0.3948,0.60042,0.74794,0.22513,0.17144,-0.00856,-0.005127,-0.01418,-1302390832,68
11,0,0,0,0,0,0,0,0,0,0,0,0,0,0,0
12,0.008789,0.9775,-0.1646,0.1125,-0.2956,0.1945,8.1,-34.5,-3.6,0.60696,0.7187,0.2591,0.2191,-1301925628,98
13,-0.01221,0.05176,1.012,0.3681,-0.206,-0.2098,0.88837,0.019935,0.016695,0.45839,-0.0008087,0.001038,0.01308,43939553,98
14,0,0,0,0,0,0,0,0,0,0,0,0,0,0,0
15,-0.03174,0.02979,1.037,0.2232,0.2651,0.09918,-36.45,27.6,36.45,0.89412,0.0197,0.002569,-0.4474,-1439293609,108
16,0,0,0,0,0,0,0,0,0,0,0,0,0,0,0
17,0,0,0,0,0,0,0,0,0,0,0,0,0,0,0
18,0,0,0,0,0,0,0,0,0,0,0,0,0,0,0
1,0,0,0,0,0,0,0,0,0,0,0,0,0,0,0
2,0.02002,0.9536,-0.2578,0.01335,-0.03052,0.1965,-1.05,-37.8,15.45,0.075585,0.08829,-0.7863,-0.6068,-1302271484,66
3,0,0,0,0,0,0,0,0,0,0,0,0,0,0,0
4,0,0,0,0,0,0,0,0,0,0,0,0,0,0,0
5,0.01318,0.9663,-0.1543,-0.02098,-0.1106,0.1984,0.50959,0.59643,0.47207,0.40216,0.01459,-0.02126,0.002884,-1301789806,68
6,0.01367,0.98,-0.2061,-0.06294,-0.1774,-0.2365,0.17475,0.22707,0.74036,0.60809,-0.003723,0.0002289,-0.006653,-1301366706,52
7,0,0,0,0,0,0,0,0,0,0,0,0,0,0,0
8,0.00293,0.9614,-0.1724,0.1755,-0.09918,0.007629,0.50644,0.60649,0.47013,0.39328,0.00209,-0.02264,0.005356,-1301429177,126
9,0.01709,0.9897,-0.124,0.3643,-0.007629,-0.1106,0.4476,0.51382,0.54742,0.48577,0.00795,-0.00206,0.003342,-1301929658,70
10,-0.008789,0.9805,-0.2295,-0.09155,0.1316,-0.03242,0.60045,0.74803,0.22489,0.17125,0.005096,0.005127,-0.009232,-1302291416,68
11,0,0,0,0,0,0,0,0,0,0,0,0,0,0,0
12,-0.004395,0.9819,-0.1616,0.1125,0.2537,-0.1106,6,-33.9,-3.45,0.60696,0.7186,0.2592,0.2192,-1301856148,98
13,-0.01221,0.05176,1.012,0.3681,-0.206,-0.2098,0.88837,0.019935,0.016695,0.45839,-0.0008087,0.001038,0.01308,43939553,98
14,0,0,0,0,0,0,0,0,0,0,0,0,0,0,0
15,-0.03174,0.02979,1.037,0.2232,0.2651,0.09918,-36.45,27.6,36.45,0.89412,0.0197,0.002569,-0.4474,-1439293609,108
16,0,0,0,0,0,0,0,0,0,0,0,0,0,0,0
17,0,0,0,0,0,0,0,0,0,0,0,0,0,0,0
18,0,0,0,0,0,0,0,0,0,0,0,0,0,0,0
1,0,0,0,0,0,0,0,0,0,0,0,0,0,0,0
2,0.01611,0.9644,-0.2451,0.01335,0.09155,-0.1698,-1.65,-38.55,15.75,0.075861,0.0886,-0.7863,-0.6068,-1302244292,66
3,0,0,0,0,0,0,0,0,0,0,0,0,0,0,0
4,0,0,0,0,0,0,0,0,0,0,0,0,0,0,0
5,-0.005859,0.978,-0.1538,0.1011,0.1335,0.07629,0.5096,0.59643,0.4721,0.40213,-0.004364,-0.009537,0.003403,-1301729705,68
6,0.02246,0.9751,-0.1968,-0.001907,0.06676,-0.05341,0.1749,0.22721,0.74029,0.60808,0.005096,-0.004669,0.002533,-1301286747,52
7,0,0,0,0,0,0,0,0,0,0,0,0,0,0,0
8,0.009766,0.957,-0.1714,-0.1297,-0.03815,-0.2975,0.5065,0.60664,0.46995,0.39318,0.008789,-0.02704,0.006363,-1301358622,126
9,0.01953,0.9897,-0.1274,0.1812,0.1755,-0.04959,0.44753,0.51375,0.54747,0.48586,0.01033,-0.00206,-0.0001221,-1301909299,70
10,-0.01611,0.978,-0.2197,-0.09155,-0.0515,0.02861,0.60058,0.74797,0.22487,0.17111,-0.001984,0.002655,0.0003204,-1302069122,68
11,0,0,0,0,0,0,0,0,0,0,0,0,0,0,0
12,-0.0009766,0.9727,-0.167,-0.1316,0.1316,0.01144,6,-33.9,-2.7,0.60682,0.7185,0.2595,0.2194,-1301715631,98
13,-0.01221,0.05176,1.012,0.3681,-0.206,-0.2098,0.88837,0.019935,0.016695,0.45839,-0.0008087,0.001038,0.01308,43939553,98
14,0,0,0,0,0,0,0,0,0,0,0,0,0,0,0
15,-0.03174,0.02979,1.037,0.2232,0.2651,0.09918,-36.45,27.6,36.45,0.89412,0.0197,0.002569,-0.4474,-1439293609,108
16,0,0,0,0,0,0,0,0,0,0,0,0,0,0,0
17,0,0,0,0,0,0,0,0,0,0,0,0,0,0,0
18,0,0,0,0,0,0,0,0,0,0,0,0,0,0,0
1,0,0,0,0,0,0,0,0,0,0,0,0,0,0,0
2,0.008789,0.9502,-0.2456,-0.2918,0.1526,-0.04768,-1.95,-39.15,14.85,0.0759,0.08857,-0.7863,-0.6068,-1302159330,66
3,0,0,0,0,0,0,0,0,0,0,0,0,0,0,0
4,0,0,0,0,0,0,0,0,0,0,0,0,0,0,0
5,-0.0009766,0.9775,-0.1621,-0.02098,-0.1106,0.01526,0.50957,0.59645,0.4721,0.40212,0.0004883,-0.01001,-0.004822,-1301689770,68
6,0.02148,0.9854,-0.2051,-0.001907,-0.05531,-0.1144,0.17495,0.22741,0.74026,0.60802,0.003967,0.005615,-0.005646,-1301208464,52
7,0,0,0,0,0,0,0,0,0,0,0,0,0,0,0
8,-0.001953,0.9688,-0.168,-0.06866,0.267,0.06866,0.50652,0.60653,0.47001,0.39327,-0.002869,-0.01535,0.009598,-1301288714,126
9,0.01318,0.9771,-0.1265,-0.001907,-0.06866,-0.2327,0.44789,0.51418,0.54711,0.48547,0.004044,-0.01476,0.0009613,-1301779280,70
10,-0.01953,0.978,-0.2158,0.03052,-0.0515,0.08965,0.60068,0.74808,0.22451,0.17077,-0.00531,0.002655,0.004227,-1301991459,68
11,0,0,0,0,0,0,0,0,0,0,0,0,0,0,0
12,0.0004883,0.9736,-0.1724,0.1125,0.2537,-0.2937,7.35,-36,-2.85,0.60704,0.7188,0.2587,0.2187,-1301625731,98
13,-0.01221,0.05176,1.012,0.3681,-0.206,-0.2098,0.88837,0.019935,0.016695,0.45839,-0.0008087,0.001038,0.01308,43939553,98
14,0,0,0,0,0,0,0,0,0,0,0,0,0,0,0
15,-0.03174,0.02979,1.037,0.2232,0.2651,0.09918,-36.45,27.6,36.45,0.89412,0.0197,0.002569,-0.4474,-1439293609,108
16,0,0,0,0,0,0,0,0,0,0,0,0,0,0,0
17,0,0,0,0,0,0,0,0,0,0,0,0,0,0,0
18,0,0,0,0,0,0,0,0,0,0,0,0,0,0,0
1,0,0,0,0,0,0,0,0,0,0,0,0,0,0,0
2,0.01318,0.9604,-0.2485,0.1354,0.09155,0.2575,-2.25,-37.95,15.6,0.075456,0.08799,-0.7863,-0.6068,-1301977310,66
3,0,0,0,0,0,0,0,0,0,0,0,0,0,0,0
4,0,0,0,0,0,0,0,0,0,0,0,0,0,0,0
5,-0.01416,0.979,-0.1626,-0.2041,-0.04959,0.07629,0.50957,0.59645,0.47212,0.4021,-0.01265,-0.00853,-0.00528,-1301609826,68
6,0.02344,0.9727,-0.2065,-0.06294,-0.1163,-0.05341,0.17517,0.22766,0.74026,0.60787,0.005997,-0.00705,-0.006912,-1301138367,52
7,0,0,0,0,0,0,0,0,0,0,0,0,0,0,0
8,-0.00293,0.9561,-0.1836,0.1144,0.08392,-0.2365,0.50658,0.60666,0.46988,0.39313,-0.003845,-0.02803,-0.005936,-1301198621,126
9,0.001465,0.9844,-0.1284,0.05913,0.1755,-0.04959,0.44807,0.51448,0.54688,0.48525,-0.007751,-0.007401,-0.0008698,-1301657322,70
10,-0.02148,0.98,-0.2266,0.1526,0.1926,0.08965,0.60077,0.74814,0.22425,0.1705,-0.007156,0.004593,-0.006546,-1301951457,68
11,0,0,0,0,0,0,0,0,0,0,0,0,0,0,0
12,0.0004883,0.9736,-0.145,0.0515,-0.1736,0.07248,6.9,-33.75,-2.85,0.60714,0.7189,0.2585,0.2185,-1301585691,98
13,-0.01221,0.05176,1.012,0.3681,-0.206,-0.2098,0.88837,0.019935,0.016695,0.45839,-0.0008087,0.001038,0.01308,43939553,98
14,0,0,0,0,0,0,0,0,0,0,0,0,0,0,0
15,-0.03174,0.02979,1.037,0.2232,0.2651,0.09918,-36.45,27.6,36.45,0.89412,0.0197,0.002569,-0.4474,-1439293609,108
16,0,0,0,0,0,0,0,0,0,0,0,0,0,0,0
17,0,0,0,0,0,0,0,0,0,0,0,0,0,0,0
18,0,0,0,0,0,0,0,0,0,0,0,0,0,0,0
1,0,0,0,0,0,0,0,0,0,0,0,0,0,0,0
2,0.007813,0.9536,-0.2466,-0.04768,-0.1526,-0.2918,-1.35,-38.25,15,0.074893,0.08719,-0.7864,-0.6069,-1301835930,66
3,0,0,0,0,0,0,0,0,0,0,0,0,0,0,0
4,0,0,0,0,0,0,0,0,0,0,0,0,0,0,0
5,-0.004883,0.9771,-0.1709,-0.02098,0.1945,0.07629,0.50954,0.59648,0.47216,0.40206,-0.003357,-0.01047,-0.01344,-1301557992,68
6,0.007813,0.9727,-0.1934,-0.246,0.005722,0.007629,0.17474,0.22712,0.74042,0.608,-0.009613,-0.00705,0.006256,-1301066740,52
7,0,0,0,0,0,0,0,0,0,0,0,0,0,0,0
8,0.002441,0.9692,-0.1738,0.2365,0.206,-0.05341,0.50676,0.60687,0.46959,0.39293,0.00148,-0.01486,0.003784,-1301116860,126
9,0.004883,0.9932,-0.1304,0.2422,0.1755,0.01144,0.44833,0.51464,0.54669,0.48505,-0.004166,0.001373,-0.002914,-1301619272,70
10,-0.008789,0.9551,-0.2217,-0.1526,0.2537,-0.09346,0.60075,0.74815,0.22427,0.17052,0.005524,-0.02029,-0.001633,-1301940957,68
11,0,0,0,0,0,0,0,0,0,0,0,0,0,0,0
12,0.004883,0.9536,-0.1572,-0.07057,0.07057,0.01144,8.4,-33.3,-3.15,0.6071,0.7188,0.2587,0.2187,-1301463979,98
13,-0.01221,0.05176,1.012,0.3681,-0.206,-0.2098,0.88837,0.019935,0.016695,0.45839,-0.0008087,0.001038,0.01308,43939553,98
14,0,0,0,0,0,0,0,0,0,0,0,0,0,0,0
15,-0.03174,0.02979,1.037,0.2232,0.2651,0.09918,-36.45,27.6,36.45,0.89412,0.0197,0.002569,-0.4474,-1439293609,108
16,0,0,0,0,0,0,0,0,0,0,0,0,0,0,0
17,0,0,0,0,0,0,0,0,0,0,0,0,0,0,0
18,0,0,0,0,0,0,0,0,0,0,0,0,0,0,0
1,0,0,0,0,0,0,0,0,0,0,0,0,0,0,0
2,0.008301,0.9585,-0.2544,-0.2918,0.2747,0.07439,-1.65,-36.3,13.95,0.07455,0.0867,-0.7865,-0.6069,-1301684332,66
3,0,0,0,0,0,0,0,0,0,0,0,0,0,0,0
4,0,0,0,0,0,0,0,0,0,0,0,0,0,0,0
5,0.0009766,0.9712,-0.1523,0.1621,0.01335,0.124,0.50964,0.5964,0.47213,0.40209,0.002594,-0.01637,0.004852,-1301350387,68
6,0.02295,0.9741,-0.2163,-0.001907,0.1888,0.06866,0.1743,0.22661,0.74062,0.60807,0.005539,-0.005554,-0.01657,-1300988941,52
7,0,0,0,0,0,0,0,0,0,0,0,0,0,0,0
8,0.003906,0.9536,-0.1675,0.2365,0.02289,-0.05341,0.5069,0.60701,0.46941,0.39275,0.002991,-0.03049,0.01013,-1301046930,126
9,0,0.9824,-0.1348,-0.124,-0.06866,0.1945,0.44818,0.51459,0.5468,0.48512,-0.00914,-0.009354,-0.007172,-1301517423,70
10,-0.008789,0.9551,-0.2217,-0.1526,0.2537,-0.09346,0.60075,0.74815,0.22427,0.17052,0.005524,-0.02029,-0.001633,-1301940957,68
11,0,0,0,0,0,0,0,0,0,0,0,0,0,0,0
12,-0.004883,0.9634,-0.1675,0.1125,0.1926,-0.3548,8.1,-34.5,-3.6,0.60715,0.7189,0.2585,0.2185,-1301405610,98
13,-0.01221,0.05176,1.012,0.3681,-0.206,-0.2098,0.88837,0.019935,0.016695,0.45839,-0.0008087,0.001038,0.01308,43939553,98
14,0,0,0,0,0,0,0,0,0,0,0,0,0,0,0
15,-0.03174,0.02979,1.037,0.2232,0.2651,0.09918,-36.45,27.6,36.45,0.89412,0.0197,0.002569,-0.4474,-1439293609,108
16,0,0,0,0,0,0,0,0,0,0,0,0,0,0,0
17,0,0,0,0,0,0,0,0,0,0,0,0,0,0,0
18,0,0,0,0,0,0,0,0,0,0,0,0,0,0,0
1,0,0,0,0,0,0,0,0,0,0,0,0,0,0,0
2,0.01855,0.959,-0.252,-0.2308,0.2136,0.3185,-2.4,-39.3,15.45,0.074941,0.08721,-0.7865,-0.6068,-1301516375,66
3,0,0,0,0,0,0,0,0,0,0,0,0,0,0,0
4,0,0,0,0,0,0,0,0,0,0,0,0,0,0,0
5,0.0004883,0.9746,-0.1587,0.2232,-0.1698,0.06294,0.50971,0.59633,0.47208,0.40214,0.002136,-0.01299,-0.00174,-1301229734,68
6,0.02637,0.9873,-0.2007,-0.06294,0.1888,-0.05341,0.17373,0.22575,0.74082,0.60831,0.009125,0.007584,-0.001114,-1300908935,52
7,0,0,0,0,0,0,0,0,0,0,0,0,0,0,0
8,-0.00293,0.9565,-0.1709,-0.007629,0.206,-0.1755,0.50663,0.60674,0.46974,0.39311,-0.003983,-0.02756,0.006699,-1300988569,126
9,0.0166,0.9863,-0.1216,0.5474,0.05341,-0.1106,0.44799,0.5144,0.54695,0.48532,0.007355,-0.005463,0.005951,-1301447218,70
10,-0.01367,0.9756,-0.2104,-0.2747,-0.1125,0.1507,0.6007,0.74804,0.22457,0.17075,0.0006714,0.0001984,0.009552,-1301871369,68
11,0,0,0,0,0,0,0,0,0,0,0,0,0,0,0
12,-0.01221,0.9634,-0.1694,0.0515,0.07057,0.07248,7.2,-34.35,-2.25,0.60717,0.7189,0.2586,0.2184,-1301346217,98
13,-0.01221,0.05176,1.012,0.3681,-0.206,-0.2098,0.88837,0.019935,0.016695,0.45839,-0.0008087,0.001038,0.01308,43939553,98
14,0,0,0,0,0,0,0,0,0,0,0,0,0,0,0
15,-0.03174,0.02979,1.037,0.2232,0.2651,0.09918,-36.45,27.6,36.45,0.89412,0.0197,0.002569,-0.4474,-1439293609,108
16,0,0,0,0,0,0,0,0,0,0,0,0,0,0,0
17,0,0,0,0,0,0,0,0,0,0,0,0,0,0,0
18,0,0,0,0,0,0,0,0,0,0,0,0,0,0,0
1,0,0,0,0,0,0,0,0,0,0,0,0,0,0,0
2,-0.0009766,0.9585,-0.2422,-0.2308,-0.09155,-0.1698,-1.2,-39.15,15.15,0.074807,0.0872,-0.7865,-0.6069,-1301389410,66
3,0,0,0,0,0,0,0,0,0,0,0,0,0,0,0
4,0,0,0,0,0,0,0,0,0,0,0,0,0,0,0
5,-0.0009766,0.9717,-0.1626,0.04005,0.2575,-0.05913,0.50972,0.59633,0.4721,0.40213,0.0007172,-0.01591,-0.00563,-1301149678,68
6,0.01904,0.9741,-0.1968,-0.246,-0.2995,-0.4807,0.17356,0.22544,0.74091,0.60836,0.001923,-0.0056,0.002792,-1300838455,52
7,0,0,0,0,0,0,0,0,0,0,0,0,0,0,0
8,0.0009766,0.959,-0.1685,-0.1907,0.02289,0.1907,0.50682,0.60694,0.46949,0.39284,1.526e-05,-0.0251,0.009155,-1300929115,126
9,0.002441,0.9829,-0.1255,0.1812,0.1144,0.2556,0.44841,0.51475,0.54661,0.48495,-0.006592,-0.008881,0.002029,-1301359362,70
10,-0.0249,0.9629,-0.2227,-0.09155,-0.1125,-0.09346,0.60083,0.74811,0.22421,0.1705,-0.01057,-0.01253,-0.002792,-1301760986,68
11,0,0,0,0,0,0,0,0,0,0,0,0,0,0,0
12,-0.008301,0.9648,-0.1577,0.1125,-0.2346,-0.3548,9.3,-33.9,-3.45,0.60707,0.7189,0.2587,0.2185,-1301285736,98
13,-0.01221,0.05176,1.012,0.3681,-0.206,-0.2098,0.88837,0.019935,0.016695,0.45839,-0.0008087,0.001038,0.01308,43939553,98
14,0,0,0,0,0,0,0,0,0,0,0,0,0,0,0
15,-0.03174,0.02979,1.037,0.2232,0.2651,0.09918,-36.45,27.6,36.45,0.89412,0.0197,0.002569,-0.4474,-1439293609,108
16,0,0,0,0,0,0,0,0,0,0,0,0,0,0,0
17,0,0,0,0,0,0,0,0,0,0,0,0,0,0,0
18,0,0,0,0,0,0,0,0,0,0,0,0,0,0,0
1,0,0,0,0,0,0,0,0,0,0,0,0,0,0,0
2,0.005371,0.9575,-0.2563,-0.1087,0.03052,0.01335,-1.5,-38.7,14.85,0.074228,0.08649,-0.7866,-0.6069,-1301278345,66
3,0,0,0,0,0,0,0,0,0,0,0,0,0,0,0
4,0,0,0,0,0,0,0,0,0,0,0,0,0,0,0
5,-0.009766,0.9746,-0.1509,0.1011,-0.1087,-0.3643,0.50971,0.59633,0.47207,0.40216,-0.008148,-0.01299,0.006058,-1301079824,68
6,0.01172,0.9697,-0.2036,0.1812,-0.1163,0.1907,0.17441,0.22643,0.74068,0.60804,-0.00528,-0.009949,-0.00386,-1300768363,52
7,0,0,0,0,0,0,0,0,0,0,0,0,0,0,0
8,-0.004395,0.9556,-0.1753,0.1144,-0.1602,0.007629,0.50702,0.60732,0.46911,0.39247,-0.005402,-0.02849,0.002518,-1300818719,126
9,0,0.9766,-0.1182,-0.124,0.1755,0.1335,0.44858,0.51487,0.54648,0.48481,-0.008942,-0.01523,0.009323,-1301289091,70
10,-0.01904,0.9717,-0.2173,-0.2136,-0.0515,-0.09346,0.60081,0.74811,0.22421,0.17053,-0.004776,-0.003738,0.002609,-1301741372,68
11,0,0,0,0,0,0,0,0,0,0,0,0,0,0,0
12,0.002441,0.9663,-0.1641,-0.1926,0.07057,-0.04959,7.65,-35.25,-2.55,0.60694,0.7188,0.2591,0.2188,-1301245628,98
13,-0.01221,0.05176,1.012,0.3681,-0.206,-0.2098,0.88837,0.019935,0.016695,0.45839,-0.0008087,0.001038,0.01308,43939553,98
14,0,0,0,0,0,0,0,0,0,0,0,0,0,0,0
15,-0.03174,0.02979,1.037,0.2232,0.2651,0.09918,-36.45,27.6,36.45,0.89412,0.0197,0.002569,-0.4474,-1439293609,108
16,0,0,0,0,0,0,0,0,0,0,0,0,0,0,0
17,0,0,0,0,0,0,0,0,0,0,0,0,0,0,0
18,0,0,0,0,0,0,0,0,0,0,0,0,0,0,0
1,0,0,0,0,0,0,0,0,0,0,0,0,0,0,0
2,0.01465,0.9448,-0.2539,-0.04768,-0.09155,0.07439,-1.95,-37.95,15.6,0.074379,0.08677,-0.7865,-0.6069,-1301151486,66
3,0,0,0,0,0,0,0,0,0,0,0,0,0,0,0
4,0,0,0,0,0,0,0,0,0,0,0,0,0,0,0
5,-0.005859,0.979,-0.1606,0.1621,-0.04768,0.185,0.50973,0.59631,0.47203,0.40221,-0.004318,-0.008621,-0.003845,-1301019717,68
6,0.01563,0.9878,-0.1963,-0.124,-0.1163,0.2518,0.17407,0.22599,0.74076,0.6082,-0.001389,0.008072,0.003311,-1300688394,52
7,0,0,0,0,0,0,0,0,0,0,0,0,0,0,0
8,-0.001953,0.9644,-0.1836,-0.1907,0.267,-0.05341,0.50708,0.60741,0.46902,0.39236,-0.002945,-0.0197,-0.005737,-1300759182,126
9,-0.0004883,0.9756,-0.1304,-0.06294,-0.06866,0.3166,0.44893,0.51529,0.54611,0.48445,-0.009415,-0.0162,-0.002838,-1301219832,70
10,-0.02051,0.9756,-0.2212,0.09155,0.2537,0.1507,0.60066,0.74794,0.22486,0.17096,-0.006104,0.0001831,-0.001236,-1301550944,68
11,0,0,0,0,0,0,0,0,0,0,0,0,0,0,0
12,0.005371,0.9727,-0.1694,-0.009537,0.009537,-0.1106,6,-36.6,-3.75,0.60707,0.7189,0.2586,0.2185,-1301183914,98
13,-0.01221,0.05176,1.012,0.3681,-0.206,-0.2098,0.88837,0.019935,0.016695,0.45839,-0.0008087,0.001038,0.01308,43939553,98
14,0,0,0,0,0,0,0,0,0,0,0,0,0,0,0
15,-0.03174,0.02979,1.037,0.2232,0.2651,0.09918,-36.45,27.6,36.45,0.89412,0.0197,0.002569,-0.4474,-1439293609,108
16,0,0,0,0,0,0,0,0,0,0,0,0,0,0,0
17,0,0,0,0,0,0,0,0,0,0,0,0,0,0,0
18,0,0,0,0,0,0,0,0,0,0,0,0,0,0,0
1,0,0,0,0,0,0,0,0,0,0,0,0,0,0,0
2,0.01123,0.9551,-0.2437,0.3796,-0.03052,-0.1087,-0.60001,-40.35,15,0.074866,0.08714,-0.7865,-0.6068,-1300983411,66
3,0,0,0,0,0,0,0,0,0,0,0,0,0,0,0
4,0,0,0,0,0,0,0,0,0,0,0,0,0,0,0
5,-0.007324,0.9741,-0.1694,0.1011,-0.2918,0.001907,0.50966,0.59638,0.47206,0.40218,-0.005844,-0.01347,-0.01242,-1300939734,68
6,0.02148,0.9653,-0.207,0.1202,0.1278,0.1297,0.17508,0.22719,0.74047,0.60781,0.004593,-0.01433,-0.007187,-1300618944,52
7,0,0,0,0,0,0,0,0,0,0,0,0,0,0,0
8,0.002441,0.9673,-0.1733,-0.1297,0.02289,0.2518,0.50681,0.60713,0.46944,0.39263,0.001526,-0.01674,0.004623,-1300668607,126
9,0.001953,0.981,-0.1191,0.05913,-0.3128,-0.04959,0.44901,0.51535,0.54603,0.48441,-0.006973,-0.01083,0.008347,-1301149358,70
10,-0.01318,0.9736,-0.2256,0.03052,-0.1736,-0.03242,0.6007,0.74794,0.22474,0.17098,0.001053,-0.001785,-0.005722,-1301451440,68
11,0,0,0,0,0,0,0,0,0,0,0,0,0,0,0
12,0.004883,0.9619,-0.1675,0.0515,0.07057,0.1335,8.4,-33.75,-2.85,0.60712,0.7189,0.2585,0.2184,-1301145666,98
13,-0.01221,0.05176,1.012,0.3681,-0.206,-0.2098,0.88837,0.019935,0.016695,0.45839,-0.0008087,0.001038,0.01308,43939553,98
14,0,0,0,0,0,0,0,0,0,0,0,0,0,0,0
15,-0.03174,0.02979,1.037,0.2232,0.2651,0.09918,-36.45,27.6,36.45,0.89412,0.0197,0.002569,-0.4474,-1439293609,108
16,0,0,0,0,0,0,0,0,0,0,0,0,0,0,0
17,0,0,0,0,0,0,0,0,0,0,0,0,0,0,0
18,0,0,0,0,0,0,0,0,0,0,0,0,0,0,0
1,0,0,0,0,0,0,0,0,0,0,0,0,0,0,0
2,0.01221,0.9531,-0.2583,0.01335,0.03052,0.1354,-2.4,-39.3,14.7,0.07451,0.08677,-0.7866,-0.6068,-1300928258,66
3,0,0,0,0,0,0,0,0,0,0,0,0,0,0,0
4,0,0,0,0,0,0,0,0,0,0,0,0,0,0,0
5,-0.002441,0.9785,-0.1543,-0.08202,-0.2308,0.001907,0.50963,0.5964,0.47208,0.40215,-0.000946,-0.009064,0.002808,-1300899826,68
6,0.01953,0.981,-0.2051,-0.124,-0.1774,0.007629,0.17528,0.22755,0.74041,0.60769,0.002533,0.001312,-0.005096,-1300548466,52
7,0,0,0,0,0,0,0,0,0,0,0,0,0,0,0
8,-0.0004883,0.9556,-0.1851,0.4196,0.08392,0.007629,0.50677,0.607,0.4696,0.3927,-0.001266,-0.02847,-0.007111,-1300626943,126
9,0.01074,0.979,-0.1177,-0.06294,0.05341,0.01144,0.44916,0.51551,0.54587,0.48428,0.001816,-0.01279,0.009796,-1301079264,70
10,-0.02295,0.9653,-0.2256,0.09155,-0.0515,-0.03242,0.60067,0.74799,0.2248,0.17082,-0.008423,-0.01004,-0.005539,-1301361459,68
11,0,0,0,0,0,0,0,0,0,0,0,0,0,0,0
12,-0.01709,0.9663,-0.1646,-0.1316,-0.2346,0.07248,6.75,-35.55,-3.75,0.60716,0.7189,0.2585,0.2183,-1301105728,98
13,-0.01221,0.05176,1.012,0.3681,-0.206,-0.2098,0.88837,0.019935,0.016695,0.45839,-0.0008087,0.001038,0.01308,43939553,98
14,0,0,0,0,0,0,0,0,0,0,0,0,0,0,0
15,-0.03174,0.02979,1.037,0.2232,0.2651,0.09918,-36.45,27.6,36.45,0.89412,0.0197,0.002569,-0.4474,-1439293609,108
16,0,0,0,0,0,0,0,0,0,0,0,0,0,0,0
17,0,0,0,0,0,0,0,0,0,0,0,0,0,0,0
18,0,0,0,0,0,0,0,0,0,0,0,0,0,0,0
1,0,0,0,0,0,0,0,0,0,0,0,0,0,0,0
2,0.006836,0.957,-0.249,-0.04768,0.2136,-0.1087,-1.65,-39,14.4,0.074591,0.0869,-0.7866,-0.6068,-1300913430,66
3,0,0,0,0,0,0,0,0,0,0,0,0,0,0,0
4,0,0,0,0,0,0,0,0,0,0,0,0,0,0,0
5,0.01709,0.9746,-0.166,-0.02098,0.01335,-0.1812,0.50959,0.59643,0.47208,0.40214,0.01852,-0.01295,-0.00882,-1300859717,68
6,0.02051,0.9731,-0.2007,-0.124,0.005722,-0.1755,0.1749,0.22722,0.74052,0.6078,0.003342,-0.006485,-0.0006866,-1300413522,52
7,0,0,0,0,0,0,0,0,0,0,0,0,0,0,0
8,-0.005859,0.9712,-0.1812,0.1144,-0.09918,-0.1144,0.50673,0.60696,0.46966,0.39274,-0.006622,-0.01283,-0.003189,-1300608690,126
9,-0.008789,0.9824,-0.1221,-0.124,-0.007629,0.07248,0.44924,0.51553,0.54581,0.48426,-0.01768,-0.009384,0.00528,-1301029824,70
10,-0.01904,0.9653,-0.2129,-0.09155,0.009537,0.2117,0.60069,0.74807,0.2246,0.17064,-0.004501,-0.01003,0.007217,-1301321375,68
11,0,0,0,0,0,0,0,0,0,0,0,0,0,0,0
12,0.008789,0.9673,-0.1567,0.2956,0.1316,0.01144,7.5,-33.15,-2.7,0.60724,0.719,0.2583,0.2182,-1301065629,98
13,-0.01221,0.05176,1.012,0.3681,-0.206,-0.2098,0.88837,0.019935,0.016695,0.45839,-0.0008087,0.001038,0.01308,43939553,98
14,0,0,0,0,0,0,0,0,0,0,0,0,0,0,0
15,-0.03174,0.02979,1.037,0.2232,0.2651,0.09918,-36.45,27.6,36.45,0.89412,0.0197,0.002569,-0.4474,-1439293609,108
16,0,0,0,0,0,0,0,0,0,0,0,0,0,0,0
17,0,0,0,0,0,0,0,0,0,0,0,0,0,0,0
18,0,0,0,0,0,0,0,0,0,0,0,0,0,0,0
1,0,0,0,0,0,0,0,0,0,0,0,0,0,0,0
2,-0.002441,0.9443,-0.2554,0.2022,-0.09346,-0.1087,-0.75,-38.7,14.55,0.074566,0.08687,-0.7866,-0.6068,-1300886333,66
3,0,0,0,0,0,0,0,0,0,0,0,0,0,0,0
4,0,0,0,0,0,0,0,0,0,0,0,0,0,0,0
5,-0.004883,0.9834,-0.1479,-0.02098,-0.1087,-0.1812,0.50962,0.59641,0.47216,0.40205,-0.003204,-0.00415,0.009354,-1300767885,68
6,0.01221,0.9775,-0.2017,-0.246,0.005722,-0.05341,0.17516,0.22755,0.74046,0.60766,-0.004944,-0.00206,-0.001526,-1300313529,52
7,0,0,0,0,0,0,0,0,0,0,0,0,0,0,0
8,0.001465,0.9634,-0.1753,0.1564,0.09155,0.07439,0.50682,0.60702,0.46957,0.39265,0.0007629,-0.02066,0.00264,-1300528705,126
9,0.0009766,0.9888,-0.1323,0.1812,-0.06866,0.01144,0.44919,0.51545,0.54589,0.4843,-0.007858,-0.003036,-0.004959,-1301019306,70
10,-0.007324,0.9795,-0.2197,0.09155,0.1316,-0.09346,0.60072,0.74817,0.22432,0.17043,0.007172,0.00415,0.0004425,-1301298970,68
11,0,0,0,0,0,0,0,0,0,0,0,0,0,0,0
12,-0.008301,0.9751,-0.1665,0.1125,-0.0515,-0.2327,6.6,-35.25,-3.9,0.60733,0.719,0.2581,0.2181,-1301035631,98
13,-0.01221,0.05176,1.012,0.3681,-0.206,-0.2098,0.88837,0.019935,0.016695,0.45839,-0.0008087,0.001038,0.01308,43939553,98
14,0,0,0,0,0,0,0,0,0,0,0,0,0,0,0
15,-0.03174,0.02979,1.037,0.2232,0.2651,0.09918,-36.45,27.6,36.45,0.89412,0.0197,0.002569,-0.4474,-1439293609,108
16,0,0,0,0,0,0,0,0,0,0,0,0,0,0,0
17,0,0,0,0,0,0,0,0,0,0,0,0,0,0,0
18,0,0,0,0,0,0,0,0,0,0,0,0,0,0,0
1,0,0,0,0,0,0,0,0,0,0,0,0,0,0,0
2,0.006836,0.9629,-0.2476,-0.2251,0.02861,0.07439,-1.2,-38.7,13.8,0.074435,0.08677,-0.7866,-0.6068,-1300858307,66
3,0,0,0,0,0,0,0,0,0,0,0,0,0,0,0
4,0,0,0,0,0,0,0,0,0,0,0,0,0,0,0
5,-0.007324,0.9868,-0.1577,-0.02098,0.01335,0.06294,0.50961,0.59642,0.47215,0.40206,-0.005692,-0.0007324,-0.000412,-1300760324,68
6,0.02539,0.9829,-0.1982,-0.06294,-0.1774,-0.1144,0.17482,0.22737,0.74051,0.60777,0.007919,0.003311,0.001877,-1300233505,52
7,0,0,0,0,0,0,0,0,0,0,0,0,0,0,0
8,-0.002441,0.9595,-0.1792,0.1564,-0.03052,-0.04768,0.5069,0.60714,0.46942,0.39253,-0.003174,-0.02457,-0.001251,-1300432051,126
9,-0.001953,0.9858,-0.1216,-0.124,-0.007629,-0.2327,0.44909,0.5153,0.54602,0.48441,-0.01076,-0.005966,0.005768,-1300989199,70
10,-0.009277,0.9673,-0.2158,-0.03052,0.07057,-0.1545,0.60083,0.74833,0.22381,0.17,0.005234,-0.008057,0.004379,-1301250880,68
11,0,0,0,0,0,0,0,0,0,0,0,0,0,0,0
12,0.009277,0.9688,-0.1558,0.2346,0.009537,0.1335,6.9,-33.3,-4.65,0.60729,0.7189,0.2583,0.2182,-1300945728,98
13,-0.01221,0.05176,1.012,0.3681,-0.206,-0.2098,0.88837,0.019935,0.016695,0.45839,-0.0008087,0.001038,0.01308,43939553,98
14,0,0,0,0,0,0,0,0,0,0,0,0,0,0,0
15,-0.03174,0.02979,1.037,0.2232,0.2651,0.09918,-36.45,27.6,36.45,0.89412,0.0197,0.002569,-0.4474,-1439293609,108
16,0,0,0,0,0,0,0,0,0,0,0,0,0,0,0
17,0,0,0,0,0,0,0,0,0,0,0,0,0,0,0
18,0,0,0,0,0,0,0,0,0,0,0,0,0,0,0
1,0,0,0,0,0,0,0,0,0,0,0,0,0,0,0
2,0.002441,0.9448,-0.248,0.1411,0.2117,-0.1698,-2.55,-39.15,13.8,0.074303,0.0867,-0.7866,-0.6068,-1300816263,66
3,0,0,0,0,0,0,0,0,0,0,0,0,0,0,0
4,0,0,0,0,0,0,0,0,0,0,0,0,0,0,0
5,-0.006348,0.9751,-0.1611,0.1011,0.1354,-0.1812,0.50959,0.59644,0.47219,0.40202,-0.004654,-0.01244,-0.003738,-1300729742,68
6,0.02393,0.9805,-0.2041,0.1202,0.1183,-0.04387,0.1744,0.22691,0.74068,0.60785,0.006424,0.000885,-0.003891,-1300113634,52
7,0,0,0,0,0,0,0,0,0,0,0,0,0,0,0
8,0.006836,0.9727,-0.1763,0.2785,-0.2136,-0.04768,0.50705,0.60739,0.4692,0.39222,0.006195,-0.01134,0.001877,-1300331579,126
9,0.01563,0.9883,-0.1274,-0.3681,0.1144,0.01144,0.44886,0.51496,0.54629,0.48467,0.006882,-0.00354,-0.0002136,-1300959794,70
10,-0.00293,0.9819,-0.2261,0.03052,0.1316,0.02861,0.60071,0.74828,0.2241,0.17029,0.01146,0.006607,-0.005768,-1301151481,68
11,0,0,0,0,0,0,0,0,0,0,0,0,0,0,0
12,-0.003906,0.9731,-0.1582,-0.2537,0.009537,0.07248,7.35,-33,-4.65,0.60738,0.719,0.258,0.2179,-1300905627,98
13,-0.01221,0.05176,1.012,0.3681,-0.206,-0.2098,0.88837,0.019935,0.016695,0.45839,-0.0008087,0.001038,0.01308,43939553,98
14,0,0,0,0,0,0,0,0,0,0,0,0,0,0,0
15,-0.03174,0.02979,1.037,0.2232,0.2651,0.09918,-36.45,27.6,36.45,0.89412,0.0197,0.002569,-0.4474,-1439293609,108
16,0,0,0,0,0,0,0,0,0,0,0,0,0,0,0
17,0,0,0,0,0,0,0,0,0,0,0,0,0,0,0
18,0,0,0,0,0,0,0,0,0,0,0,0,0,0,0
1,0,0,0,0,0,0,0,0,0,0,0,0,0,0,0
2,0.02539,0.957,-0.2505,0.08011,-0.1545,-0.1087,-2.25,-37.95,15.6,0.074218,0.08675,-0.7866,-0.6068,-1300703430,66
3,0,0,0,0,0,0,0,0,0,0,0,0,0,0,0
4,0,0,0,0,0,0,0,0,0,0,0,0,0,0,0
5,-0.004883,0.9678,-0.1519,-0.02098,0.01335,0.124,0.50958,0.59645,0.4722,0.402,-0.003174,-0.01974,0.0056,-1300659749,68
6,0.01172,0.9751,-0.1953,0.1812,-0.06485,0.0782,0.17446,0.227,0.74063,0.60787,-0.005829,-0.004501,0.004807,-1300033583,52
7,0,0,0,0,0,0,0,0,0,0,0,0,0,0,0
8,-0.005859,0.9609,-0.1812,-0.1488,0.1526,-0.04768,0.50681,0.60717,0.46954,0.39245,-0.00647,-0.02304,-0.002899,-1300271491,126
9,0.006348,0.9839,-0.1128,-0.06294,-0.06866,0.1335,0.44879,0.51497,0.54634,0.48467,-0.002441,-0.007919,0.01457,-1300827463,70
10,-0.0127,0.9678,-0.2261,0.09155,-0.0515,0.02861,0.60086,0.74844,0.22364,0.16968,0.002075,-0.007523,-0.005722,-1300960885,68
11,0,0,0,0,0,0,0,0,0,0,0,0,0,0,0
12,0.00293,0.9678,-0.1714,0.0515,0.009537,0.1335,8.85,-34.2,-2.55,0.60725,0.719,0.2583,0.2182,-1300844054,98
13,-0.01221,0.05176,1.012,0.3681,-0.206,-0.2098,0.88837,0.019935,0.016695,0.45839,-0.0008087,0.001038,0.01308,43939553,98
14,0,0,0,0,0,0,0,0,0,0,0,0,0,0,0
15,-0.03174,0.02979,1.037,0.2232,0.2651,0.09918,-36.45,27.6,36.45,0.89412,0.0197,0.002569,-0.4474,-1439293609,108
16,0,0,0,0,0,0,0,0,0,0,0,0,0,0,0
17,0,0,0,0,0,0,0,0,0,0,0,0,0,0,0
18,0,0,0,0,0,0,0,0,0,0,0,0,0,0,0
1,0,0,0,0,0,0,0,0,0,0,0,0,0,0,0
2,0.02539,0.957,-0.2505,0.08011,-0.1545,-0.1087,-2.25,-37.95,15.6,0.074218,0.08675,-0.7866,-0.6068,-1300703430,66
3,0,0,0,0,0,0,0,0,0,0,0,0,0,0,0
4,0,0,0,0,0,0,0,0,0,0,0,0,0,0,0
5,0.009766,0.9707,-0.1519,0.04005,-0.04768,-0.05913,0.50958,0.59645,0.47208,0.40215,0.01117,-0.01685,0.005371,-1300520381,68
6,0.0249,0.9688,-0.1987,0.05913,-0.06485,0.0782,0.17415,0.22658,0.74071,0.60801,0.00737,-0.01088,0.001266,-1299973508,52
7,0,0,0,0,0,0,0,0,0,0,0,0,0,0,0
8,-0.01416,0.9653,-0.1763,-0.2708,0.03052,0.1965,0.50645,0.60688,0.47005,0.39276,-0.01476,-0.0186,0.002228,-1300169796,126
9,0.003418,0.9902,-0.1221,-0.06294,-0.06866,0.1335,0.44862,0.51486,0.54645,0.48482,-0.005508,-0.001572,0.005325,-1300757446,70
10,-0.01025,0.9907,-0.2168,-0.09155,0.2537,0.3338,0.60093,0.74852,0.22332,0.16947,0.00444,0.01541,0.00354,-1300920940,68
11,0,0,0,0,0,0,0,0,0,0,0,0,0,0,0
12,-0.01172,0.9648,-0.165,0.2956,0.07057,-0.04959,7.5,-33.6,-4.2,0.60726,0.7188,0.2585,0.2183,-1300796218,98
13,-0.01221,0.05176,1.012,0.3681,-0.206,-0.2098,0.88837,0.019935,0.016695,0.45839,-0.0008087,0.001038,0.01308,43939553,98
14,0,0,0,0,0,0,0,0,0,0,0,0,0,0,0
15,-0.03174,0.02979,1.037,0.2232,0.2651,0.09918,-36.45,27.6,36.45,0.89412,0.0197,0.002569,-0.4474,-1439293609,108
16,0,0,0,0,0,0,0,0,0,0,0,0,0,0,0
17,0,0,0,0,0,0,0,0,0,0,0,0,0,0,0
18,0,0,0,0,0,0,0,0,0,0,0,0,0,0,0
1,0,0,0,0,0,0,0,0,0,0,0,0,0,0,0
2,0.01025,0.9438,-0.2422,-0.04196,0.02861,0.01335,-0.3,-38.25,15,0.073694,0.08622,-0.7867,-0.6069,-1300648333,66
3,0,0,0,0,0,0,0,0,0,0,0,0,0,0,0
4,0,0,0,0,0,0,0,0,0,0,0,0,0,0,0
5,0.01074,0.9624,-0.1631,-0.08202,0.1354,0.06294,0.50959,0.59644,0.47212,0.4021,0.01225,-0.02515,-0.005814,-1300315600,68
6,0.02197,0.9663,-0.1982,-0.124,-0.06485,0.01717,0.17397,0.22636,0.7408,0.60804,0.004456,-0.01331,0.001801,-1299884086,52
7,0,0,0,0,0,0,0,0,0,0,0,0,0,0,0
8,0,0.9556,-0.166,-0.1488,-0.2136,0.2575,0.50649,0.60687,0.46991,0.39289,-0.0008392,-0.02841,0.01221,-1299981478,126
9,0.0166,0.9707,-0.1216,0.1202,-0.06866,0.07248,0.44865,0.51489,0.54643,0.4848,0.007675,-0.0211,0.005814,-1300729262,70
10,-0.01221,0.9702,-0.2251,0.2136,0.2537,0.08965,0.60092,0.74856,0.22325,0.16943,0.002457,-0.005081,-0.004715,-1300890952,68
11,0,0,0,0,0,0,0,0,0,0,0,0,0,0,0
12,-0.01172,0.9648,-0.165,0.2956,0.07057,-0.04959,7.5,-33.6,-4.2,0.60726,0.7188,0.2585,0.2183,-1300796218,98
13,-0.01221,0.05176,1.012,0.3681,-0.206,-0.2098,0.88837,0.019935,0.016695,0.45839,-0.0008087,0.001038,0.01308,43939553,98
14,0,0,0,0,0,0,0,0,0,0,0,0,0,0,0
15,-0.03174,0.02979,1.037,0.2232,0.2651,0.09918,-36.45,27.6,36.45,0.89412,0.0197,0.002569,-0.4474,-1439293609,108
16,0,0,0,0,0,0,0,0,0,0,0,0,0,0,0
17,0,0,0,0,0,0,0,0,0,0,0,0,0,0,0
18,0,0,0,0,0,0,0,0,0,0,0,0,0,0,0
1,0,0,0,0,0,0,0,0,0,0,0,0,0,0,0
2,0.007813,0.9473,-0.248,-0.103,0.08965,0.1354,-2.1,-38.55,15,0.073747,0.08628,-0.7866,-0.6069,-1300633337,66
3,0,0,0,0,0,0,0,0,0,0,0,0,0,0,0
4,0,0,0,0,0,0,0,0,0,0,0,0,0,0,0
5,-0.009766,0.9888,-0.1602,0.4673,-0.2918,-0.1202,0.50954,0.59648,0.4721,0.40213,-0.008362,0.001236,-0.002823,-1300245018,68
6,0.02539,0.9766,-0.1943,0.1202,0.3014,-0.04387,0.17382,0.22602,0.74081,0.6082,0.007996,-0.003113,0.005432,-1299813538,52
7,0,0,0,0,0,0,0,0,0,0,0,0,0,0,0
8,-0.01514,0.9565,-0.1758,0.2174,0.09155,0.01335,0.50669,0.607,0.46968,0.3927,-0.0159,-0.02747,0.002335,-1299871462,126
9,0.02246,0.9907,-0.1309,0.05913,0.1755,-0.1106,0.44817,0.51452,0.54689,0.4851,0.01347,-0.001053,-0.003204,-1300629855,70
10,-0.01611,0.9785,-0.2207,-0.103,-0.05913,0.02861,0.60113,0.74861,0.22275,0.16912,-0.001511,0.003143,-0.0006104,-1300640894,68
11,0,0,0,0,0,0,0,0,0,0,0,0,0,0,0
12,0.001465,0.9702,-0.1787,0.0515,-0.1125,0.1335,7.65,-33,-2.55,0.6072,0.7187,0.2589,0.2186,-1300575762,98
13,-0.01221,0.05176,1.012,0.3681,-0.206,-0.2098,0.88837,0.019935,0.016695,0.45839,-0.0008087,0.001038,0.01308,43939553,98
14,0,0,0,0,0,0,0,0,0,0,0,0,0,0,0
15,-0.03174,0.02979,1.037,0.2232,0.2651,0.09918,-36.45,27.6,36.45,0.89412,0.0197,0.002569,-0.4474,-1439293609,108
16,0,0,0,0,0,0,0,0,0,0,0,0,0,0,0
17,0,0,0,0,0,0,0,0,0,0,0,0,0,0,0
18,0,0,0,0,0,0,0,0,0,0,0,0,0,0,0
1,0,0,0,0,0,0,0,0,0,0,0,0,0,0,0
2,0.01172,0.9609,-0.2607,0.01907,-0.03242,0.3185,-2.1,-38.55,14.4,0.073747,0.08629,-0.7867,-0.6069,-1300591436,66
3,0,0,0,0,0,0,0,0,0,0,0,0,0,0,0
4,0,0,0,0,0,0,0,0,0,0,0,0,0,0,0
5,-0.001953,0.9863,-0.1587,0.04005,-0.1698,-0.3643,0.50961,0.59642,0.47208,0.40215,-0.0004883,-0.001236,-0.001526,-1300065610,68
6,0.0127,0.9785,-0.1992,-0.06294,0.1183,0.01717,0.1739,0.2262,0.74075,0.60817,-0.004807,-0.00116,0.0005493,-1299733505,52
7,0,0,0,0,0,0,0,0,0,0,0,0,0,0,0
8,0.003418,0.9688,-0.1689,-0.08774,-0.09155,0.1965,0.50662,0.60699,0.46972,0.39276,0.002563,-0.01524,0.009216,-1299802068,126
9,0.00293,0.9893,-0.1309,-0.185,-0.1297,-0.04959,0.44776,0.51406,0.54731,0.48549,-0.006073,-0.002518,-0.00322,-1300539798,70
10,-0.01074,0.98,-0.2192,-0.164,0.246,-0.3986,0.60118,0.74879,0.22227,0.16878,0.003754,0.004639,0.0009613,-1300529158,68
11,0,0,0,0,0,0,0,0,0,0,0,0,0,0,0
12,0.008301,0.9673,-0.1704,0.04578,-0.3395,0.3204,7.95,-34.65,-3.45,0.60722,0.7187,0.2588,0.2187,-1300355915,98
13,-0.01221,0.05176,1.012,0.3681,-0.206,-0.2098,0.88837,0.019935,0.016695,0.45839,-0.0008087,0.001038,0.01308,43939553,98
14,0,0,0,0,0,0,0,0,0,0,0,0,0,0,0
15,-0.03174,0.02979,1.037,0.2232,0.2651,0.09918,-36.45,27.6,36.45,0.89412,0.0197,0.002569,-0.4474,-1439293609,108
16,0,0,0,0,0,0,0,0,0,0,0,0,0,0,0
17,0,0,0,0,0,0,0,0,0,0,0,0,0,0,0
18,0,0,0,0,0,0,0,0,0,0,0,0,0,0,0
1,0,0,0,0,0,0,0,0,0,0,0,0,0,0,0
2,0.01514,0.9482,-0.2583,-0.2861,-0.03242,0.07439,-2.55,-39.45,14.85,0.07346,0.08594,-0.7867,-0.6069,-1300563432,66
3,0,0,0,0,0,0,0,0,0,0,0,0,0,0,0
4,0,0,0,0,0,0,0,0,0,0,0,0,0,0,0
5,-0.006836,0.9849,-0.1543,-0.08202,-0.04768,-0.1812,0.5096,0.59643,0.4721,0.40213,-0.005356,-0.002701,0.002914,-1300054925,68
6,0.0249,0.9771,-0.1968,-0.06294,-0.1259,-0.1049,0.1738,0.22605,0.74081,0.60819,0.007462,-0.002609,0.003021,-1299663612,52
7,0,0,0,0,0,0,0,0,0,0,0,0,0,0,0
8,0.0004883,0.9673,-0.1729,0.1564,0.09155,-0.1087,0.5067,0.60717,0.46952,0.39262,-0.0004578,-0.01669,0.005356,-1299741484,126
9,0.01318,0.9829,-0.1187,0.06485,-0.08011,0.1869,0.44728,0.5136,0.54777,0.4859,0.004089,-0.00885,0.009033,-1300265145,70
10,-0.006348,0.9653,-0.229,0.01907,-0.1202,-0.03242,0.60107,0.74864,0.2227,0.16925,0.007965,-0.01003,-0.008881,-1300207213,68
11,0,0,0,0,0,0,0,0,0,0,0,0,0,0,0
12,-0.005859,0.9692,-0.1616,-0.01526,-0.09537,0.01526,8.1,-36.45,-2.85,0.60723,0.7187,0.2587,0.2187,-1300285940,98
13,-0.01221,0.05176,1.012,0.3681,-0.206,-0.2098,0.88837,0.019935,0.016695,0.45839,-0.0008087,0.001038,0.01308,43939553,98
14,0,0,0,0,0,0,0,0,0,0,0,0,0,0,0
15,-0.03174,0.02979,1.037,0.2232,0.2651,0.09918,-36.45,27.6,36.45,0.89412,0.0197,0.002569,-0.4474,-1439293609,108
16,0,0,0,0,0,0,0,0,0,0,0,0,0,0,0
17,0,0,0,0,0,0,0,0,0,0,0,0,0,0,0
18,0,0,0,0,0,0,0,0,0,0,0,0,0,0,0
1,0,0,0,0,0,0,0,0,0,0,0,0,0,0,0
2,0.01904,0.959,-0.2446,-0.04196,0.2728,0.3185,-1.2,-38.4,14.1,0.073622,0.08597,-0.7867,-0.6068,-1300547989,66
3,0,0,0,0,0,0,0,0,0,0,0,0,0,0,0
4,0,0,0,0,0,0,0,0,0,0,0,0,0,0,0
5,0.005859,0.9736,-0.1572,-0.08202,0.07439,-0.05913,0.50959,0.59644,0.47211,0.40211,0.00737,-0.01392,3.052e-05,-1299995102,68
6,0.01904,0.9712,-0.2026,-0.001907,0.2403,-0.1049,0.17284,0.22491,0.74117,0.60845,0.001556,-0.008469,-0.002808,-1299594032,52
7,0,0,0,0,0,0,0,0,0,0,0,0,0,0,0
8,0.006348,0.9644,-0.1768,0.3395,-0.09155,0.2575,0.50661,0.60698,0.46969,0.39283,0.005371,-0.01965,0.001312,-1299651522,126
9,0.005371,0.9897,-0.1182,-0.1183,0.2251,0.06485,0.44709,0.51334,0.54798,0.48612,-0.003723,-0.002029,0.00943,-1300164538,70
10,-0.00293,0.9795,-0.2236,0.1411,0.06294,-0.1545,0.60096,0.74858,0.22303,0.1695,0.01138,0.004166,-0.003387,-1300109021,68
11,0,0,0,0,0,0,0,0,0,0,0,0,0,0,0
12,0.002441,0.9722,-0.1655,0.1678,-0.09537,-0.04578,7.35,-33.3,-2.85,0.60721,0.7187,0.2587,0.2187,-1300125969,98
13,-0.01221,0.05176,1.012,0.3681,-0.206,-0.2098,0.88837,0.019935,0.016695,0.45839,-0.0008087,0.001038,0.01308,43939553,98
14,0,0,0,0,0,0,0,0,0,0,0,0,0,0,0
15,-0.03174,0.02979,1.037,0.2232,0.2651,0.09918,-36.45,27.6,36.45,0.89412,0.0197,0.002569,-0.4474,-1439293609,108
16,0,0,0,0,0,0,0,0,0,0,0,0,0,0,0
17,0,0,0,0,0,0,0,0,0,0,0,0,0,0,0
18,0,0,0,0,0,0,0,0,0,0,0,0,0,0,0
1,0,0,0,0,0,0,0,0,0,0,0,0,0,0,0
2,0.007813,0.9556,-0.2515,0.1411,0.08965,-0.1698,0,-38.25,15.75,0.073534,0.08585,-0.7867,-0.6069,-1300479324,66
3,0,0,0,0,0,0,0,0,0,0,0,0,0,0,0
4,0,0,0,0,0,0,0,0,0,0,0,0,0,0,0
5,0.001465,0.9956,-0.1479,0.1621,-0.04768,0.124,0.50959,0.59643,0.47208,0.40215,0.002899,0.008041,0.009247,-1299954962,68
6,0.0127,0.9805,-0.1914,-0.3681,-0.003815,0.2003,0.1724,0.22427,0.74134,0.60861,-0.004669,0.0007935,0.008362,-1299514083,52
7,0,0,0,0,0,0,0,0,0,0,0,0,0,0,0
8,-0.006836,0.9497,-0.1807,0.03433,-0.03052,0.3185,0.50664,0.60701,0.46963,0.39281,-0.007843,-0.0343,-0.002625,-1299571589,126
9,0.008789,0.9756,-0.1255,-0.05722,-0.2632,-0.1183,0.44731,0.5136,0.54774,0.4859,-0.0002899,-0.01619,0.002136,-1300124608,70
10,-0.007813,0.9785,-0.2251,-0.103,0.246,-0.2155,0.60104,0.74885,0.22232,0.16894,0.006424,0.00322,-0.004684,-1299989080,68
11,0,0,0,0,0,0,0,0,0,0,0,0,0,0,0
12,-0.007324,0.9844,-0.1753,0.2899,0.1488,0.01526,7.35,-35.7,-2.55,0.60672,0.718,0.2605,0.2204,-1299904071,98
13,-0.01221,0.05176,1.012,0.3681,-0.206,-0.2098,0.88837,0.019935,0.016695,0.45839,-0.0008087,0.001038,0.01308,43939553,98
14,0,0,0,0,0,0,0,0,0,0,0,0,0,0,0
15,-0.03174,0.02979,1.037,0.2232,0.2651,0.09918,-36.45,27.6,36.45,0.89412,0.0197,0.002569,-0.4474,-1439293609,108
16,0,0,0,0,0,0,0,0,0,0,0,0,0,0,0
17,0,0,0,0,0,0,0,0,0,0,0,0,0,0,0
18,0,0,0,0,0,0,0,0,0,0,0,0,0,0,0
1,0,0,0,0,0,0,0,0,0,0,0,0,0,0,0
2,0.01074,0.9648,-0.2559,-0.04196,-0.09346,0.07439,-1.5,-39.45,15.6,0.072997,0.08532,-0.7868,-0.6069,-1300392429,66
3,0,0,0,0,0,0,0,0,0,0,0,0,0,0,0
4,0,0,0,0,0,0,0,0,0,0,0,0,0,0,0
5,0.0009766,0.9751,-0.1538,0.3452,0.1965,-0.3033,0.5096,0.59642,0.4721,0.40213,0.002472,-0.01247,0.003387,-1299942730,68
6,0.01416,0.9761,-0.1968,0.05913,-0.003815,0.0782,0.1723,0.22415,0.74137,0.60864,-0.00322,-0.003601,0.002975,-1299443509,52
7,0,0,0,0,0,0,0,0,0,0,0,0,0,0,0
8,0.003418,0.9819,-0.1782,-0.1488,-0.1526,-0.1698,0.5066,0.6069,0.46974,0.39289,0.002487,-0.00209,-0.0002441,-1299512051,126
9,0.01074,0.9775,-0.1182,-0.1183,-0.2632,0.06485,0.44767,0.51395,0.54736,0.48564,0.001633,-0.01425,0.009323,-1300074566,70
10,-0.008301,0.9785,-0.2075,0.08011,0.001907,-0.1545,0.6012,0.7489,0.22188,0.16872,0.005783,0.003159,0.01266,-1299889637,68
11,0,0,0,0,0,0,0,0,0,0,0,0,0,0,0
12,0.005859,0.9663,-0.1592,0.2899,0.1488,-0.04578,8.25,-33.9,-3.45,0.60668,0.7179,0.2608,0.2205,-1299834143,98
13,-0.01221,0.05176,1.012,0.3681,-0.206,-0.2098,0.88837,0.019935,0.016695,0.45839,-0.0008087,0.001038,0.01308,43939553,98
14,0,0,0,0,0,0,0,0,0,0,0,0,0,0,0
15,-0.03174,0.02979,1.037,0.2232,0.2651,0.09918,-36.45,27.6,36.45,0.89412,0.0197,0.002569,-0.4474,-1439293609,108
16,0,0,0,0,0,0,0,0,0,0,0,0,0,0,0
17,0,0,0,0,0,0,0,0,0,0,0,0,0,0,0
18,0,0,0,0,0,0,0,0,0,0,0,0,0,0,0
1,0,0,0,0,0,0,0,0,0,0,0,0,0,0,0
2,0.008301,0.957,-0.2456,0.01907,-0.03242,-0.2308,-0.60001,-38.25,15.45,0.073226,0.08546,-0.7868,-0.6069,-1300251614,66
3,0,0,0,0,0,0,0,0,0,0,0,0,0,0,0
4,0,0,0,0,0,0,0,0,0,0,0,0,0,0,0
5,-0.004883,0.9766,-0.1494,0.04005,0.01335,-0.05913,0.50964,0.59639,0.47209,0.40214,-0.003357,-0.01102,0.00769,-1299874893,68
6,0.01465,0.9629,-0.2051,-0.001907,-0.1259,-0.04387,0.17277,0.22486,0.74118,0.60847,-0.002884,-0.01677,-0.005234,-1299373608,52
7,0,0,0,0,0,0,0,0,0,0,0,0,0,0,0
8,0.003418,0.9668,-0.1777,-0.0267,0.2747,0.07439,0.50678,0.60709,0.46945,0.39271,0.002426,-0.01724,0.0001678,-1299431466,126
9,0.006836,0.9844,-0.1279,-0.1793,-0.2632,0.1259,0.44764,0.51384,0.54744,0.48571,-0.002197,-0.007416,-0.0005035,-1300044603,70
10,-0.01807,0.9697,-0.2114,0.08011,0.001907,0.02861,0.6012,0.74888,0.22194,0.16877,-0.003983,-0.00563,0.008743,-1299879095,68
11,0,0,0,0,0,0,0,0,0,0,0,0,0,0,0
12,-0.007324,0.9697,-0.166,-0.01526,0.08774,-0.2289,8.7,-34.65,-3.45,0.60656,0.7177,0.2613,0.2207,-1299693973,98
13,-0.01221,0.05176,1.012,0.3681,-0.206,-0.2098,0.88837,0.019935,0.016695,0.45839,-0.0008087,0.001038,0.01308,43939553,98
14,0,0,0,0,0,0,0,0,0,0,0,0,0,0,0
15,-0.03174,0.02979,1.037,0.2232,0.2651,0.09918,-36.45,27.6,36.45,0.89412,0.0197,0.002569,-0.4474,-1439293609,108
16,0,0,0,0,0,0,0,0,0,0,0,0,0,0,0
17,0,0,0,0,0,0,0,0,0,0,0,0,0,0,0
18,0,0,0,0,0,0,0,0,0,0,0,0,0,0,0
1,0,0,0,0,0,0,0,0,0,0,0,0,0,0,0
2,0.003418,0.9551,-0.2515,0.08011,-0.03242,-0.1698,-2.85,-37.8,15,0.073507,0.0856,-0.7869,-0.6067,-1299999493,66
3,0,0,0,0,0,0,0,0,0,0,0,0,0,0,0
4,0,0,0,0,0,0,0,0,0,0,0,0,0,0,0
5,0.0004883,0.9736,-0.1665,-0.2041,0.01335,0.124,0.50965,0.59639,0.47208,0.40215,0.002014,-0.01395,-0.00943,-1299863262,68
6,0.02881,0.981,-0.2012,0.05913,-0.1259,0.01717,0.17229,0.2242,0.74144,0.60854,0.01143,0.001328,-0.001175,-1299283511,52
7,0,0,0,0,0,0,0,0,0,0,0,0,0,0,0
8,-0.004883,0.9556,-0.1826,-0.2708,-0.1526,0.2575,0.50693,0.60718,0.46929,0.39258,-0.005814,-0.02849,-0.004807,-1299351450,126
9,0.01318,0.9731,-0.1182,0.06485,-0.2022,-0.2403,0.44754,0.51379,0.54747,0.48581,0.004013,-0.01866,0.009232,-1299885128,70
10,-0.007813,0.9604,-0.2021,0.2022,-0.05913,0.02861,0.60123,0.74884,0.22195,0.16878,0.006302,-0.01492,0.01791,-1299849616,68
11,0,0,0,0,0,0,0,0,0,0,0,0,0,0,0
12,0.008789,0.9731,-0.1597,-0.2594,0.08774,0.01526,7.5,-33.9,-2.7,0.60658,0.7178,0.261,0.2206,-1299624184,98
13,-0.01221,0.05176,1.012,0.3681,-0.206,-0.2098,0.88837,0.019935,0.016695,0.45839,-0.0008087,0.001038,0.01308,43939553,98
14,0,0,0,0,0,0,0,0,0,0,0,0,0,0,0
15,-0.03174,0.02979,1.037,0.2232,0.2651,0.09918,-36.45,27.6,36.45,0.89412,0.0197,0.002569,-0.4474,-1439293609,108
16,0,0,0,0,0,0,0,0,0,0,0,0,0,0,0
17,0,0,0,0,0,0,0,0,0,0,0,0,0,0,0
18,0,0,0,0,0,0,0,0,0,0,0,0,0,0,0
1,0,0,0,0,0,0,0,0,0,0,0,0,0,0,0
2,0.02002,0.959,-0.2568,-0.103,0.08965,-0.2308,-1.05,-38.55,15,0.073417,0.08544,-0.7869,-0.6067,-1299944430,66
3,0,0,0,0,0,0,0,0,0,0,0,0,0,0,0
4,0,0,0,0,0,0,0,0,0,0,0,0,0,0,0
5,-0.004395,0.9956,-0.1455,0.04005,0.01335,-0.1202,0.50967,0.59637,0.47208,0.40215,-0.002853,0.008026,0.01154,-1299825014,68
6,0.01807,0.9717,-0.1992,0.3643,0.1183,-0.1659,0.17197,0.22381,0.74155,0.60863,0.0006866,-0.00795,0.0007629,-1299213621,52
7,0,0,0,0,0,0,0,0,0,0,0,0,0,0,0
8,0.001465,0.9668,-0.1733,0.09537,0.2136,-0.1087,0.5067,0.6068,0.46977,0.3929,0.0007172,-0.01727,0.00444,-1299271488,126
9,0.01807,0.9834,-0.1353,0.003815,-0.01907,0.003815,0.44782,0.51414,0.54719,0.48548,0.008957,-0.008392,-0.007721,-1299765097,70
10,-0.009277,0.9746,-0.2134,-0.164,0.06294,-0.09346,0.60124,0.74883,0.22195,0.1688,0.004822,-0.0007782,0.006653,-1299839023,68
11,0,0,0,0,0,0,0,0,0,0,0,0,0,0,0
12,-0.01611,0.9653,-0.1641,-0.2594,-0.03433,0.1984,6.75,-33.9,-2.25,0.60673,0.7181,0.2603,0.22,-1299506417,98
13,-0.01221,0.05176,1.012,0.3681,-0.206,-0.2098,0.88837,0.019935,0.016695,0.45839,-0.0008087,0.001038,0.01308,43939553,98
14,0,0,0,0,0,0,0,0,0,0,0,0,0,0,0
15,-0.03174,0.02979,1.037,0.2232,0.2651,0.09918,-36.45,27.6,36.45,0.89412,0.0197,0.002569,-0.4474,-1439293609,108
16,0,0,0,0,0,0,0,0,0,0,0,0,0,0,0
17,0,0,0,0,0,0,0,0,0,0,0,0,0,0,0
18,0,0,0,0,0,0,0,0,0,0,0,0,0,0,0
1,0,0,0,0,0,0,0,0,0,0,0,0,0,0,0
2,0.01807,0.9419,-0.2534,-0.04196,0.02861,0.07439,-3.9,-37.05,15.75,0.073288,0.0853,-0.787,-0.6066,-1299689015,66
3,0,0,0,0,0,0,0,0,0,0,0,0,0,0,0
4,0,0,0,0,0,0,0,0,0,0,0,0,0,0,0
5,-0.01074,0.9785,-0.165,0.04005,0.07439,-0.1202,0.50961,0.59642,0.47207,0.40216,-0.009293,-0.009048,-0.007889,-1299735562,68
6,0.001465,0.9824,-0.2012,-0.001907,0.1793,-0.1049,0.17165,0.22333,0.74172,0.6087,-0.01578,0.002808,-0.001129,-1299144109,52
7,0,0,0,0,0,0,0,0,0,0,0,0,0,0,0
8,-0.004883,0.9634,-0.1616,0.03433,-0.03052,0.01335,0.50677,0.60692,0.46965,0.39277,-0.005615,-0.02068,0.01622,-1299191492,126
9,0.01318,0.9751,-0.1265,-0.3014,-0.2022,-0.1793,0.44796,0.51426,0.54707,0.48537,0.004105,-0.01669,0.001038,-1299734677,70
10,-0.004883,0.978,-0.2192,-0.2251,0.185,0.02861,0.60129,0.74888,0.22169,0.16878,0.008942,0.002609,0.0007019,-1299788876,68
11,0,0,0,0,0,0,0,0,0,0,0,0,0,0,0
12,0.01025,0.9722,-0.1704,0.1068,0.0267,-0.04578,7.35,-34.95,-2.85,0.60679,0.7183,0.26,0.2197,-1299445940,98
13,-0.01221,0.05176,1.012,0.3681,-0.206,-0.2098,0.88837,0.019935,0.016695,0.45839,-0.0008087,0.001038,0.01308,43939553,98
14,0,0,0,0,0,0,0,0,0,0,0,0,0,0,0
15,-0.03174,0.02979,1.037,0.2232,0.2651,0.09918,-36.45,27.6,36.45,0.89412,0.0197,0.002569,-0.4474,-1439293609,108
16,0,0,0,0,0,0,0,0,0,0,0,0,0,0,0
17,0,0,0,0,0,0,0,0,0,0,0,0,0,0,0
18,0,0,0,0,0,0,0,0,0,0,0,0,0,0,0
1,0,0,0,0,0,0,0,0,0,0,0,0,0,0,0
2,0.01953,0.9565,-0.2568,0.01907,0.02861,0.1965,-1.5,-38.4,15.15,0.072958,0.085,-0.787,-0.6067,-1299594562,66
3,0,0,0,0,0,0,0,0,0,0,0,0,0,0,0
4,0,0,0,0,0,0,0,0,0,0,0,0,0,0,0
5,0.003418,0.9839,-0.1602,-0.02098,-0.3529,0.06294,0.50963,0.5964,0.47203,0.4022,0.004791,-0.003693,-0.003128,-1299635016,68
6,0.0127,0.9824,-0.1958,-0.06294,0.4845,-0.1049,0.17083,0.22232,0.74203,0.60892,-0.004532,0.002808,0.004257,-1299064086,52
7,0,0,0,0,0,0,0,0,0,0,0,0,0,0,0
8,-0.003906,0.9683,-0.1689,0.1564,0.09155,0.07439,0.50671,0.60681,0.46976,0.39288,-0.004639,-0.01579,0.00885,-1299121592,126
9,0.01855,0.9917,-0.1353,-0.1183,0.164,0.1259,0.44802,0.51429,0.54709,0.48526,0.009644,-7.629e-05,-0.007645,-1299664535,70
10,-0.01025,0.9683,-0.2256,-0.103,-0.2422,0.1507,0.60131,0.7489,0.22161,0.16873,0.003555,-0.007156,-0.005661,-1299778906,68
11,0,0,0,0,0,0,0,0,0,0,0,0,0,0,0
12,0.001953,0.9707,-0.167,-0.1984,-0.2785,-0.04578,6.9,-36,-4.35,0.60674,0.7183,0.2601,0.2198,-1299385833,98
13,-0.01221,0.05176,1.012,0.3681,-0.206,-0.2098,0.88837,0.019935,0.016695,0.45839,-0.0008087,0.001038,0.01308,43939553,98
14,0,0,0,0,0,0,0,0,0,0,0,0,0,0,0
15,-0.03174,0.02979,1.037,0.2232,0.2651,0.09918,-36.45,27.6,36.45,0.89412,0.0197,0.002569,-0.4474,-1439293609,108
16,0,0,0,0,0,0,0,0,0,0,0,0,0,0,0
17,0,0,0,0,0,0,0,0,0,0,0,0,0,0,0
18,0,0,0,0,0,0,0,0,0,0,0,0,0,0,0
1,0,0,0,0,0,0,0,0,0,0,0,0,0,0,0
2,0.005859,0.9619,-0.2388,-0.04196,0.08965,-0.1087,-1.05,-39,13.65,0.072651,0.08453,-0.7871,-0.6067,-1299384518,66
3,0,0,0,0,0,0,0,0,0,0,0,0,0,0,0
4,0,0,0,0,0,0,0,0,0,0,0,0,0,0,0
5,0.007813,0.9805,-0.1582,0.2232,-0.3529,-0.3033,0.50964,0.59639,0.47205,0.40218,0.009262,-0.007111,-0.00116,-1299595131,68
6,0.003906,0.9697,-0.2012,-0.001907,-0.003815,-0.1659,0.17032,0.22168,0.74222,0.60906,-0.01329,-0.009888,-0.001083,-1298993529,52
7,0,0,0,0,0,0,0,0,0,0,0,0,0,0,0
8,0.005371,0.959,-0.1782,-0.08774,-0.2747,0.1354,0.5067,0.6068,0.4698,0.39286,0.0047,-0.02507,-0.0003967,-1299039821,126
9,0.01221,0.9912,-0.1279,-0.1793,-0.01907,0.06485,0.44835,0.51463,0.54677,0.48495,0.003357,-0.0005646,-0.0003204,-1299542812,70
10,-0.01758,0.9756,-0.2095,0.1411,0.001907,-0.09346,0.60138,0.74882,0.22168,0.1687,-0.003586,0.0001373,0.01028,-1299738945,68
11,0,0,0,0,0,0,0,0,0,0,0,0,0,0,0
12,0.0127,0.9795,-0.1563,0.04578,-0.03433,-0.1678,7.35,-34.2,-3.15,0.60681,0.7183,0.2599,0.2197,-1299315945,98
13,-0.01221,0.05176,1.012,0.3681,-0.206,-0.2098,0.88837,0.019935,0.016695,0.45839,-0.0008087,0.001038,0.01308,43939553,98
14,0,0,0,0,0,0,0,0,0,0,0,0,0,0,0
15,-0.03174,0.02979,1.037,0.2232,0.2651,0.09918,-36.45,27.6,36.45,0.89412,0.0197,0.002569,-0.4474,-1439293609,108
16,0,0,0,0,0,0,0,0,0,0,0,0,0,0,0
17,0,0,0,0,0,0,0,0,0,0,0,0,0,0,0
18,0,0,0,0,0,0,0,0,0,0,0,0,0,0,0
1,0,0,0,0,0,0,0,0,0,0,0,0,0,0,0
2,0.008789,0.9697,-0.2632,-0.2251,-0.09346,0.01335,-2.25,-38.4,13.8,0.072577,0.08437,-0.7871,-0.6068,-1299299566,66
3,0,0,0,0,0,0,0,0,0,0,0,0,0,0,0
4,0,0,0,0,0,0,0,0,0,0,0,0,0,0,0
5,0.003418,0.9805,-0.1558,0.04005,0.01335,0.124,0.50963,0.5964,0.47202,0.40222,0.004761,-0.007126,0.001236,-1299385096,68
6,0.01709,0.9766,-0.2085,-0.001907,-0.003815,-0.1659,0.17117,0.22246,0.742,0.6088,0.0002441,-0.003052,-0.008377,-1298913537,52
7,0,0,0,0,0,0,0,0,0,0,0,0,0,0,0
8,-0.006836,0.9644,-0.1714,-0.2708,0.03052,0.01335,0.50661,0.60664,0.46999,0.39299,-0.007431,-0.0197,0.006439,-1298981495,126
9,0.02295,0.9844,-0.1304,0.309,0.04196,-0.1793,0.4481,0.51438,0.54704,0.48515,0.01411,-0.007385,-0.002686,-1299465204,70
10,-0.0166,0.9849,-0.2158,-0.2251,0.124,0.1507,0.60134,0.74875,0.22192,0.16888,-0.002594,0.009415,0.003922,-1299699121,68
11,0,0,0,0,0,0,0,0,0,0,0,0,0,0,0
12,-0.003418,0.9727,-0.1675,0.04578,0.1488,0.2594,7.95,-33.6,-3.75,0.60678,0.7183,0.26,0.2197,-1299235936,98
13,-0.01221,0.05176,1.012,0.3681,-0.206,-0.2098,0.88837,0.019935,0.016695,0.45839,-0.0008087,0.001038,0.01308,43939553,98
14,0,0,0,0,0,0,0,0,0,0,0,0,0,0,0
15,-0.03174,0.02979,1.037,0.2232,0.2651,0.09918,-36.45,27.6,36.45,0.89412,0.0197,0.002569,-0.4474,-1439293609,108
16,0,0,0,0,0,0,0,0,0,0,0,0,0,0,0
17,0,0,0,0,0,0,0,0,0,0,0,0,0,0,0
18,0,0,0,0,0,0,0,0,0,0,0,0,0,0,0
1,0,0,0,0,0,0,0,0,0,0,0,0,0,0,0
2,0.005859,0.9619,-0.2383,0.01907,0.1507,0.01335,-1.95,-37.65,16.95,0.072584,0.08446,-0.7871,-0.6067,-1299286434,66
3,0,0,0,0,0,0,0,0,0,0,0,0,0,0,0
4,0,0,0,0,0,0,0,0,0,0,0,0,0,0,0
5,0.006348,0.9736,-0.1621,0.1621,0.01335,-0.05913,0.50957,0.59646,0.47212,0.4021,0.007828,-0.0139,-0.004791,-1299143205,68
6,0.001465,0.9854,-0.21,-0.001907,0.1183,0.01717,0.17225,0.22372,0.74166,0.60846,-0.01527,0.005768,-0.009735,-1298843608,52
7,0,0,0,0,0,0,0,0,0,0,0,0,0,0,0
8,0.003418,0.9673,-0.1787,-0.08774,0.2136,-0.2308,0.50664,0.60683,0.46984,0.39284,0.002731,-0.01674,-0.0007172,-1298911589,126
9,0.01221,0.9868,-0.1221,-0.1793,0.103,0.06485,0.44814,0.51441,0.54699,0.48513,0.003357,-0.004959,0.005585,-1299454579,70
10,-0.007813,0.9648,-0.2271,-0.2251,0.001907,-0.09346,0.60134,0.74875,0.22186,0.16893,0.006058,-0.01062,-0.007339,-1299649104,68
11,0,0,0,0,0,0,0,0,0,0,0,0,0,0,0
12,-0.00293,0.96,-0.1636,0.351,0.08774,-0.1068,7.65,-34.5,-5.4,0.60698,0.7185,0.2594,0.2191,-1299115836,98
13,-0.01221,0.05176,1.012,0.3681,-0.206,-0.2098,0.88837,0.019935,0.016695,0.45839,-0.0008087,0.001038,0.01308,43939553,98
14,0,0,0,0,0,0,0,0,0,0,0,0,0,0,0
15,-0.03174,0.02979,1.037,0.2232,0.2651,0.09918,-36.45,27.6,36.45,0.89412,0.0197,0.002569,-0.4474,-1439293609,108
16,0,0,0,0,0,0,0,0,0,0,0,0,0,0,0
17,0,0,0,0,0,0,0,0,0,0,0,0,0,0,0
18,0,0,0,0,0,0,0,0,0,0,0,0,0,0,0
1,0,0,0,0,0,0,0,0,0,0,0,0,0,0,0
2,0.01318,0.9497,-0.2476,-0.2861,0.2117,0.2575,-0.15001,-39.9,14.1,0.072386,0.08426,-0.7871,-0.6067,-1299244436,66
3,0,0,0,0,0,0,0,0,0,0,0,0,0,0,0
4,0,0,0,0,0,0,0,0,0,0,0,0,0,0,0
5,-0.005859,0.9795,-0.1484,-0.2041,0.1965,0.001907,0.50958,0.59644,0.47211,0.40211,-0.004364,-0.008057,0.00882,-1299114993,68
6,0.006348,0.9741,-0.2124,0.05913,-0.003815,0.0782,0.17328,0.225,0.74132,0.60811,-0.01038,-0.005447,-0.01204,-1298763638,52
7,0,0,0,0,0,0,0,0,0,0,0,0,0,0,0
8,0.0009766,0.9653,-0.1748,0.1564,0.1526,-0.04768,0.50679,0.60693,0.46967,0.39269,0.0003662,-0.01871,0.003113,-1298821466,126
9,0.01123,0.9805,-0.1338,0.003815,0.04196,-0.05722,0.44813,0.51439,0.547,0.48516,0.002365,-0.01131,-0.00618,-1299374458,70
10,-0.02246,0.9697,-0.2129,-0.04196,-0.05913,-0.09346,0.6014,0.74879,0.22167,0.16878,-0.008591,-0.005753,0.006775,-1299619121,68
11,0,0,0,0,0,0,0,0,0,0,0,0,0,0,0
12,-0.01367,0.9629,-0.1553,-0.1984,0.08774,-0.1068,6,-34.35,-2.25,0.60699,0.7186,0.2593,0.2191,-1299065832,98
13,-0.01221,0.05176,1.012,0.3681,-0.206,-0.2098,0.88837,0.019935,0.016695,0.45839,-0.0008087,0.001038,0.01308,43939553,98
14,0,0,0,0,0,0,0,0,0,0,0,0,0,0,0
15,-0.03174,0.02979,1.037,0.2232,0.2651,0.09918,-36.45,27.6,36.45,0.89412,0.0197,0.002569,-0.4474,-1439293609,108
16,0,0,0,0,0,0,0,0,0,0,0,0,0,0,0
17,0,0,0,0,0,0,0,0,0,0,0,0,0,0,0
18,0,0,0,0,0,0,0,0,0,0,0,0,0,0,0
1,0,0,0,0,0,0,0,0,0,0,0,0,0,0,0
2,0.01318,0.9565,-0.249,-0.04196,-0.1545,0.1354,-1.5,-36.9,15.15,0.072381,0.08426,-0.7871,-0.6067,-1299201604,66
3,0,0,0,0,0,0,0,0,0,0,0,0,0,0,0
4,0,0,0,0,0,0,0,0,0,0,0,0,0,0,0
5,-0.0004883,0.9849,-0.1543,0.03052,-0.04768,-0.04768,0.5096,0.59643,0.47207,0.40216,0.0009308,-0.002701,0.002853,-1299035014,68
6,0.02051,0.9751,-0.1948,-0.001907,0.05722,0.01717,0.17317,0.2248,0.74139,0.60812,0.00386,-0.004456,0.005585,-1298694094,52
7,0,0,0,0,0,0,0,0,0,0,0,0,0,0,0
8,0,0.9639,-0.1729,0.03433,-0.09155,0.1354,0.50682,0.60703,0.46958,0.39261,-0.0006714,-0.02016,0.005142,-1298752050,126
9,0.004395,0.9731,-0.1431,0.1259,-0.01907,0.003815,0.4481,0.51438,0.54703,0.48516,-0.004456,-0.01863,-0.0154,-1299364611,70
10,-0.006836,0.9795,-0.2202,-0.103,0.001907,-0.09346,0.60134,0.74876,0.22183,0.16895,0.006958,0.004028,-0.0005188,-1299509493,68
11,0,0,0,0,0,0,0,0,0,0,0,0,0,0,0
12,0.002441,0.9736,-0.1582,0.1068,0.0267,0.1984,8.25,-35.1,-3,0.60673,0.7183,0.2602,0.2196,-1298956412,98
13,-0.01221,0.05176,1.012,0.3681,-0.206,-0.2098,0.88837,0.019935,0.016695,0.45839,-0.0008087,0.001038,0.01308,43939553,98
14,0,0,0,0,0,0,0,0,0,0,0,0,0,0,0
15,-0.03174,0.02979,1.037,0.2232,0.2651,0.09918,-36.45,27.6,36.45,0.89412,0.0197,0.002569,-0.4474,-1439293609,108
16,0,0,0,0,0,0,0,0,0,0,0,0,0,0,0
17,0,0,0,0,0,0,0,0,0,0,0,0,0,0,0
18,0,0,0,0,0,0,0,0,0,0,0,0,0,0,0
1,0,0,0,0,0,0,0,0,0,0,0,0,0,0,0
2,0.007813,0.9561,-0.2441,-0.164,-0.2155,0.2575,-2.85,-39,15.75,0.072882,0.0849,-0.787,-0.6067,-1299089597,66
3,0,0,0,0,0,0,0,0,0,0,0,0,0,0,0
4,0,0,0,0,0,0,0,0,0,0,0,0,0,0,0
5,-0.006348,0.981,-0.1533,-0.03052,-0.04768,0.1354,0.5096,0.59642,0.47218,0.40203,-0.004654,-0.006577,0.004028,-1298905544,68
6,0.003418,0.98,-0.1997,0.2422,0.05722,0.1392,0.17348,0.22523,0.74128,0.60801,-0.01326,0.0004272,0.0007477,-1298623534,52
7,0,0,0,0,0,0,0,0,0,0,0,0,0,0,0
8,-0.004395,0.957,-0.1709,0.03433,0.09155,0.1965,0.5067,0.60686,0.46979,0.39279,-0.005051,-0.02699,0.007065,-1298681568,126
9,0.008789,0.9858,-0.1172,0.1869,0.04196,-0.1793,0.44815,0.51444,0.54698,0.48511,-7.629e-05,-0.005936,0.01048,-1299332825,70
10,-0.02686,0.9795,-0.2217,0.01907,0.001907,0.08965,0.60128,0.74872,0.22208,0.169,-0.01286,0.004059,-0.001877,-1299289063,68
11,0,0,0,0,0,0,0,0,0,0,0,0,0,0,0
12,-0.005859,0.9746,-0.1685,-0.3204,-0.03433,0.1373,8.4,-34.5,-4.35,0.60661,0.7182,0.2605,0.2198,-1298885837,98
13,-0.01221,0.05176,1.012,0.3681,-0.206,-0.2098,0.88837,0.019935,0.016695,0.45839,-0.0008087,0.001038,0.01308,43939553,98
14,0,0,0,0,0,0,0,0,0,0,0,0,0,0,0
15,-0.03174,0.02979,1.037,0.2232,0.2651,0.09918,-36.45,27.6,36.45,0.89412,0.0197,0.002569,-0.4474,-1439293609,108
16,0,0,0,0,0,0,0,0,0,0,0,0,0,0,0
17,0,0,0,0,0,0,0,0,0,0,0,0,0,0,0
18,0,0,0,0,0,0,0,0,0,0,0,0,0,0,0
1,0,0,0,0,0,0,0,0,0,0,0,0,0,0,0
2,0.02002,0.9604,-0.2383,0.2022,0.08965,0.1354,-1.35,-39.6,14.4,0.072937,0.08499,-0.787,-0.6067,-1299076432,66
3,0,0,0,0,0,0,0,0,0,0,0,0,0,0,0
4,0,0,0,0,0,0,0,0,0,0,0,0,0,0,0
5,-0.0004883,0.9805,-0.1563,0.1526,-0.2918,0.01335,0.50962,0.59641,0.47221,0.40199,0.001328,-0.007065,0.001129,-1298863228,68
6,0.006348,0.9722,-0.2026,-0.001907,-0.1259,0.0782,0.1735,0.22534,0.74127,0.60798,-0.01042,-0.007355,-0.002106,-1298543509,52
7,0,0,0,0,0,0,0,0,0,0,0,0,0,0,0
8,-0.005371,0.9556,-0.1636,-0.08774,0.03052,0.07439,0.50664,0.60673,0.46988,0.39294,-0.006073,-0.02849,0.01425,-1298601593,126
9,0.01514,0.9824,-0.1338,-0.05722,-0.01907,0.1259,0.4484,0.51469,0.54675,0.48487,0.006348,-0.009338,-0.006088,-1299262794,70
10,-0.01855,0.9707,-0.2227,0.01907,0.06294,0.2117,0.60121,0.74881,0.22199,0.16898,-0.004684,-0.0047,-0.002655,-1299237051,68
11,0,0,0,0,0,0,0,0,0,0,0,0,0,0,0
12,0,0.9595,-0.1655,-0.01526,0.1488,-0.1678,7.95,-34.35,-3,0.60663,0.7182,0.2605,0.2198,-1298855804,98
13,-0.01221,0.05176,1.012,0.3681,-0.206,-0.2098,0.88837,0.019935,0.016695,0.45839,-0.0008087,0.001038,0.01308,43939553,98
14,0,0,0,0,0,0,0,0,0,0,0,0,0,0,0
15,-0.03174,0.02979,1.037,0.2232,0.2651,0.09918,-36.45,27.6,36.45,0.89412,0.0197,0.002569,-0.4474,-1439293609,108
16,0,0,0,0,0,0,0,0,0,0,0,0,0,0,0
17,0,0,0,0,0,0,0,0,0,0,0,0,0,0,0
18,0,0,0,0,0,0,0,0,0,0,0,0,0,0,0
1,0,0,0,0,0,0,0,0,0,0,0,0,0,0,0
2,0.004395,0.9536,-0.2412,-0.103,0.02861,-0.04768,-3,-39.9,15.6,0.073265,0.08535,-0.7869,-0.6067,-1298991559,66
3,0,0,0,0,0,0,0,0,0,0,0,0,0,0,0
4,0,0,0,0,0,0,0,0,0,0,0,0,0,0,0
5,0.00293,0.9692,-0.1606,-0.1526,0.01335,-0.04768,0.50962,0.59641,0.47221,0.402,0.004715,-0.0183,-0.003265,-1298805102,68
6,0.003906,0.9775,-0.1992,0.05913,-0.1869,-0.1659,0.17264,0.22421,0.74163,0.60821,-0.01276,-0.001984,0.001343,-1298461748,52
7,0,0,0,0,0,0,0,0,0,0,0,0,0,0,0
8,-0.003906,0.9678,-0.1777,0.1564,-0.03052,0.01335,0.50667,0.6068,0.46981,0.39289,-0.004639,-0.01628,0.0001221,-1298571579,126
9,0.01465,0.9844,-0.123,-0.1793,-0.08011,0.003815,0.44828,0.51467,0.54684,0.48489,0.005798,-0.00737,0.004807,-1299215198,70
10,-0.01855,0.9707,-0.2227,0.01907,0.06294,0.2117,0.60121,0.74881,0.22199,0.16898,-0.004684,-0.0047,-0.002655,-1299237051,68
11,0,0,0,0,0,0,0,0,0,0,0,0,0,0,0
12,0.01221,0.9614,-0.1587,-0.1984,0.1488,-0.1068,7.2,-33.6,-3,0.6065,0.7181,0.2609,0.2202,-1298815906,98
13,-0.01221,0.05176,1.012,0.3681,-0.206,-0.2098,0.88837,0.019935,0.016695,0.45839,-0.0008087,0.001038,0.01308,43939553,98
14,0,0,0,0,0,0,0,0,0,0,0,0,0,0,0
15,-0.03174,0.02979,1.037,0.2232,0.2651,0.09918,-36.45,27.6,36.45,0.89412,0.0197,0.002569,-0.4474,-1439293609,108
16,0,0,0,0,0,0,0,0,0,0,0,0,0,0,0
17,0,0,0,0,0,0,0,0,0,0,0,0,0,0,0
18,0,0,0,0,0,0,0,0,0,0,0,0,0,0,0
1,0,0,0,0,0,0,0,0,0,0,0,0,0,0,0
2,0.004395,0.9634,-0.252,-0.103,-0.03242,0.1965,-2.25,-38.7,15.9,0.073503,0.08564,-0.7868,-0.6068,-1298879601,66
3,0,0,0,0,0,0,0,0,0,0,0,0,0,0,0
4,0,0,0,0,0,0,0,0,0,0,0,0,0,0,0
5,0.007324,0.9766,-0.1465,0.03052,-0.1087,-0.04768,0.50963,0.59641,0.47215,0.40206,0.009003,-0.01099,0.01079,-1298755110,68
6,0.02002,0.9868,-0.2002,-0.124,-0.309,-0.1049,0.17316,0.22493,0.74146,0.60799,0.003296,0.007324,0.0005341,-1298360492,52
7,0,0,0,0,0,0,0,0,0,0,0,0,0,0,0
8,-0.00293,0.9702,-0.1738,-0.08774,0.03052,-0.1698,0.50642,0.60655,0.4701,0.39325,-0.003845,-0.01385,0.003952,-1298521583,126
9,0.005371,0.9785,-0.1289,0.1259,-0.2022,-0.1183,0.44826,0.51468,0.54685,0.4849,-0.003494,-0.01323,-0.001022,-1299204595,70
10,-0.01855,0.9707,-0.2227,0.01907,0.06294,0.2117,0.60121,0.74881,0.22199,0.16898,-0.004684,-0.0047,-0.002655,-1299237051,68
11,0,0,0,0,0,0,0,0,0,0,0,0,0,0,0
12,0.0009766,0.9663,-0.1558,0.1678,-0.1564,0.1984,7.2,-33.6,-3.45,0.60656,0.7181,0.2607,0.22,-1298786419,98
13,-0.01221,0.05176,1.012,0.3681,-0.206,-0.2098,0.88837,0.019935,0.016695,0.45839,-0.0008087,0.001038,0.01308,43939553,98
14,0,0,0,0,0,0,0,0,0,0,0,0,0,0,0
15,-0.03174,0.02979,1.037,0.2232,0.2651,0.09918,-36.45,27.6,36.45,0.89412,0.0197,0.002569,-0.4474,-1439293609,108
16,0,0,0,0,0,0,0,0,0,0,0,0,0,0,0
17,0,0,0,0,0,0,0,0,0,0,0,0,0,0,0
18,0,0,0,0,0,0,0,0,0,0,0,0,0,0,0
1,0,0,0,0,0,0,0,0,0,0,0,0,0,0,0
2,0.01758,0.9463,-0.2515,0.08011,0.02861,0.01335,-0.3,-38.25,13.95,0.073603,0.08566,-0.7868,-0.6068,-1298838416,66
3,0,0,0,0,0,0,0,0,0,0,0,0,0,0,0
4,0,0,0,0,0,0,0,0,0,0,0,0,0,0,0
5,0.007324,0.9766,-0.1465,0.03052,-0.1087,-0.04768,0.50963,0.59641,0.47215,0.40206,0.009003,-0.01099,0.01079,-1298755110,68
6,0.002441,0.9692,-0.1968,-0.06294,0.05722,0.2003,0.17364,0.22557,0.74124,0.60789,-0.01437,-0.01027,0.003876,-1298280465,52
7,0,0,0,0,0,0,0,0,0,0,0,0,0,0,0
8,0.007324,0.9502,-0.166,-0.08774,0.03052,0.01335,0.50671,0.60689,0.46968,0.39284,0.0065,-0.03386,0.01183,-1298401709,126
9,0.01611,0.9956,-0.1382,-0.1183,-0.2022,0.06485,0.44804,0.51448,0.54707,0.48506,0.007233,0.003876,-0.01024,-1299164474,70
10,-0.006836,0.9702,-0.2207,0.01907,-0.1202,0.08965,0.60124,0.74883,0.22185,0.16895,0.006927,-0.005203,-0.0007629,-1299149155,68
11,0,0,0,0,0,0,0,0,0,0,0,0,0,0,0
12,-0.006836,0.959,-0.1592,0.1068,-0.2174,0.07629,7.65,-34.95,-4.35,0.60656,0.7181,0.2608,0.2201,-1298755875,98
13,-0.01221,0.05176,1.012,0.3681,-0.206,-0.2098,0.88837,0.019935,0.016695,0.45839,-0.0008087,0.001038,0.01308,43939553,98
14,0,0,0,0,0,0,0,0,0,0,0,0,0,0,0
15,-0.03174,0.02979,1.037,0.2232,0.2651,0.09918,-36.45,27.6,36.45,0.89412,0.0197,0.002569,-0.4474,-1439293609,108
16,0,0,0,0,0,0,0,0,0,0,0,0,0,0,0
17,0,0,0,0,0,0,0,0,0,0,0,0,0,0,0
18,0,0,0,0,0,0,0,0,0,0,0,0,0,0,0
1,0,0,0,0,0,0,0,0,0,0,0,0,0,0,0
2,0.00293,0.9404,-0.2573,0.08011,-0.03242,0.01335,-1.65,-38.55,14.4,0.073472,0.08535,-0.7868,-0.6068,-1298739491,66
3,0,0,0,0,0,0,0,0,0,0,0,0,0,0,0
4,0,0,0,0,0,0,0,0,0,0,0,0,0,0,0
5,-0.007813,0.9795,-0.1455,-0.2136,-0.1698,-0.04768,0.50958,0.59644,0.47216,0.40205,-0.006195,-0.008041,0.01186,-1298725092,68
6,0.01855,0.9912,-0.1943,0.1812,-0.1259,-0.1659,0.17384,0.22574,0.74121,0.6078,0.001846,0.01172,0.006393,-1298180934,52
7,0,0,0,0,0,0,0,0,0,0,0,0,0,0,0
8,0.0009766,0.9658,-0.1763,-0.1488,-0.03052,-0.04768,0.50677,0.60699,0.46954,0.39278,6.104e-05,-0.01823,0.001572,-1298351741,126
9,0.008789,0.9751,-0.1362,0.309,0.04196,0.003815,0.44854,0.51492,0.54668,0.48456,0.0001831,-0.01663,-0.008209,-1299074641,70
10,-0.01563,0.9756,-0.2109,-0.04196,-0.1812,-0.09346,0.60141,0.74892,0.22136,0.16862,-0.001938,0.0001373,0.00882,-1299027214,68
11,0,0,0,0,0,0,0,0,0,0,0,0,0,0,0
12,-0.002441,0.9731,-0.1631,0.04578,-0.2174,-0.1678,5.7,-32.85,-3,0.60677,0.7183,0.2602,0.2196,-1298695787,98
13,-0.01221,0.05176,1.012,0.3681,-0.206,-0.2098,0.88837,0.019935,0.016695,0.45839,-0.0008087,0.001038,0.01308,43939553,98
14,0,0,0,0,0,0,0,0,0,0,0,0,0,0,0
15,-0.03174,0.02979,1.037,0.2232,0.2651,0.09918,-36.45,27.6,36.45,0.89412,0.0197,0.002569,-0.4474,-1439293609,108
16,0,0,0,0,0,0,0,0,0,0,0,0,0,0,0
17,0,0,0,0,0,0,0,0,0,0,0,0,0,0,0
18,0,0,0,0,0,0,0,0,0,0,0,0,0,0,0
1,0,0,0,0,0,0,0,0,0,0,0,0,0,0,0
2,0.01855,0.9673,-0.248,0.2022,0.1507,0.1965,-1.2,-37.65,15.6,0.073832,0.0858,-0.7868,-0.6068,-1298656430,66
3,0,0,0,0,0,0,0,0,0,0,0,0,0,0,0
4,0,0,0,0,0,0,0,0,0,0,0,0,0,0,0
5,0,0.9717,-0.1606,0.2136,0.01335,-0.1087,0.50958,0.59644,0.47221,0.402,0.001724,-0.01584,-0.003189,-1298684981,68
6,0.01172,0.9717,-0.2012,0.2422,-0.06485,-0.1049,0.17486,0.22689,0.74091,0.60745,-0.004822,-0.007782,-0.0003052,-1298070469,52
7,0,0,0,0,0,0,0,0,0,0,0,0,0,0,0
8,-0.001465,0.9746,-0.1792,-0.08774,0.1526,0.01335,0.50696,0.60727,0.46922,0.39248,-0.002396,-0.00943,-0.001312,-1298292202,126
9,0.001465,0.9839,-0.1274,-0.1793,0.103,0.06485,0.4488,0.51521,0.54641,0.48433,-0.007126,-0.007843,0.0005798,-1298974603,70
10,-0.01318,0.9644,-0.2183,0.1411,0.3071,0.08965,0.6016,0.74922,0.22038,0.16786,0.0004578,-0.01108,0.001556,-1298899034,68
11,0,0,0,0,0,0,0,0,0,0,0,0,0,0,0
12,-0.0004883,0.9653,-0.1689,0.1678,-0.2174,0.1373,7.65,-33.75,-2.1,0.60677,0.7184,0.2601,0.2195,-1298635945,98
13,-0.01221,0.05176,1.012,0.3681,-0.206,-0.2098,0.88837,0.019935,0.016695,0.45839,-0.0008087,0.001038,0.01308,43939553,98
14,0,0,0,0,0,0,0,0,0,0,0,0,0,0,0
15,-0.03174,0.02979,1.037,0.2232,0.2651,0.09918,-36.45,27.6,36.45,0.89412,0.0197,0.002569,-0.4474,-1439293609,108
16,0,0,0,0,0,0,0,0,0,0,0,0,0,0,0
17,0,0,0,0,0,0,0,0,0,0,0,0,0,0,0
18,0,0,0,0,0,0,0,0,0,0,0,0,0,0,0
1,0,0,0,0,0,0,0,0,0,0,0,0,0,0,0
2,-0.0004883,0.9492,-0.2451,0.3281,-0.02098,0.001907,-0.3,-37.8,15.75,0.073914,0.08588,-0.7867,-0.6068,-1298628430,66
3,0,0,0,0,0,0,0,0,0,0,0,0,0,0,0
4,0,0,0,0,0,0,0,0,0,0,0,0,0,0,0
5,-0.004395,0.978,-0.1543,-0.09155,-0.1087,0.3185,0.5096,0.59642,0.47219,0.40201,-0.002655,-0.009506,0.003098,-1298655597,68
6,0.01514,0.9722,-0.1963,-0.185,0.1183,0.01717,0.17614,0.22868,0.74038,0.60706,-0.001678,-0.007278,0.004623,-1297990455,52
7,0,0,0,0,0,0,0,0,0,0,0,0,0,0,0
8,-0.004883,0.9658,-0.1719,0.04768,-0.2823,-0.1106,0.50675,0.60696,0.46957,0.39281,-0.005814,-0.01823,0.005936,-1298181600,126
9,0.01514,0.9834,-0.1323,-0.05722,-0.08011,0.06485,0.44914,0.51558,0.54599,0.48409,0.006424,-0.008347,-0.004471,-1298842732,70
